Part_ID,Value,LCSC,LCSC_Type,MPN,Manufacturer,Series,Package,Tolerance,Power,Voltage,Dielectric,Current,Isat,DCR,TempCo,Value_Series,Standard,Use_Case,Symbol,Footprint,Datasheet,LCSC_URL,Description,Keywords,Stock,Unit_Price_USD
C 10pF 0201 50V C0G 5% Samsung,10pF,C2991796,Extended,CL03C100JB3GNNC,Samsung Electro-Mechanics,Samsung CL,0201,5%,,50V,C0G,,,,,E24,Pre-Flight,General Purpose,Device:C,Capacitor_SMD:C_0201_0603Metric,https://wmsc.lcsc.com/wmsc/upload/file/pdf/v2/lcsc/2204111200_Samsung-Electro-Mechanics-CL03C100JB3GNNC_C2991796.pdf,https://www.lcsc.com/product-detail/multilayer-ceramic-capacitors-mlcc-smd-smt_samsung-electro-mechanics-cl03c100jb3gnnc_C2991796.html,"Capacitor 10pF 5% 50V C0G 0201 Multilayer Ceramic Capacitors (CL Series), Samsung Electro-Mechanics CL03C100JB3GNNC (Pre-Flight, LCSC Extended)",capacitor 10pF 0201 samsung electro-mechanics samsung cl pre-flight general purpose,7535,0.0171
C 33pF 0201 25V C0G 5% Samsung,33pF,C377744,Extended,CL03C330JA3NNNC,Samsung Electro-Mechanics,Samsung CL,0201,5%,,25V,C0G,,,,,E24,Pre-Flight,General Purpose,Device:C,Capacitor_SMD:C_0201_0603Metric,https://wmsc.lcsc.com/wmsc/upload/file/pdf/v2/lcsc/2304140030_Samsung-Electro-Mechanics-CL03C330JA3NNNC_C377744.pdf,https://www.lcsc.com/product-detail/multilayer-ceramic-capacitors-mlcc-smd-smt_samsung-electro-mechanics-cl03c330ja3nnnc_C377744.html,"Capacitor 33pF 5% 25V C0G 0201 Multilayer Ceramic Capacitors (CL Series), Samsung Electro-Mechanics CL03C330JA3NNNC (Pre-Flight, LCSC Extended)",capacitor 33pF 0201 samsung electro-mechanics samsung cl pre-flight general purpose,9166,0.0046
C 1nF 0201 16V X7R 10% Samsung,1nF,C318552,Extended,CL03B102KO3NNNC,Samsung Electro-Mechanics,Samsung CL,0201,10%,,16V,X7R,,,,,E24,Pre-Flight,General Purpose,Device:C,Capacitor_SMD:C_0201_0603Metric,https://wmsc.lcsc.com/wmsc/upload/file/pdf/v2/lcsc/2304140030_Samsung-Electro-Mechanics-CL03B102KO3NNNC_C318552.pdf,https://www.lcsc.com/product-detail/multilayer-ceramic-capacitors-mlcc-smd-smt_samsung-electro-mechanics-cl03b102ko3nnnc_C318552.html,"Capacitor 1nF 10% 16V X7R 0201 Multilayer Ceramic Capacitors (CL Series), Samsung Electro-Mechanics CL03B102KO3NNNC (Pre-Flight, LCSC Extended)",capacitor 1nF 0201 samsung electro-mechanics samsung cl pre-flight general purpose,8798,0.0073
C 1nF 0201 25V X7R 10% Samsung,1nF,C307390,Extended,CL03B102KA3NNNC,Samsung Electro-Mechanics,Samsung CL,0201,10%,,25V,X7R,,,,,E24,Pre-Flight,General Purpose,Device:C,Capacitor_SMD:C_0201_0603Metric,https://wmsc.lcsc.com/wmsc/upload/file/pdf/v2/lcsc/2304140030_Samsung-Electro-Mechanics-CL03B102KA3NNNC_C307390.pdf,https://www.lcsc.com/product-detail/multilayer-ceramic-capacitors-mlcc-smd-smt_samsung-electro-mechanics-cl03b102ka3nnnc_C307390.html,"Capacitor 1nF 10% 25V X7R 0201 Multilayer Ceramic Capacitors (CL Series), Samsung Electro-Mechanics CL03B102KA3NNNC (Pre-Flight, LCSC Extended)",capacitor 1nF 0201 samsung electro-mechanics samsung cl pre-flight general purpose,34788,0.0069
C 2.2nF 0201 25V X7R 10% Samsung,2.2nF,C16192843,Extended,CL03B222KASVPNC,Samsung Electro-Mechanics,Samsung CL,0201,10%,,25V,X7R,,,,,E24,Pre-Flight,General Purpose,Device:C,Capacitor_SMD:C_0201_0603Metric,https://www.lcsc.com/datasheet/C1705.pdf,https://www.lcsc.com/product-detail/multilayer-ceramic-capacitors-mlcc-smd-smt_samsung-electro-mechanics-cl03b222kasvpnc_C16192843.html,"Capacitor 2.2nF 10% 25V X7R 0201 Multilayer Ceramic Capacitors (CL Series), Samsung Electro-Mechanics CL03B222KASVPNC (Pre-Flight, LCSC Extended)",capacitor 2.2nF 0201 samsung electro-mechanics samsung cl pre-flight general purpose,10056,0.0342
C 6.8nF 0201 10V X7R 10% Samsung,6.8nF,C307394,Extended,CL03B682KP3NNNC,Samsung Electro-Mechanics,Samsung CL,0201,10%,,10V,X7R,,,,,E24,Pre-Flight,General Purpose,Device:C,Capacitor_SMD:C_0201_0603Metric,https://wmsc.lcsc.com/wmsc/upload/file/pdf/v2/lcsc/2304140030_Samsung-Electro-Mechanics-CL03B682KP3NNNC_C307394.pdf,https://www.lcsc.com/product-detail/multilayer-ceramic-capacitors-mlcc-smd-smt_samsung-electro-mechanics-cl03b682kp3nnnc_C307394.html,"Capacitor 6.8nF 10% 10V X7R 0201 Multilayer Ceramic Capacitors (CL Series), Samsung Electro-Mechanics CL03B682KP3NNNC (Pre-Flight, LCSC Extended)",capacitor 6.8nF 0201 samsung electro-mechanics samsung cl pre-flight general purpose,1945,0.0021
C 10nF 0201 10V X5R 10% Samsung,10nF,C318549,Extended,CL03A103KP3NNNC,Samsung Electro-Mechanics,Samsung CL,0201,10%,,10V,X5R,,,,,E24,Pre-Flight,General Purpose,Device:C,Capacitor_SMD:C_0201_0603Metric,https://wmsc.lcsc.com/wmsc/upload/file/pdf/v2/lcsc/2304140030_Samsung-Electro-Mechanics-CL03A103KP3NNNC_C318549.pdf,https://www.lcsc.com/product-detail/multilayer-ceramic-capacitors-mlcc-smd-smt_samsung-electro-mechanics-cl03a103kp3nnnc_C318549.html,"Capacitor 10nF 10% 10V X5R 0201 Multilayer Ceramic Capacitors (CL Series), Samsung Electro-Mechanics CL03A103KP3NNNC (Pre-Flight, LCSC Extended)",capacitor 10nF 0201 samsung electro-mechanics samsung cl pre-flight general purpose,15344,0.0036
C 10nF 0201 10V X7R 10% Samsung,10nF,C87461,Extended,CL03B103KP3NNNC,Samsung Electro-Mechanics,Samsung CL,0201,10%,,10V,X7R,,,,,E24,Pre-Flight,General Purpose,Device:C,Capacitor_SMD:C_0201_0603Metric,https://www.lcsc.com/datasheet/C1705.pdf,https://www.lcsc.com/product-detail/C87461.html,"Capacitor 10nF 10% 10V X7R 0201 Multilayer Ceramic Capacitors (CL Series), Samsung Electro-Mechanics CL03B103KP3NNNC (Pre-Flight, LCSC Extended)",capacitor 10nF 0201 samsung electro-mechanics samsung cl pre-flight general purpose,170745,0.0123
C 10nF 0201 25V X5R 10% Samsung,10nF,C377732,Extended,CL03A103KA3NNNC,Samsung Electro-Mechanics,Samsung CL,0201,10%,,25V,X5R,,,,,E24,Pre-Flight,General Purpose,Device:C,Capacitor_SMD:C_0201_0603Metric,https://wmsc.lcsc.com/wmsc/upload/file/pdf/v2/lcsc/2304140030_Samsung-Electro-Mechanics-CL03A103KA3NNNC_C377732.pdf,https://www.lcsc.com/product-detail/multilayer-ceramic-capacitors-mlcc-smd-smt_samsung-electro-mechanics-cl03a103ka3nnnc_C377732.html,"Capacitor 10nF 10% 25V X5R 0201 Multilayer Ceramic Capacitors (CL Series), Samsung Electro-Mechanics CL03A103KA3NNNC (Pre-Flight, LCSC Extended)",capacitor 10nF 0201 samsung electro-mechanics samsung cl pre-flight general purpose,9329,0.0127
C 100nF 0201 10V X5R 10% Samsung,100nF,C49062,Extended,CL03A104KP3NNNC,Samsung Electro-Mechanics,Samsung CL,0201,10%,,10V,X5R,,,,,E24,Pre-Flight,General Purpose,Device:C,Capacitor_SMD:C_0201_0603Metric,https://www.lcsc.com/datasheet/lcsc_datasheet_2304140030_Samsung-Electro-Mechanics-CL03A104KP3NNNC_C49062.pdf,https://www.lcsc.com/product-detail/multilayer-ceramic-capacitors-mlcc-smd-smt_samsung-electro-mechanics-cl03a104kp3nnnc_C49062.html,"Capacitor 100nF 10% 10V X5R 0201 Multilayer Ceramic Capacitors (CL Series), Samsung Electro-Mechanics CL03A104KP3NNNC (Pre-Flight, LCSC Extended)",capacitor 100nF 0201 samsung electro-mechanics samsung cl pre-flight general purpose,469112,0.0042
C 100nF 0201 16V X5R 10% Samsung,100nF,C307380,Extended,CL03A104KO3NNNC,Samsung Electro-Mechanics,Samsung CL,0201,10%,,16V,X5R,,,,,E24,Pre-Flight,General Purpose,Device:C,Capacitor_SMD:C_0201_0603Metric,https://wmsc.lcsc.com/wmsc/upload/file/pdf/v2/lcsc/2304140030_Samsung-Electro-Mechanics-CL03A104KO3NNNC_C307380.pdf,https://www.lcsc.com/product-detail/multilayer-ceramic-capacitors-mlcc-smd-smt_samsung-electro-mechanics-cl03a104ko3nnnc_C307380.html,"Capacitor 100nF 10% 16V X5R 0201 Multilayer Ceramic Capacitors (CL Series), Samsung Electro-Mechanics CL03A104KO3NNNC (Pre-Flight, LCSC Extended)",capacitor 100nF 0201 samsung electro-mechanics samsung cl pre-flight general purpose,1164306,0.0061
C 100nF 0201 25V X5R 10% Samsung,100nF,C307379,Extended,CL03A104KA3NNNC,Samsung Electro-Mechanics,Samsung CL,0201,10%,,25V,X5R,,,,,E24,Pre-Flight,General Purpose,Device:C,Capacitor_SMD:C_0201_0603Metric,https://wmsc.lcsc.com/wmsc/upload/file/pdf/v2/lcsc/2304140030_Samsung-Electro-Mechanics-CL03A104KA3NNNC_C307379.pdf,https://www.lcsc.com/product-detail/multilayer-ceramic-capacitors-mlcc-smd-smt_samsung-electro-mechanics-cl03a104ka3nnnc_C307379.html,"Capacitor 100nF 10% 25V X5R 0201 Multilayer Ceramic Capacitors (CL Series), Samsung Electro-Mechanics CL03A104KA3NNNC (Pre-Flight, LCSC Extended)",capacitor 100nF 0201 samsung electro-mechanics samsung cl pre-flight general purpose,20195,0.0059
C 100nF 0201 6.3V X5R 10% Samsung,100nF,C160831,Extended,CL03A104KQ3NNNC,Samsung Electro-Mechanics,Samsung CL,0201,10%,,6.3V,X5R,,,,,E24,Pre-Flight,General Purpose,Device:C,Capacitor_SMD:C_0201_0603Metric,https://www.lcsc.com/datasheet/lcsc_datasheet_2304140030_Samsung-Electro-Mechanics-CL03A104KQ3NNNC_C160831.pdf,https://www.lcsc.com/product-detail/multilayer-ceramic-capacitors-mlcc-smd-smt_samsung-electro-mechanics-cl03a104kq3nnnc_C160831.html,"Capacitor 100nF 10% 6.3V X5R 0201 Multilayer Ceramic Capacitors (CL Series), Samsung Electro-Mechanics CL03A104KQ3NNNC (Pre-Flight, LCSC Extended)",capacitor 100nF 0201 samsung electro-mechanics samsung cl pre-flight general purpose,769852,0.0044
C 100nF 0201 6.3V X7S 10% Samsung,100nF,C5139511,Extended,CL03Y104KQSVPNC,Samsung Electro-Mechanics,Samsung CL,0201,10%,,6.3V,X7S,,,,,E24,Pre-Flight,General Purpose,Device:C,Capacitor_SMD:C_0201_0603Metric,https://www.lcsc.com/datasheet/C1705.pdf,https://www.lcsc.com/product-detail/multilayer-ceramic-capacitors-mlcc-smd-smt_samsung-electro-mechanics-cl03y104kqsvpnc_C5139511.html,"Capacitor 100nF 10% 6.3V X7S 0201 Multilayer Ceramic Capacitors (CL Series), Samsung Electro-Mechanics CL03Y104KQSVPNC (Pre-Flight, LCSC Extended)",capacitor 100nF 0201 samsung electro-mechanics samsung cl pre-flight general purpose,8890,0.0143
C 220nF 0201 10V X5R 10% Samsung,220nF,C307386,Extended,CL03A224KP3NNNC,Samsung Electro-Mechanics,Samsung CL,0201,10%,,10V,X5R,,,,,E24,Pre-Flight,General Purpose,Device:C,Capacitor_SMD:C_0201_0603Metric,https://wmsc.lcsc.com/wmsc/upload/file/pdf/v2/lcsc/2309061404_Samsung-Electro-Mechanics-CL03A224KP3NNNC_C307386.pdf,https://www.lcsc.com/product-detail/multilayer-ceramic-capacitors-mlcc-smd-smt_samsung-electro-mechanics-cl03a224kp3nnnc_C307386.html,"Capacitor 220nF 10% 10V X5R 0201 Multilayer Ceramic Capacitors (CL Series), Samsung Electro-Mechanics CL03A224KP3NNNC (Pre-Flight, LCSC Extended)",capacitor 220nF 0201 samsung electro-mechanics samsung cl pre-flight general purpose,7957,0.012
C 220nF 0201 6.3V X5R 10% Samsung,220nF,C318546,Extended,CL03A224KQ3NNNC,Samsung Electro-Mechanics,Samsung CL,0201,10%,,6.3V,X5R,,,,,E24,Pre-Flight,General Purpose,Device:C,Capacitor_SMD:C_0201_0603Metric,https://wmsc.lcsc.com/wmsc/upload/file/pdf/v2/lcsc/2304140030_Samsung-Electro-Mechanics-CL03A224KQ3NNNC_C318546.pdf,https://www.lcsc.com/product-detail/multilayer-ceramic-capacitors-mlcc-smd-smt_samsung-electro-mechanics-cl03a224kq3nnnc_C318546.html,"Capacitor 220nF 10% 6.3V X5R 0201 Multilayer Ceramic Capacitors (CL Series), Samsung Electro-Mechanics CL03A224KQ3NNNC (Pre-Flight, LCSC Extended)",capacitor 220nF 0201 samsung electro-mechanics samsung cl pre-flight general purpose,15186,0.0092
C 220nF 0201 4V X6S 20% Samsung,220nF,C730421,Extended,CL03X224MR3NNNC,Samsung Electro-Mechanics,Samsung CL,0201,20%,,4V,X6S,,,,,E24,Pre-Flight,General Purpose,Device:C,Capacitor_SMD:C_0201_0603Metric,https://wmsc.lcsc.com/wmsc/upload/file/pdf/v2/lcsc/2304140030_Samsung-Electro-Mechanics-CL03X224MR3NNNC_C730421.pdf,https://www.lcsc.com/product-detail/multilayer-ceramic-capacitors-mlcc-smd-smt_samsung-electro-mechanics-cl03x224mr3nnnc_C730421.html,"Capacitor 220nF 20% 4V X6S 0201 Multilayer Ceramic Capacitors (CL Series), Samsung Electro-Mechanics CL03X224MR3NNNC (Pre-Flight, LCSC Extended)",capacitor 220nF 0201 samsung electro-mechanics samsung cl pre-flight general purpose,8420,0.007
C 220nF 0201 6.3V X5R 20% Samsung,220nF,C34696,Extended,CL03A224MQ3NNNC,Samsung Electro-Mechanics,Samsung CL,0201,20%,,6.3V,X5R,,,,,E24,Pre-Flight,General Purpose,Device:C,Capacitor_SMD:C_0201_0603Metric,https://www.lcsc.com/datasheet/lcsc_datasheet_2304140030_Samsung-Electro-Mechanics-CL03A224MQ3NNNC_C34696.pdf,https://www.lcsc.com/product-detail/multilayer-ceramic-capacitors-mlcc-smd-smt_samsung-electro-mechanics-cl03a224mq3nnnc_C34696.html,"Capacitor 220nF 20% 6.3V X5R 0201 Multilayer Ceramic Capacitors (CL Series), Samsung Electro-Mechanics CL03A224MQ3NNNC (Pre-Flight, LCSC Extended)",capacitor 220nF 0201 samsung electro-mechanics samsung cl pre-flight general purpose,67630,0.0062
C 470nF 0201 6.3V X5R 10% Samsung,470nF,C318543,Extended,CL03A474KQ3NNNC,Samsung Electro-Mechanics,Samsung CL,0201,10%,,6.3V,X5R,,,,,E24,Pre-Flight,General Purpose,Device:C,Capacitor_SMD:C_0201_0603Metric,https://www.lcsc.com/datasheet/lcsc_datasheet_2304140030_Samsung-Electro-Mechanics-CL03A474KQ3NNNC_C318543.pdf,https://www.lcsc.com/product-detail/multilayer-ceramic-capacitors-mlcc-smd-smt_samsung-electro-mechanics-cl03a474kq3nnnc_C318543.html,"Capacitor 470nF 10% 6.3V X5R 0201 Multilayer Ceramic Capacitors (CL Series), Samsung Electro-Mechanics CL03A474KQ3NNNC (Pre-Flight, LCSC Extended)",capacitor 470nF 0201 samsung electro-mechanics samsung cl pre-flight general purpose,36476,0.0122
C 470nF 0201 6.3V X5R 20% Samsung,470nF,C159817,Extended,CL03A474MQ3NNNC,Samsung Electro-Mechanics,Samsung CL,0201,20%,,6.3V,X5R,,,,,E24,Pre-Flight,General Purpose,Device:C,Capacitor_SMD:C_0201_0603Metric,https://www.lcsc.com/datasheet/lcsc_datasheet_2304140030_Samsung-Electro-Mechanics-CL03A474MQ3NNNC_C159817.pdf,https://www.lcsc.com/product-detail/multilayer-ceramic-capacitors-mlcc-smd-smt_samsung-electro-mechanics-cl03a474mq3nnnc_C159817.html,"Capacitor 470nF 20% 6.3V X5R 0201 Multilayer Ceramic Capacitors (CL Series), Samsung Electro-Mechanics CL03A474MQ3NNNC (Pre-Flight, LCSC Extended)",capacitor 470nF 0201 samsung electro-mechanics samsung cl pre-flight general purpose,13819,0.0057
C 1uF 0201 10V X5R 10% Samsung,1uF,C5209398,Extended,CL03A105KP3NSNC,Samsung Electro-Mechanics,Samsung CL,0201,10%,,10V,X5R,,,,,E24,Pre-Flight,General Purpose,Device:C,Capacitor_SMD:C_0201_0603Metric,https://wmsc.lcsc.com/wmsc/upload/file/pdf/v2/lcsc/2309061403_Samsung-Electro-Mechanics-CL03A105KP3NSNC_C5209398.pdf,https://www.lcsc.com/product-detail/multilayer-ceramic-capacitors-mlcc-smd-smt_samsung-electro-mechanics-cl03a105kp3nsnc_C5209398.html,"Capacitor 1uF 10% 10V X5R 0201 Multilayer Ceramic Capacitors (CL Series), Samsung Electro-Mechanics CL03A105KP3NSNC (Pre-Flight, LCSC Extended)",capacitor 1uF 0201 samsung electro-mechanics samsung cl pre-flight general purpose,74518,0.0757
C 1uF 0201 6.3V X5R 10% Samsung,1uF,C318541,Extended,CL03A105KQ3CSNC,Samsung Electro-Mechanics,Samsung CL,0201,10%,,6.3V,X5R,,,,,E24,Pre-Flight,General Purpose,Device:C,Capacitor_SMD:C_0201_0603Metric,https://wmsc.lcsc.com/wmsc/upload/file/pdf/v2/lcsc/2304140030_Samsung-Electro-Mechanics-CL03A105KQ3CSNC_C318541.pdf,https://www.lcsc.com/product-detail/multilayer-ceramic-capacitors-mlcc-smd-smt_samsung-electro-mechanics-cl03a105kq3csnc_C318541.html,"Capacitor 1uF 10% 6.3V X5R 0201 Multilayer Ceramic Capacitors (CL Series), Samsung Electro-Mechanics CL03A105KQ3CSNC (Pre-Flight, LCSC Extended)",capacitor 1uF 0201 samsung electro-mechanics samsung cl pre-flight general purpose,29632,0.0165
C 1uF 0201 10V X5R 20% Samsung,1uF,C170153,Extended,CL03A105MP3NSNC,Samsung Electro-Mechanics,Samsung CL,0201,20%,,10V,X5R,,,,,E24,Pre-Flight,General Purpose,Device:C,Capacitor_SMD:C_0201_0603Metric,https://www.lcsc.com/datasheet/lcsc_datasheet_2304140030_Samsung-Electro-Mechanics-CL03A105MP3NSNC_C170153.pdf,https://www.lcsc.com/product-detail/multilayer-ceramic-capacitors-mlcc-smd-smt_samsung-electro-mechanics-cl03a105mp3nsnc_C170153.html,"Capacitor 1uF 20% 10V X5R 0201 Multilayer Ceramic Capacitors (CL Series), Samsung Electro-Mechanics CL03A105MP3NSNC (Pre-Flight, LCSC Extended)",capacitor 1uF 0201 samsung electro-mechanics samsung cl pre-flight general purpose,531482,0.0154
C 1uF 0201 16V X5R 20% Samsung,1uF,C307385,Extended,CL03A105MO3NRNH,Samsung Electro-Mechanics,Samsung CL,0201,20%,,16V,X5R,,,,,E24,Pre-Flight,General Purpose,Device:C,Capacitor_SMD:C_0201_0603Metric,https://wmsc.lcsc.com/wmsc/upload/file/pdf/v2/lcsc/2304140030_Samsung-Electro-Mechanics-CL03A105MO3NRNH_C307385.pdf,https://www.lcsc.com/product-detail/multilayer-ceramic-capacitors-mlcc-smd-smt_samsung-electro-mechanics-cl03a105mo3nrnh_C307385.html,"Capacitor 1uF 20% 16V X5R 0201 Multilayer Ceramic Capacitors (CL Series), Samsung Electro-Mechanics CL03A105MO3NRNH (Pre-Flight, LCSC Extended)",capacitor 1uF 0201 samsung electro-mechanics samsung cl pre-flight general purpose,453870,0.0171
C 1uF 0201 6.3V X5R 20% Samsung,1uF,C53067,Extended,CL03A105MQ3CSNH,Samsung Electro-Mechanics,Samsung CL,0201,20%,,6.3V,X5R,,,,,E24,Pre-Flight,General Purpose,Device:C,Capacitor_SMD:C_0201_0603Metric,https://www.lcsc.com/datasheet/lcsc_datasheet_2304140030_Samsung-Electro-Mechanics-CL03A105MQ3CSNH_C53067.pdf,https://www.lcsc.com/product-detail/multilayer-ceramic-capacitors-mlcc-smd-smt_samsung-electro-mechanics-cl03a105mq3csnh_C53067.html,"Capacitor 1uF 20% 6.3V X5R 0201 Multilayer Ceramic Capacitors (CL Series), Samsung Electro-Mechanics CL03A105MQ3CSNH (Pre-Flight, LCSC Extended)",capacitor 1uF 0201 samsung electro-mechanics samsung cl pre-flight general purpose,1731908,0.0051
C 2.2uF 0201 10V X5R 20% Samsung,2.2uF,C318539,Extended,CL03A225MP3CRNC,Samsung Electro-Mechanics,Samsung CL,0201,20%,,10V,X5R,,,,,E24,Pre-Flight,General Purpose,Device:C,Capacitor_SMD:C_0201_0603Metric,https://www.lcsc.com/datasheet/lcsc_datasheet_2007201008_Samsung-Electro-Mechanics-CL03A225MP3CRNC_C318539.pdf,https://www.lcsc.com/product-detail/multilayer-ceramic-capacitors-mlcc-smd-smt_samsung-electro-mechanics-cl03a225mp3crnc_C318539.html,"Capacitor 2.2uF 20% 10V X5R 0201 Multilayer Ceramic Capacitors (CL Series), Samsung Electro-Mechanics CL03A225MP3CRNC (Pre-Flight, LCSC Extended)",capacitor 2.2uF 0201 samsung electro-mechanics samsung cl pre-flight general purpose,266002,0.0179
C 2.2uF 0201 6.3V X5R 20% Samsung,2.2uF,C77762,Extended,CL03A225MQ3CRNC,Samsung Electro-Mechanics,Samsung CL,0201,20%,,6.3V,X5R,,,,,E24,Pre-Flight,General Purpose,Device:C,Capacitor_SMD:C_0201_0603Metric,https://www.lcsc.com/datasheet/lcsc_datasheet_1811071223_Samsung-Electro-Mechanics-CL03A225MQ3CRNC_C77762.pdf,https://www.lcsc.com/product-detail/multilayer-ceramic-capacitors-mlcc-smd-smt_samsung-electro-mechanics-cl03a225mq3crnc_C77762.html,"Capacitor 2.2uF 20% 6.3V X5R 0201 Multilayer Ceramic Capacitors (CL Series), Samsung Electro-Mechanics CL03A225MQ3CRNC (Pre-Flight, LCSC Extended)",capacitor 2.2uF 0201 samsung electro-mechanics samsung cl pre-flight general purpose,165845,0.017
C 3uF 0201 6.3V X5R 20% Samsung,3uF,C514591,Extended,CL03A305MQ37RNZ,Samsung Electro-Mechanics,Samsung CL,0201,20%,,6.3V,X5R,,,,,E24,Pre-Flight,General Purpose,Device:C,Capacitor_SMD:C_0201_0603Metric,https://wmsc.lcsc.com/wmsc/upload/file/pdf/v2/lcsc/2304140030_Samsung-Electro-Mechanics-CL03A305MQ37RNZ_C514591.pdf,https://www.lcsc.com/product-detail/multilayer-ceramic-capacitors-mlcc-smd-smt_samsung-electro-mechanics-cl03a305mq37rnz_C514591.html,"Capacitor 3uF 20% 6.3V X5R 0201 Multilayer Ceramic Capacitors (CL Series), Samsung Electro-Mechanics CL03A305MQ37RNZ (Pre-Flight, LCSC Extended)",capacitor 3uF 0201 samsung electro-mechanics samsung cl pre-flight general purpose,3629,0.0279
C 4.7uF 0201 6.3V X5R 20% Samsung,4.7uF,C5969171,Extended,CL03A475MQ5C65C,Samsung Electro-Mechanics,Samsung CL,0201,20%,,6.3V,X5R,,,,,E24,Pre-Flight,General Purpose,Device:C,Capacitor_SMD:C_0201_0603Metric,https://www.lcsc.com/datasheet/C1705.pdf,https://www.lcsc.com/product-detail/multilayer-ceramic-capacitors-mlcc-smd-smt_samsung-electro-mechanics-cl03a475mq5c65c_C5969171.html,"Capacitor 4.7uF 20% 6.3V X5R 0201 Multilayer Ceramic Capacitors (CL Series), Samsung Electro-Mechanics CL03A475MQ5C65C (Pre-Flight, LCSC Extended)",capacitor 4.7uF 0201 samsung electro-mechanics samsung cl pre-flight general purpose,2183,0.0692
C 10pF 0402 50V C0G 1% Samsung,10pF,C472444,Extended,CL05C100FB51PNC,Samsung Electro-Mechanics,Samsung CL,0402,1%,,50V,C0G,,,,,E24,Pre-Flight,General Purpose,Device:C,Capacitor_SMD:C_0402_1005Metric,https://wmsc.lcsc.com/wmsc/upload/file/pdf/v2/lcsc/2304140030_Samsung-Electro-Mechanics-CL05C100FB51PNC_C472444.pdf,https://www.lcsc.com/product-detail/multilayer-ceramic-capacitors-mlcc-smd-smt_samsung-electro-mechanics-cl05c100fb51pnc_C472444.html,"Capacitor 10pF 1% 50V C0G 0402 Multilayer Ceramic Capacitors (CL Series), Samsung Electro-Mechanics CL05C100FB51PNC (Pre-Flight, LCSC Extended)",capacitor 10pF 0402 samsung electro-mechanics samsung cl pre-flight general purpose,5864,0.0162
C 12pF 0402 50V C0G 5% Samsung,12pF,C26406,Extended,CL05C120JB5NNNC,Samsung Electro-Mechanics,Samsung CL,0402,5%,,50V,C0G,,,,,E24,Pre-Flight,General Purpose,Device:C,Capacitor_SMD:C_0402_1005Metric,https://www.lcsc.com/datasheet/lcsc_datasheet_2304140030_Samsung-Electro-Mechanics-CL05C120JB5NNNC_C26406.pdf,https://www.lcsc.com/product-detail/multilayer-ceramic-capacitors-mlcc-smd-smt_samsung-electro-mechanics-cl05c120jb5nnnc_C26406.html,"Capacitor 12pF 5% 50V C0G 0402 Multilayer Ceramic Capacitors (CL Series), Samsung Electro-Mechanics CL05C120JB5NNNC (Pre-Flight, LCSC Extended)",capacitor 12pF 0402 samsung electro-mechanics samsung cl pre-flight general purpose,218607,0.0086
C 15pF 0402 50V C0G 5% Samsung,15pF,C86285,Extended,CL05C150JB5NNNC,Samsung Electro-Mechanics,Samsung CL,0402,5%,,50V,C0G,,,,,E24,Pre-Flight,General Purpose,Device:C,Capacitor_SMD:C_0402_1005Metric,https://www.lcsc.com/datasheet/lcsc_datasheet_2304140030_Samsung-Electro-Mechanics-CL05C150JB5NNNC_C86285.pdf,https://www.lcsc.com/product-detail/multilayer-ceramic-capacitors-mlcc-smd-smt_samsung-electro-mechanics-cl05c150jb5nnnc_C86285.html,"Capacitor 15pF 5% 50V C0G 0402 Multilayer Ceramic Capacitors (CL Series), Samsung Electro-Mechanics CL05C150JB5NNNC (Pre-Flight, LCSC Extended)",capacitor 15pF 0402 samsung electro-mechanics samsung cl pre-flight general purpose,94328,0.004
C 18pF 0402 50V C0G 5% Samsung,18pF,C307443,Extended,CL05C180JB5NNNC,Samsung Electro-Mechanics,Samsung CL,0402,5%,,50V,C0G,,,,,E24,Pre-Flight,General Purpose,Device:C,Capacitor_SMD:C_0402_1005Metric,https://wmsc.lcsc.com/wmsc/upload/file/pdf/v2/lcsc/2304140030_Samsung-Electro-Mechanics-CL05C180JB5NNNC_C307443.pdf,https://www.lcsc.com/product-detail/multilayer-ceramic-capacitors-mlcc-smd-smt_samsung-electro-mechanics-cl05c180jb5nnnc_C307443.html,"Capacitor 18pF 5% 50V C0G 0402 Multilayer Ceramic Capacitors (CL Series), Samsung Electro-Mechanics CL05C180JB5NNNC (Pre-Flight, LCSC Extended)",capacitor 18pF 0402 samsung electro-mechanics samsung cl pre-flight general purpose,101185,0.0116
C 20pF 0402 50V C0G 2% Samsung,20pF,C3880026,Extended,CL05C200GB51PNC,Samsung Electro-Mechanics,Samsung CL,0402,2%,,50V,C0G,,,,,E24,Pre-Flight,General Purpose,Device:C,Capacitor_SMD:C_0402_1005Metric,https://wmsc.lcsc.com/wmsc/upload/file/pdf/v2/lcsc/2309061137_Samsung-Electro-Mechanics-CL05C200GB51PNC_C3880026.pdf,https://www.lcsc.com/product-detail/multilayer-ceramic-capacitors-mlcc-smd-smt_samsung-electro-mechanics-cl05c200gb51pnc_C3880026.html,"Capacitor 20pF 2% 50V C0G 0402 Multilayer Ceramic Capacitors (CL Series), Samsung Electro-Mechanics CL05C200GB51PNC (Pre-Flight, LCSC Extended)",capacitor 20pF 0402 samsung electro-mechanics samsung cl pre-flight general purpose,15090,0.0331
C 22pF 0402 50V C0G 5% Samsung,22pF,C70464,Extended,CL05C220JB5NNNC,Samsung Electro-Mechanics,Samsung CL,0402,5%,,50V,C0G,,,,,E24,Pre-Flight,General Purpose,Device:C,Capacitor_SMD:C_0402_1005Metric,https://www.lcsc.com/datasheet/lcsc_datasheet_1810271111_Samsung-Electro-Mechanics-CL05C220JB5NNNC_C70464.pdf,https://www.lcsc.com/product-detail/multilayer-ceramic-capacitors-mlcc-smd-smt_samsung-electro-mechanics-cl05c220jb5nnnc_C70464.html,"Capacitor 22pF 5% 50V C0G 0402 Multilayer Ceramic Capacitors (CL Series), Samsung Electro-Mechanics CL05C220JB5NNNC (Pre-Flight, LCSC Extended)",capacitor 22pF 0402 samsung electro-mechanics samsung cl pre-flight general purpose,90293,0.0139
C 24pF 0402 50V C0G 5% Samsung,24pF,C22728,Extended,CL05C240JB5NNNC,Samsung Electro-Mechanics,Samsung CL,0402,5%,,50V,C0G,,,,,E24,Pre-Flight,General Purpose,Device:C,Capacitor_SMD:C_0402_1005Metric,https://www.lcsc.com/datasheet/lcsc_datasheet_2304140030_Samsung-Electro-Mechanics-CL05C240JB5NNNC_C22728.pdf,https://www.lcsc.com/product-detail/multilayer-ceramic-capacitors-mlcc-smd-smt_samsung-electro-mechanics-cl05c240jb5nnnc_C22728.html,"Capacitor 24pF 5% 50V C0G 0402 Multilayer Ceramic Capacitors (CL Series), Samsung Electro-Mechanics CL05C240JB5NNNC (Pre-Flight, LCSC Extended)",capacitor 24pF 0402 samsung electro-mechanics samsung cl pre-flight general purpose,5511,0.0093
C 27pF 0402 50V C0G 5% Samsung,27pF,C86287,Extended,CL05C270JB5NNNC,Samsung Electro-Mechanics,Samsung CL,0402,5%,,50V,C0G,,,,,E24,Pre-Flight,General Purpose,Device:C,Capacitor_SMD:C_0402_1005Metric,https://wmsc.lcsc.com/wmsc/upload/file/pdf/v2/lcsc/2304140030_Samsung-Electro-Mechanics-CL05C270JB5NNNC_C86287.pdf,https://www.lcsc.com/product-detail/multilayer-ceramic-capacitors-mlcc-smd-smt_samsung-electro-mechanics-cl05c270jb5nnnc_C86287.html,"Capacitor 27pF 5% 50V C0G 0402 Multilayer Ceramic Capacitors (CL Series), Samsung Electro-Mechanics CL05C270JB5NNNC (Pre-Flight, LCSC Extended)",capacitor 27pF 0402 samsung electro-mechanics samsung cl pre-flight general purpose,55337,0.0093
C 33pF 0402 50V C0G 5% Samsung,33pF,C70465,Extended,CL05C330JB5NNNC,Samsung Electro-Mechanics,Samsung CL,0402,5%,,50V,C0G,,,,,E24,Pre-Flight,General Purpose,Device:C,Capacitor_SMD:C_0402_1005Metric,https://www.lcsc.com/datasheet/lcsc_datasheet_1811151137_Samsung-Electro-Mechanics-CL05C330JB5NNNC_C70465.pdf,https://www.lcsc.com/product-detail/multilayer-ceramic-capacitors-mlcc-smd-smt_samsung-electro-mechanics-cl05c330jb5nnnc_C70465.html,"Capacitor 33pF 5% 50V C0G 0402 Multilayer Ceramic Capacitors (CL Series), Samsung Electro-Mechanics CL05C330JB5NNNC (Pre-Flight, LCSC Extended)",capacitor 33pF 0402 samsung electro-mechanics samsung cl pre-flight general purpose,281292,0.0042
C 39pF 0402 50V C0G 5% Samsung,39pF,C86288,Extended,CL05C390JB5NNNC,Samsung Electro-Mechanics,Samsung CL,0402,5%,,50V,C0G,,,,,E24,Pre-Flight,General Purpose,Device:C,Capacitor_SMD:C_0402_1005Metric,https://wmsc.lcsc.com/wmsc/upload/file/pdf/v2/lcsc/2304140030_Samsung-Electro-Mechanics-CL05C390JB5NNNC_C86288.pdf,https://www.lcsc.com/product-detail/multilayer-ceramic-capacitors-mlcc-smd-smt_samsung-electro-mechanics-cl05c390jb5nnnc_C86288.html,"Capacitor 39pF 5% 50V C0G 0402 Multilayer Ceramic Capacitors (CL Series), Samsung Electro-Mechanics CL05C390JB5NNNC (Pre-Flight, LCSC Extended)",capacitor 39pF 0402 samsung electro-mechanics samsung cl pre-flight general purpose,10013,0.0055
C 47pF 0402 50V C0G 5% Samsung,47pF,C84706,Extended,CL05C470JB5NNNC,Samsung Electro-Mechanics,Samsung CL,0402,5%,,50V,C0G,,,,,E24,Pre-Flight,General Purpose,Device:C,Capacitor_SMD:C_0402_1005Metric,https://www.lcsc.com/datasheet/lcsc_datasheet_2304140030_Samsung-Electro-Mechanics-CL05C470JB5NNNC_C84706.pdf,https://www.lcsc.com/product-detail/multilayer-ceramic-capacitors-mlcc-smd-smt_samsung-electro-mechanics-cl05c470jb5nnnc_C84706.html,"Capacitor 47pF 5% 50V C0G 0402 Multilayer Ceramic Capacitors (CL Series), Samsung Electro-Mechanics CL05C470JB5NNNC (Pre-Flight, LCSC Extended)",capacitor 47pF 0402 samsung electro-mechanics samsung cl pre-flight general purpose,43018,0.0099
C 56pF 0402 50V C0G 5% Samsung,56pF,C472455,Extended,CL05C560JB51PNC,Samsung Electro-Mechanics,Samsung CL,0402,5%,,50V,C0G,,,,,E24,Pre-Flight,General Purpose,Device:C,Capacitor_SMD:C_0402_1005Metric,https://wmsc.lcsc.com/wmsc/upload/file/pdf/v2/lcsc/2304140030_Samsung-Electro-Mechanics-CL05C560JB51PNC_C472455.pdf,https://www.lcsc.com/product-detail/multilayer-ceramic-capacitors-mlcc-smd-smt_samsung-electro-mechanics-cl05c560jb51pnc_C472455.html,"Capacitor 56pF 5% 50V C0G 0402 Multilayer Ceramic Capacitors (CL Series), Samsung Electro-Mechanics CL05C560JB51PNC (Pre-Flight, LCSC Extended)",capacitor 56pF 0402 samsung electro-mechanics samsung cl pre-flight general purpose,7190,0.0222
C 82pF 0402 50V C0G 5% Samsung,82pF,C472458,Extended,CL05C820JB51PNC,Samsung Electro-Mechanics,Samsung CL,0402,5%,,50V,C0G,,,,,E24,Pre-Flight,General Purpose,Device:C,Capacitor_SMD:C_0402_1005Metric,https://wmsc.lcsc.com/wmsc/upload/file/pdf/v2/lcsc/2304140030_Samsung-Electro-Mechanics-CL05C820JB51PNC_C472458.pdf,https://www.lcsc.com/product-detail/multilayer-ceramic-capacitors-mlcc-smd-smt_samsung-electro-mechanics-cl05c820jb51pnc_C472458.html,"Capacitor 82pF 5% 50V C0G 0402 Multilayer Ceramic Capacitors (CL Series), Samsung Electro-Mechanics CL05C820JB51PNC (Pre-Flight, LCSC Extended)",capacitor 82pF 0402 samsung electro-mechanics samsung cl pre-flight general purpose,14522,0.0099
C 100pF 0402 50V C0G 5% Samsung,100pF,C26409,Extended,CL05C101JB5NNNC,Samsung Electro-Mechanics,Samsung CL,0402,5%,,50V,C0G,,,,,E24,Pre-Flight,General Purpose,Device:C,Capacitor_SMD:C_0402_1005Metric,https://www.lcsc.com/datasheet/lcsc_datasheet_2304140030_Samsung-Electro-Mechanics-CL05C101JB5NNNC_C26409.pdf,https://www.lcsc.com/product-detail/multilayer-ceramic-capacitors-mlcc-smd-smt_samsung-electro-mechanics-cl05c101jb5nnnc_C26409.html,"Capacitor 100pF 5% 50V C0G 0402 Multilayer Ceramic Capacitors (CL Series), Samsung Electro-Mechanics CL05C101JB5NNNC (Pre-Flight, LCSC Extended)",capacitor 100pF 0402 samsung electro-mechanics samsung cl pre-flight general purpose,905770,0.006
C 120pF 0402 50V C0G 5% Samsung,120pF,C472447,Extended,CL05C121JB51PNC,Samsung Electro-Mechanics,Samsung CL,0402,5%,,50V,C0G,,,,,E24,Pre-Flight,General Purpose,Device:C,Capacitor_SMD:C_0402_1005Metric,https://www.lcsc.com/datasheet/lcsc_datasheet_2304140030_Samsung-Electro-Mechanics-CL05C121JB51PNC_C472447.pdf,https://www.lcsc.com/product-detail/multilayer-ceramic-capacitors-mlcc-smd-smt_samsung-electro-mechanics-cl05c121jb51pnc_C472447.html,"Capacitor 120pF 5% 50V C0G 0402 Multilayer Ceramic Capacitors (CL Series), Samsung Electro-Mechanics CL05C121JB51PNC (Pre-Flight, LCSC Extended)",capacitor 120pF 0402 samsung electro-mechanics samsung cl pre-flight general purpose,7084,0.0062
C 150pF 0402 50V C0G 5% Samsung,150pF,C86286,Extended,CL05C151JB5NNNC,Samsung Electro-Mechanics,Samsung CL,0402,5%,,50V,C0G,,,,,E24,Pre-Flight,General Purpose,Device:C,Capacitor_SMD:C_0402_1005Metric,https://datasheet.lcsc.com/szlcsc/1811151233_Samsung-Electro-Mechanics-CL05C151JB5NNNC_C86286.pdf,https://lcsc.com/product-detail/Multilayer-Ceramic-Capacitors-MLCC-SMD-SMT_Samsung-Electro-Mechanics-CL05C151JB5NNNC_C86286.html,"Capacitor 150pF 5% 50V C0G 0402 Multilayer Ceramic Capacitors (CL Series), Samsung Electro-Mechanics CL05C151JB5NNNC (Pre-Flight, LCSC Extended)",capacitor 150pF 0402 samsung electro-mechanics samsung cl pre-flight general purpose,85128,0.0078
C 180pF 0402 50V C0G 5% Samsung,180pF,C12209,Extended,CL05C181JB5NNNC,Samsung Electro-Mechanics,Samsung CL,0402,5%,,50V,C0G,,,,,E24,Pre-Flight,General Purpose,Device:C,Capacitor_SMD:C_0402_1005Metric,https://www.lcsc.com/datasheet/lcsc_datasheet_2304140030_Samsung-Electro-Mechanics-CL05C181JB5NNNC_C12209.pdf,https://www.lcsc.com/product-detail/multilayer-ceramic-capacitors-mlcc-smd-smt_samsung-electro-mechanics-cl05c181jb5nnnc_C12209.html,"Capacitor 180pF 5% 50V C0G 0402 Multilayer Ceramic Capacitors (CL Series), Samsung Electro-Mechanics CL05C181JB5NNNC (Pre-Flight, LCSC Extended)",capacitor 180pF 0402 samsung electro-mechanics samsung cl pre-flight general purpose,1026,0.0053
C 220pF 0402 50V X7R 10% Samsung,220pF,C296710,Extended,CL05B221KB5NNNC,Samsung Electro-Mechanics,Samsung CL,0402,10%,,50V,X7R,,,,,E24,Pre-Flight,General Purpose,Device:C,Capacitor_SMD:C_0402_1005Metric,https://wmsc.lcsc.com/wmsc/upload/file/pdf/v2/lcsc/2304140030_Samsung-Electro-Mechanics-CL05B221KB5NNNC_C296710.pdf,https://www.lcsc.com/product-detail/multilayer-ceramic-capacitors-mlcc-smd-smt_samsung-electro-mechanics-cl05b221kb5nnnc_C296710.html,"Capacitor 220pF 10% 50V X7R 0402 Multilayer Ceramic Capacitors (CL Series), Samsung Electro-Mechanics CL05B221KB5NNNC (Pre-Flight, LCSC Extended)",capacitor 220pF 0402 samsung electro-mechanics samsung cl pre-flight general purpose,114802,0.0056
C 220pF 0402 50V C0G 5% Samsung,220pF,C307445,Extended,CL05C221JB5NNNC,Samsung Electro-Mechanics,Samsung CL,0402,5%,,50V,C0G,,,,,E24,Pre-Flight,General Purpose,Device:C,Capacitor_SMD:C_0402_1005Metric,https://www.lcsc.com/datasheet/lcsc_datasheet_2304140030_Samsung-Electro-Mechanics-CL05C221JB5NNNC_C307445.pdf,https://www.lcsc.com/product-detail/multilayer-ceramic-capacitors-mlcc-smd-smt_samsung-electro-mechanics-cl05c221jb5nnnc_C307445.html,"Capacitor 220pF 5% 50V C0G 0402 Multilayer Ceramic Capacitors (CL Series), Samsung Electro-Mechanics CL05C221JB5NNNC (Pre-Flight, LCSC Extended)",capacitor 220pF 0402 samsung electro-mechanics samsung cl pre-flight general purpose,128772,0.0065
C 330pF 0402 50V X7R 10% Samsung,330pF,C307432,Extended,CL05B331KB5NNNC,Samsung Electro-Mechanics,Samsung CL,0402,10%,,50V,X7R,,,,,E24,Pre-Flight,General Purpose,Device:C,Capacitor_SMD:C_0402_1005Metric,https://wmsc.lcsc.com/wmsc/upload/file/pdf/v2/lcsc/2304140030_Samsung-Electro-Mechanics-CL05B331KB5NNNC_C307432.pdf,https://www.lcsc.com/product-detail/multilayer-ceramic-capacitors-mlcc-smd-smt_samsung-electro-mechanics-cl05b331kb5nnnc_C307432.html,"Capacitor 330pF 10% 50V X7R 0402 Multilayer Ceramic Capacitors (CL Series), Samsung Electro-Mechanics CL05B331KB5NNNC (Pre-Flight, LCSC Extended)",capacitor 330pF 0402 samsung electro-mechanics samsung cl pre-flight general purpose,7400,0.0038
C 390pF 0402 50V X7R 10% Samsung,390pF,C307433,Extended,CL05B391KB5NNNC,Samsung Electro-Mechanics,Samsung CL,0402,10%,,50V,X7R,,,,,E24,Pre-Flight,General Purpose,Device:C,Capacitor_SMD:C_0402_1005Metric,https://wmsc.lcsc.com/wmsc/upload/file/pdf/v2/lcsc/2304140030_Samsung-Electro-Mechanics-CL05B391KB5NNNC_C307433.pdf,https://www.lcsc.com/product-detail/multilayer-ceramic-capacitors-mlcc-smd-smt_samsung-electro-mechanics-cl05b391kb5nnnc_C307433.html,"Capacitor 390pF 10% 50V X7R 0402 Multilayer Ceramic Capacitors (CL Series), Samsung Electro-Mechanics CL05B391KB5NNNC (Pre-Flight, LCSC Extended)",capacitor 390pF 0402 samsung electro-mechanics samsung cl pre-flight general purpose,11263,0.0117
C 470pF 0402 50V X7R 10% Samsung,470pF,C26412,Extended,CL05B471KB5NNNC,Samsung Electro-Mechanics,Samsung CL,0402,10%,,50V,X7R,,,,,E24,Pre-Flight,General Purpose,Device:C,Capacitor_SMD:C_0402_1005Metric,https://www.lcsc.com/datasheet/lcsc_datasheet_2304140030_Samsung-Electro-Mechanics-CL05B471KB5NNNC_C26412.pdf,https://www.lcsc.com/product-detail/multilayer-ceramic-capacitors-mlcc-smd-smt_samsung-electro-mechanics-cl05b471kb5nnnc_C26412.html,"Capacitor 470pF 10% 50V X7R 0402 Multilayer Ceramic Capacitors (CL Series), Samsung Electro-Mechanics CL05B471KB5NNNC (Pre-Flight, LCSC Extended)",capacitor 470pF 0402 samsung electro-mechanics samsung cl pre-flight general purpose,112216,0.0143
C 470pF 0402 50V C0G 5% Samsung,470pF,C307449,Extended,CL05C471JB5NNNC,Samsung Electro-Mechanics,Samsung CL,0402,5%,,50V,C0G,,,,,E24,Pre-Flight,General Purpose,Device:C,Capacitor_SMD:C_0402_1005Metric,https://wmsc.lcsc.com/wmsc/upload/file/pdf/v2/lcsc/2304140030_Samsung-Electro-Mechanics-CL05C471JB5NNNC_C307449.pdf,https://www.lcsc.com/product-detail/multilayer-ceramic-capacitors-mlcc-smd-smt_samsung-electro-mechanics-cl05c471jb5nnnc_C307449.html,"Capacitor 470pF 5% 50V C0G 0402 Multilayer Ceramic Capacitors (CL Series), Samsung Electro-Mechanics CL05C471JB5NNNC (Pre-Flight, LCSC Extended)",capacitor 470pF 0402 samsung electro-mechanics samsung cl pre-flight general purpose,35383,0.0069
C 680pF 0402 50V X7R 10% Samsung,680pF,C472441,Extended,CL05B681KB5VPNC,Samsung Electro-Mechanics,Samsung CL,0402,10%,,50V,X7R,,,,,E24,Pre-Flight,General Purpose,Device:C,Capacitor_SMD:C_0402_1005Metric,https://wmsc.lcsc.com/wmsc/upload/file/pdf/v2/lcsc/2304140030_Samsung-Electro-Mechanics-CL05B681KB5VPNC_C472441.pdf,https://www.lcsc.com/product-detail/multilayer-ceramic-capacitors-mlcc-smd-smt_samsung-electro-mechanics-cl05b681kb5vpnc_C472441.html,"Capacitor 680pF 10% 50V X7R 0402 Multilayer Ceramic Capacitors (CL Series), Samsung Electro-Mechanics CL05B681KB5VPNC (Pre-Flight, LCSC Extended)",capacitor 680pF 0402 samsung electro-mechanics samsung cl pre-flight general purpose,1246,0.0052
C 680pF 0402 50V C0G 5% Samsung,680pF,C307451,Extended,CL05C681JB5NNNC,Samsung Electro-Mechanics,Samsung CL,0402,5%,,50V,C0G,,,,,E24,Pre-Flight,General Purpose,Device:C,Capacitor_SMD:C_0402_1005Metric,https://www.lcsc.com/datasheet/lcsc_datasheet_2304140030_Samsung-Electro-Mechanics-CL05C681JB5NNNC_C307451.pdf,https://www.lcsc.com/product-detail/multilayer-ceramic-capacitors-mlcc-smd-smt_samsung-electro-mechanics-cl05c681jb5nnnc_C307451.html,"Capacitor 680pF 5% 50V C0G 0402 Multilayer Ceramic Capacitors (CL Series), Samsung Electro-Mechanics CL05C681JB5NNNC (Pre-Flight, LCSC Extended)",capacitor 680pF 0402 samsung electro-mechanics samsung cl pre-flight general purpose,106354,0.0084
C 820pF 0402 50V C0G 5% Samsung,820pF,C307452,Extended,CL05C821JB5NNNC,Samsung Electro-Mechanics,Samsung CL,0402,5%,,50V,C0G,,,,,E24,Pre-Flight,General Purpose,Device:C,Capacitor_SMD:C_0402_1005Metric,https://www.lcsc.com/datasheet/lcsc_datasheet_2304140030_Samsung-Electro-Mechanics-CL05C821JB5NNNC_C307452.pdf,https://www.lcsc.com/product-detail/multilayer-ceramic-capacitors-mlcc-smd-smt_samsung-electro-mechanics-cl05c821jb5nnnc_C307452.html,"Capacitor 820pF 5% 50V C0G 0402 Multilayer Ceramic Capacitors (CL Series), Samsung Electro-Mechanics CL05C821JB5NNNC (Pre-Flight, LCSC Extended)",capacitor 820pF 0402 samsung electro-mechanics samsung cl pre-flight general purpose,19284,0.0081
C 1nF 0402 100V X7R 10% Samsung,1nF,C2976448,Extended,CL05B102KC5VPNC,Samsung Electro-Mechanics,Samsung CL,0402,10%,,100V,X7R,,,,,E24,Pre-Flight,General Purpose,Device:C,Capacitor_SMD:C_0402_1005Metric,https://wmsc.lcsc.com/wmsc/upload/file/pdf/v2/lcsc/2204111745_Samsung-Electro-Mechanics-CL05B102KC5VPNC_C2976448.pdf,https://www.lcsc.com/product-detail/multilayer-ceramic-capacitors-mlcc-smd-smt_samsung-electro-mechanics-cl05b102kc5vpnc_C2976448.html,"Capacitor 1nF 10% 100V X7R 0402 Multilayer Ceramic Capacitors (CL Series), Samsung Electro-Mechanics CL05B102KC5VPNC (Pre-Flight, LCSC Extended)",capacitor 1nF 0402 samsung electro-mechanics samsung cl pre-flight general purpose,6344,0.0126
C 1nF 0402 16V X7R 10% Samsung,1nF,C16193525,Extended,CL05B102KO5VPNC,Samsung Electro-Mechanics,Samsung CL,0402,10%,,16V,X7R,,,,,E24,Pre-Flight,General Purpose,Device:C,Capacitor_SMD:C_0402_1005Metric,https://www.lcsc.com/datasheet/C1705.pdf,https://www.lcsc.com/product-detail/multilayer-ceramic-capacitors-mlcc-smd-smt_samsung-electro-mechanics-cl05b102ko5vpnc_C16193525.html,"Capacitor 1nF 10% 16V X7R 0402 Multilayer Ceramic Capacitors (CL Series), Samsung Electro-Mechanics CL05B102KO5VPNC (Pre-Flight, LCSC Extended)",capacitor 1nF 0402 samsung electro-mechanics samsung cl pre-flight general purpose,4034,0.0111
C 1nF 0402 50V X7R 10% Samsung,1nF,C14442,Extended,CL05B102KB5NNNC,Samsung Electro-Mechanics,Samsung CL,0402,10%,,50V,X7R,,,,,E24,Pre-Flight,General Purpose,Device:C,Capacitor_SMD:C_0402_1005Metric,https://www.lcsc.com/datasheet/lcsc_datasheet_2304140030_Samsung-Electro-Mechanics-CL05B102KB5NNNC_C14442.pdf,https://www.lcsc.com/product-detail/multilayer-ceramic-capacitors-mlcc-smd-smt_samsung-electro-mechanics-cl05b102kb5nnnc_C14442.html,"Capacitor 1nF 10% 50V X7R 0402 Multilayer Ceramic Capacitors (CL Series), Samsung Electro-Mechanics CL05B102KB5NNNC (Pre-Flight, LCSC Extended)",capacitor 1nF 0402 samsung electro-mechanics samsung cl pre-flight general purpose,2123396,0.0045
C 1nF 0402 50V X7R 5% Samsung,1nF,C188845,Extended,CL05B102JB5NNNC,Samsung Electro-Mechanics,Samsung CL,0402,5%,,50V,X7R,,,,,E24,Pre-Flight,General Purpose,Device:C,Capacitor_SMD:C_0402_1005Metric,https://www.lcsc.com/datasheet/lcsc_datasheet_2304140030_Samsung-Electro-Mechanics-CL05B102JB5NNNC_C188845.pdf,https://www.lcsc.com/product-detail/multilayer-ceramic-capacitors-mlcc-smd-smt_samsung-electro-mechanics-cl05b102jb5nnnc_C188845.html,"Capacitor 1nF 5% 50V X7R 0402 Multilayer Ceramic Capacitors (CL Series), Samsung Electro-Mechanics CL05B102JB5NNNC (Pre-Flight, LCSC Extended)",capacitor 1nF 0402 samsung electro-mechanics samsung cl pre-flight general purpose,13630,0.011
C 1nF 0402 50V C0G 5% Samsung,1nF,C307441,Extended,CL05C102JB5NNNC,Samsung Electro-Mechanics,Samsung CL,0402,5%,,50V,C0G,,,,,E24,Pre-Flight,General Purpose,Device:C,Capacitor_SMD:C_0402_1005Metric,https://wmsc.lcsc.com/wmsc/upload/file/pdf/v2/lcsc/2304140030_Samsung-Electro-Mechanics-CL05C102JB5NNNC_C307441.pdf,https://www.lcsc.com/product-detail/multilayer-ceramic-capacitors-mlcc-smd-smt_samsung-electro-mechanics-cl05c102jb5nnnc_C307441.html,"Capacitor 1nF 5% 50V C0G 0402 Multilayer Ceramic Capacitors (CL Series), Samsung Electro-Mechanics CL05C102JB5NNNC (Pre-Flight, LCSC Extended)",capacitor 1nF 0402 samsung electro-mechanics samsung cl pre-flight general purpose,328436,0.0091
C 1.5nF 0402 50V X7R 10% Samsung,1.5nF,C23967,Extended,CL05B152KB5NNNC,Samsung Electro-Mechanics,Samsung CL,0402,10%,,50V,X7R,,,,,E24,Pre-Flight,General Purpose,Device:C,Capacitor_SMD:C_0402_1005Metric,https://www.lcsc.com/datasheet/lcsc_datasheet_2304140030_Samsung-Electro-Mechanics-CL05B152KB5NNNC_C23967.pdf,https://www.lcsc.com/product-detail/multilayer-ceramic-capacitors-mlcc-smd-smt_samsung-electro-mechanics-cl05b152kb5nnnc_C23967.html,"Capacitor 1.5nF 10% 50V X7R 0402 Multilayer Ceramic Capacitors (CL Series), Samsung Electro-Mechanics CL05B152KB5NNNC (Pre-Flight, LCSC Extended)",capacitor 1.5nF 0402 samsung electro-mechanics samsung cl pre-flight general purpose,10733,0.0075
C 2.2nF 0402 50V X7R 10% Samsung,2.2nF,C84703,Extended,CL05B222KB5NNNC,Samsung Electro-Mechanics,Samsung CL,0402,10%,,50V,X7R,,,,,E24,Pre-Flight,General Purpose,Device:C,Capacitor_SMD:C_0402_1005Metric,https://www.lcsc.com/datasheet/lcsc_datasheet_2304140030_Samsung-Electro-Mechanics-CL05B222KB5NNNC_C84703.pdf,https://www.lcsc.com/product-detail/multilayer-ceramic-capacitors-mlcc-smd-smt_samsung-electro-mechanics-cl05b222kb5nnnc_C84703.html,"Capacitor 2.2nF 10% 50V X7R 0402 Multilayer Ceramic Capacitors (CL Series), Samsung Electro-Mechanics CL05B222KB5NNNC (Pre-Flight, LCSC Extended)",capacitor 2.2nF 0402 samsung electro-mechanics samsung cl pre-flight general purpose,136218,0.0063
C 2.2nF 0402 50V X7R 5% Samsung,2.2nF,C307429,Extended,CL05B222JB5NNNC,Samsung Electro-Mechanics,Samsung CL,0402,5%,,50V,X7R,,,,,E24,Pre-Flight,General Purpose,Device:C,Capacitor_SMD:C_0402_1005Metric,https://www.lcsc.com/datasheet/lcsc_datasheet_2304140030_Samsung-Electro-Mechanics-CL05B222JB5NNNC_C307429.pdf,https://www.lcsc.com/product-detail/multilayer-ceramic-capacitors-mlcc-smd-smt_samsung-electro-mechanics-cl05b222jb5nnnc_C307429.html,"Capacitor 2.2nF 5% 50V X7R 0402 Multilayer Ceramic Capacitors (CL Series), Samsung Electro-Mechanics CL05B222JB5NNNC (Pre-Flight, LCSC Extended)",capacitor 2.2nF 0402 samsung electro-mechanics samsung cl pre-flight general purpose,22770,0.0133
C 2.7nF 0402 50V X7R 10% Samsung,2.7nF,C84704,Extended,CL05B272KB5NNNC,Samsung Electro-Mechanics,Samsung CL,0402,10%,,50V,X7R,,,,,E24,Pre-Flight,General Purpose,Device:C,Capacitor_SMD:C_0402_1005Metric,https://www.lcsc.com/datasheet/lcsc_datasheet_2304140030_Samsung-Electro-Mechanics-CL05B272KB5NNNC_C84704.pdf,https://www.lcsc.com/product-detail/multilayer-ceramic-capacitors-mlcc-smd-smt_samsung-electro-mechanics-cl05b272kb5nnnc_C84704.html,"Capacitor 2.7nF 10% 50V X7R 0402 Multilayer Ceramic Capacitors (CL Series), Samsung Electro-Mechanics CL05B272KB5NNNC (Pre-Flight, LCSC Extended)",capacitor 2.7nF 0402 samsung electro-mechanics samsung cl pre-flight general purpose,10927,0.0087
C 3.9nF 0402 50V X7R 10% Samsung,3.9nF,C18047,Extended,CL05B392KB5NNNC,Samsung Electro-Mechanics,Samsung CL,0402,10%,,50V,X7R,,,,,E24,Pre-Flight,General Purpose,Device:C,Capacitor_SMD:C_0402_1005Metric,https://www.lcsc.com/datasheet/lcsc_datasheet_2304140030_Samsung-Electro-Mechanics-CL05B392KB5NNNC_C18047.pdf,https://www.lcsc.com/product-detail/multilayer-ceramic-capacitors-mlcc-smd-smt_samsung-electro-mechanics-cl05b392kb5nnnc_C18047.html,"Capacitor 3.9nF 10% 50V X7R 0402 Multilayer Ceramic Capacitors (CL Series), Samsung Electro-Mechanics CL05B392KB5NNNC (Pre-Flight, LCSC Extended)",capacitor 3.9nF 0402 samsung electro-mechanics samsung cl pre-flight general purpose,7849,0.005
C 4.7nF 0402 25V X7R 10% Samsung,4.7nF,C377749,Extended,CL05B472KA5NNNC,Samsung Electro-Mechanics,Samsung CL,0402,10%,,25V,X7R,,,,,E24,Pre-Flight,General Purpose,Device:C,Capacitor_SMD:C_0402_1005Metric,https://wmsc.lcsc.com/wmsc/upload/file/pdf/v2/lcsc/2304140030_Samsung-Electro-Mechanics-CL05B472KA5NNNC_C377749.pdf,https://www.lcsc.com/product-detail/multilayer-ceramic-capacitors-mlcc-smd-smt_samsung-electro-mechanics-cl05b472ka5nnnc_C377749.html,"Capacitor 4.7nF 10% 25V X7R 0402 Multilayer Ceramic Capacitors (CL Series), Samsung Electro-Mechanics CL05B472KA5NNNC (Pre-Flight, LCSC Extended)",capacitor 4.7nF 0402 samsung electro-mechanics samsung cl pre-flight general purpose,2256,0.0043
C 4.7nF 0402 50V X7R 10% Samsung,4.7nF,C84705,Extended,CL05B472KB5NNNC,Samsung Electro-Mechanics,Samsung CL,0402,10%,,50V,X7R,,,,,E24,Pre-Flight,General Purpose,Device:C,Capacitor_SMD:C_0402_1005Metric,https://www.lcsc.com/datasheet/lcsc_datasheet_2304140030_Samsung-Electro-Mechanics-CL05B472KB5NNNC_C84705.pdf,https://www.lcsc.com/product-detail/multilayer-ceramic-capacitors-mlcc-smd-smt_samsung-electro-mechanics-cl05b472kb5nnnc_C84705.html,"Capacitor 4.7nF 10% 50V X7R 0402 Multilayer Ceramic Capacitors (CL Series), Samsung Electro-Mechanics CL05B472KB5NNNC (Pre-Flight, LCSC Extended)",capacitor 4.7nF 0402 samsung electro-mechanics samsung cl pre-flight general purpose,187246,0.0044
C 6.8nF 0402 50V X7R 10% Samsung,6.8nF,C318580,Extended,CL05B682KB5NNNC,Samsung Electro-Mechanics,Samsung CL,0402,10%,,50V,X7R,,,,,E24,Pre-Flight,General Purpose,Device:C,Capacitor_SMD:C_0402_1005Metric,https://wmsc.lcsc.com/wmsc/upload/file/pdf/v2/lcsc/2309061404_Samsung-Electro-Mechanics-CL05B682KB5NNNC_C318580.pdf,https://www.lcsc.com/product-detail/multilayer-ceramic-capacitors-mlcc-smd-smt_samsung-electro-mechanics-cl05b682kb5nnnc_C318580.html,"Capacitor 6.8nF 10% 50V X7R 0402 Multilayer Ceramic Capacitors (CL Series), Samsung Electro-Mechanics CL05B682KB5NNNC (Pre-Flight, LCSC Extended)",capacitor 6.8nF 0402 samsung electro-mechanics samsung cl pre-flight general purpose,32363,0.0094
C 8.2nF 0402 50V X7R 10% Samsung,8.2nF,C307436,Extended,CL05B822KB5NNNC,Samsung Electro-Mechanics,Samsung CL,0402,10%,,50V,X7R,,,,,E24,Pre-Flight,General Purpose,Device:C,Capacitor_SMD:C_0402_1005Metric,https://www.lcsc.com/datasheet/lcsc_datasheet_2304140030_Samsung-Electro-Mechanics-CL05B822KB5NNNC_C307436.pdf,https://www.lcsc.com/product-detail/multilayer-ceramic-capacitors-mlcc-smd-smt_samsung-electro-mechanics-cl05b822kb5nnnc_C307436.html,"Capacitor 8.2nF 10% 50V X7R 0402 Multilayer Ceramic Capacitors (CL Series), Samsung Electro-Mechanics CL05B822KB5NNNC (Pre-Flight, LCSC Extended)",capacitor 8.2nF 0402 samsung electro-mechanics samsung cl pre-flight general purpose,36966,0.0264
C 10nF 0402 16V X7R 10% Samsung,10nF,C318577,Extended,CL05B103KO5NNNC,Samsung Electro-Mechanics,Samsung CL,0402,10%,,16V,X7R,,,,,E24,Pre-Flight,General Purpose,Device:C,Capacitor_SMD:C_0402_1005Metric,https://wmsc.lcsc.com/wmsc/upload/file/pdf/v2/lcsc/2309061404_Samsung-Electro-Mechanics-CL05B103KO5NNNC_C318577.pdf,https://www.lcsc.com/product-detail/multilayer-ceramic-capacitors-mlcc-smd-smt_samsung-electro-mechanics-cl05b103ko5nnnc_C318577.html,"Capacitor 10nF 10% 16V X7R 0402 Multilayer Ceramic Capacitors (CL Series), Samsung Electro-Mechanics CL05B103KO5NNNC (Pre-Flight, LCSC Extended)",capacitor 10nF 0402 samsung electro-mechanics samsung cl pre-flight general purpose,66776,0.0075
C 10nF 0402 25V X7R 10% Samsung,10nF,C318576,Extended,CL05B103KA5NNNC,Samsung Electro-Mechanics,Samsung CL,0402,10%,,25V,X7R,,,,,E24,Pre-Flight,General Purpose,Device:C,Capacitor_SMD:C_0402_1005Metric,https://wmsc.lcsc.com/wmsc/upload/file/pdf/v2/lcsc/2304140030_Samsung-Electro-Mechanics-CL05B103KA5NNNC_C318576.pdf,https://www.lcsc.com/product-detail/multilayer-ceramic-capacitors-mlcc-smd-smt_samsung-electro-mechanics-cl05b103ka5nnnc_C318576.html,"Capacitor 10nF 10% 25V X7R 0402 Multilayer Ceramic Capacitors (CL Series), Samsung Electro-Mechanics CL05B103KA5NNNC (Pre-Flight, LCSC Extended)",capacitor 10nF 0402 samsung electro-mechanics samsung cl pre-flight general purpose,184475,0.0057
C 15nF 0402 50V X7R 10% Samsung,15nF,C472435,Extended,CL05B153KB5VPNC,Samsung Electro-Mechanics,Samsung CL,0402,10%,,50V,X7R,,,,,E24,Pre-Flight,General Purpose,Device:C,Capacitor_SMD:C_0402_1005Metric,https://wmsc.lcsc.com/wmsc/upload/file/pdf/v2/lcsc/2304140030_Samsung-Electro-Mechanics-CL05B153KB5VPNC_C472435.pdf,https://www.lcsc.com/product-detail/multilayer-ceramic-capacitors-mlcc-smd-smt_samsung-electro-mechanics-cl05b153kb5vpnc_C472435.html,"Capacitor 15nF 10% 50V X7R 0402 Multilayer Ceramic Capacitors (CL Series), Samsung Electro-Mechanics CL05B153KB5VPNC (Pre-Flight, LCSC Extended)",capacitor 15nF 0402 samsung electro-mechanics samsung cl pre-flight general purpose,13023,0.0067
C 22nF 0402 16V X7R 10% Samsung,22nF,C16193383,Extended,CL05B223KO5VPNC,Samsung Electro-Mechanics,Samsung CL,0402,10%,,16V,X7R,,,,,E24,Pre-Flight,General Purpose,Device:C,Capacitor_SMD:C_0402_1005Metric,https://wmsc.lcsc.com/wmsc/upload/file/pdf/v2/lcsc/2401181135_Samsung-Electro-Mechanics-CL05B223KO5VPNC_C16193383.pdf,https://www.lcsc.com/product-detail/multilayer-ceramic-capacitors-mlcc-smd-smt_samsung-electro-mechanics-cl05b223ko5vpnc_C16193383.html,"Capacitor 22nF 10% 16V X7R 0402 Multilayer Ceramic Capacitors (CL Series), Samsung Electro-Mechanics CL05B223KO5VPNC (Pre-Flight, LCSC Extended)",capacitor 22nF 0402 samsung electro-mechanics samsung cl pre-flight general purpose,7510,0.0081
C 22nF 0402 25V X7R 10% Samsung,22nF,C318578,Extended,CL05B223KA5NNNC,Samsung Electro-Mechanics,Samsung CL,0402,10%,,25V,X7R,,,,,E24,Pre-Flight,General Purpose,Device:C,Capacitor_SMD:C_0402_1005Metric,https://wmsc.lcsc.com/wmsc/upload/file/pdf/v2/lcsc/2304140030_Samsung-Electro-Mechanics-CL05B223KA5NNNC_C318578.pdf,https://www.lcsc.com/product-detail/multilayer-ceramic-capacitors-mlcc-smd-smt_samsung-electro-mechanics-cl05b223ka5nnnc_C318578.html,"Capacitor 22nF 10% 25V X7R 0402 Multilayer Ceramic Capacitors (CL Series), Samsung Electro-Mechanics CL05B223KA5NNNC (Pre-Flight, LCSC Extended)",capacitor 22nF 0402 samsung electro-mechanics samsung cl pre-flight general purpose,18718,0.0074
C 22nF 0402 50V X7R 10% Samsung,22nF,C337699,Extended,CL05B223KB5NNNC,Samsung Electro-Mechanics,Samsung CL,0402,10%,,50V,X7R,,,,,E24,Pre-Flight,General Purpose,Device:C,Capacitor_SMD:C_0402_1005Metric,https://www.lcsc.com/datasheet/lcsc_datasheet_2304140030_Samsung-Electro-Mechanics-CL05B223KB5NNNC_C337699.pdf,https://www.lcsc.com/product-detail/multilayer-ceramic-capacitors-mlcc-smd-smt_samsung-electro-mechanics-cl05b223kb5nnnc_C337699.html,"Capacitor 22nF 10% 50V X7R 0402 Multilayer Ceramic Capacitors (CL Series), Samsung Electro-Mechanics CL05B223KB5NNNC (Pre-Flight, LCSC Extended)",capacitor 22nF 0402 samsung electro-mechanics samsung cl pre-flight general purpose,978661,0.0044
C 27nF 0402 16V X7R 10% Samsung,27nF,C307430,Extended,CL05B273KO5NNNC,Samsung Electro-Mechanics,Samsung CL,0402,10%,,16V,X7R,,,,,E24,Pre-Flight,General Purpose,Device:C,Capacitor_SMD:C_0402_1005Metric,https://wmsc.lcsc.com/wmsc/upload/file/pdf/v2/lcsc/2304140030_Samsung-Electro-Mechanics-CL05B273KO5NNNC_C307430.pdf,https://www.lcsc.com/product-detail/multilayer-ceramic-capacitors-mlcc-smd-smt_samsung-electro-mechanics-cl05b273ko5nnnc_C307430.html,"Capacitor 27nF 10% 16V X7R 0402 Multilayer Ceramic Capacitors (CL Series), Samsung Electro-Mechanics CL05B273KO5NNNC (Pre-Flight, LCSC Extended)",capacitor 27nF 0402 samsung electro-mechanics samsung cl pre-flight general purpose,9612,0.0111
C 33nF 0402 25V X7R 10% Samsung,33nF,C472436,Extended,CL05B333KA5VPNC,Samsung Electro-Mechanics,Samsung CL,0402,10%,,25V,X7R,,,,,E24,Pre-Flight,General Purpose,Device:C,Capacitor_SMD:C_0402_1005Metric,https://wmsc.lcsc.com/wmsc/upload/file/pdf/v2/lcsc/2304140030_Samsung-Electro-Mechanics-CL05B333KA5VPNC_C472436.pdf,https://www.lcsc.com/product-detail/multilayer-ceramic-capacitors-mlcc-smd-smt_samsung-electro-mechanics-cl05b333ka5vpnc_C472436.html,"Capacitor 33nF 10% 25V X7R 0402 Multilayer Ceramic Capacitors (CL Series), Samsung Electro-Mechanics CL05B333KA5VPNC (Pre-Flight, LCSC Extended)",capacitor 33nF 0402 samsung electro-mechanics samsung cl pre-flight general purpose,8440,0.0118
C 33nF 0402 50V X7R 10% Samsung,33nF,C472437,Extended,CL05B333KB5VPNC,Samsung Electro-Mechanics,Samsung CL,0402,10%,,50V,X7R,,,,,E24,Pre-Flight,General Purpose,Device:C,Capacitor_SMD:C_0402_1005Metric,https://wmsc.lcsc.com/wmsc/upload/file/pdf/v2/lcsc/2304140030_Samsung-Electro-Mechanics-CL05B333KB5VPNC_C472437.pdf,https://www.lcsc.com/product-detail/multilayer-ceramic-capacitors-mlcc-smd-smt_samsung-electro-mechanics-cl05b333kb5vpnc_C472437.html,"Capacitor 33nF 10% 50V X7R 0402 Multilayer Ceramic Capacitors (CL Series), Samsung Electro-Mechanics CL05B333KB5VPNC (Pre-Flight, LCSC Extended)",capacitor 33nF 0402 samsung electro-mechanics samsung cl pre-flight general purpose,32064,0.0196
C 47nF 0402 16V X7R 10% Samsung,47nF,C307434,Extended,CL05B473KO5NNNC,Samsung Electro-Mechanics,Samsung CL,0402,10%,,16V,X7R,,,,,E24,Pre-Flight,General Purpose,Device:C,Capacitor_SMD:C_0402_1005Metric,https://wmsc.lcsc.com/wmsc/upload/file/pdf/v2/lcsc/2304140030_Samsung-Electro-Mechanics-CL05B473KO5NNNC_C307434.pdf,https://www.lcsc.com/product-detail/multilayer-ceramic-capacitors-mlcc-smd-smt_samsung-electro-mechanics-cl05b473ko5nnnc_C307434.html,"Capacitor 47nF 10% 16V X7R 0402 Multilayer Ceramic Capacitors (CL Series), Samsung Electro-Mechanics CL05B473KO5NNNC (Pre-Flight, LCSC Extended)",capacitor 47nF 0402 samsung electro-mechanics samsung cl pre-flight general purpose,137621,0.0076
C 47nF 0402 25V X7R 10% Samsung,47nF,C318631,Extended,CL05B473KA5NNNC,Samsung Electro-Mechanics,Samsung CL,0402,10%,,25V,X7R,,,,,E24,Pre-Flight,General Purpose,Device:C,Capacitor_SMD:C_0402_1005Metric,https://wmsc.lcsc.com/wmsc/upload/file/pdf/v2/lcsc/2304140030_Samsung-Electro-Mechanics-CL05B473KA5NNNC_C318631.pdf,https://www.lcsc.com/product-detail/multilayer-ceramic-capacitors-mlcc-smd-smt_samsung-electro-mechanics-cl05b473ka5nnnc_C318631.html,"Capacitor 47nF 10% 25V X7R 0402 Multilayer Ceramic Capacitors (CL Series), Samsung Electro-Mechanics CL05B473KA5NNNC (Pre-Flight, LCSC Extended)",capacitor 47nF 0402 samsung electro-mechanics samsung cl pre-flight general purpose,7706,0.0061
C 47nF 0402 50V X7R 10% Samsung,47nF,C307339,Extended,CL05B473KB5VPNC,Samsung Electro-Mechanics,Samsung CL,0402,10%,,50V,X7R,,,,,E24,Pre-Flight,General Purpose,Device:C,Capacitor_SMD:C_0402_1005Metric,https://wmsc.lcsc.com/wmsc/upload/file/pdf/v2/lcsc/2304140030_Samsung-Electro-Mechanics-CL05B473KB5VPNC_C307339.pdf,https://www.lcsc.com/product-detail/multilayer-ceramic-capacitors-mlcc-smd-smt_samsung-electro-mechanics-cl05b473kb5vpnc_C307339.html,"Capacitor 47nF 10% 50V X7R 0402 Multilayer Ceramic Capacitors (CL Series), Samsung Electro-Mechanics CL05B473KB5VPNC (Pre-Flight, LCSC Extended)",capacitor 47nF 0402 samsung electro-mechanics samsung cl pre-flight general purpose,17444,0.0143
C 68nF 0402 50V X7R 10% Samsung,68nF,C16193330,Extended,CL05B683KB54PNC,Samsung Electro-Mechanics,Samsung CL,0402,10%,,50V,X7R,,,,,E24,Pre-Flight,General Purpose,Device:C,Capacitor_SMD:C_0402_1005Metric,https://www.lcsc.com/datasheet/C1705.pdf,https://www.lcsc.com/product-detail/multilayer-ceramic-capacitors-mlcc-smd-smt_samsung-electro-mechanics-cl05b683kb54pnc_C16193330.html,"Capacitor 68nF 10% 50V X7R 0402 Multilayer Ceramic Capacitors (CL Series), Samsung Electro-Mechanics CL05B683KB54PNC (Pre-Flight, LCSC Extended)",capacitor 68nF 0402 samsung electro-mechanics samsung cl pre-flight general purpose,2622,0.0102
C 100nF 0402 10V X5R 10% Samsung,100nF,C159815,Extended,CL05A104KP5NNNC,Samsung Electro-Mechanics,Samsung CL,0402,10%,,10V,X5R,,,,,E24,Pre-Flight,General Purpose,Device:C,Capacitor_SMD:C_0402_1005Metric,https://www.lcsc.com/datasheet/lcsc_datasheet_2304140030_Samsung-Electro-Mechanics-CL05A104KP5NNNC_C159815.pdf,https://www.lcsc.com/product-detail/multilayer-ceramic-capacitors-mlcc-smd-smt_samsung-electro-mechanics-cl05a104kp5nnnc_C159815.html,"Capacitor 100nF 10% 10V X5R 0402 Multilayer Ceramic Capacitors (CL Series), Samsung Electro-Mechanics CL05A104KP5NNNC (Pre-Flight, LCSC Extended)",capacitor 100nF 0402 samsung electro-mechanics samsung cl pre-flight general purpose,28012,0.0062
C 100nF 0402 10V X7R 10% Samsung,100nF,C133086,Extended,CL05B104KP5NNNC,Samsung Electro-Mechanics,Samsung CL,0402,10%,,10V,X7R,,,,,E24,Pre-Flight,General Purpose,Device:C,Capacitor_SMD:C_0402_1005Metric,https://www.lcsc.com/datasheet/lcsc_datasheet_2304140030_Samsung-Electro-Mechanics-CL05B104KP5NNNC_C133086.pdf,https://www.lcsc.com/product-detail/multilayer-ceramic-capacitors-mlcc-smd-smt_samsung-electro-mechanics-cl05b104kp5nnnc_C133086.html,"Capacitor 100nF 10% 10V X7R 0402 Multilayer Ceramic Capacitors (CL Series), Samsung Electro-Mechanics CL05B104KP5NNNC (Pre-Flight, LCSC Extended)",capacitor 100nF 0402 samsung electro-mechanics samsung cl pre-flight general purpose,195380,0.0061
C 100nF 0402 16V X5R 10% Samsung,100nF,C159816,Extended,CL05A104KO5NNNC,Samsung Electro-Mechanics,Samsung CL,0402,10%,,16V,X5R,,,,,E24,Pre-Flight,General Purpose,Device:C,Capacitor_SMD:C_0402_1005Metric,https://www.lcsc.com/datasheet/lcsc_datasheet_2304140030_Samsung-Electro-Mechanics-CL05A104KO5NNNC_C159816.pdf,https://www.lcsc.com/product-detail/multilayer-ceramic-capacitors-mlcc-smd-smt_samsung-electro-mechanics-cl05a104ko5nnnc_C159816.html,"Capacitor 100nF 10% 16V X5R 0402 Multilayer Ceramic Capacitors (CL Series), Samsung Electro-Mechanics CL05A104KO5NNNC (Pre-Flight, LCSC Extended)",capacitor 100nF 0402 samsung electro-mechanics samsung cl pre-flight general purpose,1662,0.0057
C 100nF 0402 25V X5R 10% Samsung,100nF,C100072,Extended,CL05A104KA5NNNC,Samsung Electro-Mechanics,Samsung CL,0402,10%,,25V,X5R,,,,,E24,Pre-Flight,General Purpose,Device:C,Capacitor_SMD:C_0402_1005Metric,https://www.lcsc.com/datasheet/lcsc_datasheet_2304140030_Samsung-Electro-Mechanics-CL05A104KA5NNNC_C100072.pdf,https://www.lcsc.com/product-detail/multilayer-ceramic-capacitors-mlcc-smd-smt_samsung-electro-mechanics-cl05a104ka5nnnc_C100072.html,"Capacitor 100nF 10% 25V X5R 0402 Multilayer Ceramic Capacitors (CL Series), Samsung Electro-Mechanics CL05A104KA5NNNC (Pre-Flight, LCSC Extended)",capacitor 100nF 0402 samsung electro-mechanics samsung cl pre-flight general purpose,1745099,0.0066
C 100nF 0402 25V X7R 10% Samsung,100nF,C155422,Extended,CL05B104KA5NNNC,Samsung Electro-Mechanics,Samsung CL,0402,10%,,25V,X7R,,,,,E24,Pre-Flight,General Purpose,Device:C,Capacitor_SMD:C_0402_1005Metric,https://www.lcsc.com/datasheet/lcsc_datasheet_2304140030_Samsung-Electro-Mechanics-CL05B104KA5NNNC_C155422.pdf,https://www.lcsc.com/product-detail/multilayer-ceramic-capacitors-mlcc-smd-smt_samsung-electro-mechanics-cl05b104ka5nnnc_C155422.html,"Capacitor 100nF 10% 25V X7R 0402 Multilayer Ceramic Capacitors (CL Series), Samsung Electro-Mechanics CL05B104KA5NNNC (Pre-Flight, LCSC Extended)",capacitor 100nF 0402 samsung electro-mechanics samsung cl pre-flight general purpose,347855,0.0131
C 220nF 0402 10V X5R 10% Samsung,220nF,C160829,Extended,CL05A224KP5NNNC,Samsung Electro-Mechanics,Samsung CL,0402,10%,,10V,X5R,,,,,E24,Pre-Flight,General Purpose,Device:C,Capacitor_SMD:C_0402_1005Metric,https://www.lcsc.com/datasheet/lcsc_datasheet_2304140030_Samsung-Electro-Mechanics-CL05A224KP5NNNC_C160829.pdf,https://www.lcsc.com/product-detail/multilayer-ceramic-capacitors-mlcc-smd-smt_samsung-electro-mechanics-cl05a224kp5nnnc_C160829.html,"Capacitor 220nF 10% 10V X5R 0402 Multilayer Ceramic Capacitors (CL Series), Samsung Electro-Mechanics CL05A224KP5NNNC (Pre-Flight, LCSC Extended)",capacitor 220nF 0402 samsung electro-mechanics samsung cl pre-flight general purpose,63796,0.0143
C 220nF 0402 10V X7R 10% Samsung,220nF,C318574,Extended,CL05B224KP5NNNC,Samsung Electro-Mechanics,Samsung CL,0402,10%,,10V,X7R,,,,,E24,Pre-Flight,General Purpose,Device:C,Capacitor_SMD:C_0402_1005Metric,https://wmsc.lcsc.com/wmsc/upload/file/pdf/v2/lcsc/1912111437_Samsung-Electro-Mechanics-CL05B224KP5NNNC_C318574.pdf,https://www.lcsc.com/product-detail/multilayer-ceramic-capacitors-mlcc-smd-smt_samsung-electro-mechanics-cl05b224kp5nnnc_C318574.html,"Capacitor 220nF 10% 10V X7R 0402 Multilayer Ceramic Capacitors (CL Series), Samsung Electro-Mechanics CL05B224KP5NNNC (Pre-Flight, LCSC Extended)",capacitor 220nF 0402 samsung electro-mechanics samsung cl pre-flight general purpose,68078,0.011
C 220nF 0402 10V X7S 10% Samsung,220nF,C2897612,Extended,CL05Y224KP5VPNC,Samsung Electro-Mechanics,Samsung CL,0402,10%,,10V,X7S,,,,,E24,Pre-Flight,General Purpose,Device:C,Capacitor_SMD:C_0402_1005Metric,https://wmsc.lcsc.com/wmsc/upload/file/pdf/v2/lcsc/2202111000_Samsung-Electro-Mechanics-CL05Y224KP5VPNC_C2897612.pdf,https://www.lcsc.com/product-detail/multilayer-ceramic-capacitors-mlcc-smd-smt_samsung-electro-mechanics-cl05y224kp5vpnc_C2897612.html,"Capacitor 220nF 10% 10V X7S 0402 Multilayer Ceramic Capacitors (CL Series), Samsung Electro-Mechanics CL05Y224KP5VPNC (Pre-Flight, LCSC Extended)",capacitor 220nF 0402 samsung electro-mechanics samsung cl pre-flight general purpose,1732,0.0977
C 220nF 0402 16V X5R 10% Samsung,220nF,C16651,Extended,CL05A224KO5NNNC,Samsung Electro-Mechanics,Samsung CL,0402,10%,,16V,X5R,,,,,E24,Pre-Flight,General Purpose,Device:C,Capacitor_SMD:C_0402_1005Metric,https://www.lcsc.com/datasheet/lcsc_datasheet_2304140030_Samsung-Electro-Mechanics-CL05A224KO5NNNC_C16651.pdf,https://www.lcsc.com/product-detail/multilayer-ceramic-capacitors-mlcc-smd-smt_samsung-electro-mechanics-cl05a224ko5nnnc_C16651.html,"Capacitor 220nF 10% 16V X5R 0402 Multilayer Ceramic Capacitors (CL Series), Samsung Electro-Mechanics CL05A224KO5NNNC (Pre-Flight, LCSC Extended)",capacitor 220nF 0402 samsung electro-mechanics samsung cl pre-flight general purpose,6113,0.0186
C 220nF 0402 25V X5R 10% Samsung,220nF,C47129,Extended,CL05A224KA5NNNC,Samsung Electro-Mechanics,Samsung CL,0402,10%,,25V,X5R,,,,,E24,Pre-Flight,General Purpose,Device:C,Capacitor_SMD:C_0402_1005Metric,https://www.lcsc.com/datasheet/lcsc_datasheet_2304140030_Samsung-Electro-Mechanics-CL05A224KA5NNNC_C47129.pdf,https://www.lcsc.com/product-detail/multilayer-ceramic-capacitors-mlcc-smd-smt_samsung-electro-mechanics-cl05a224ka5nnnc_C47129.html,"Capacitor 220nF 10% 25V X5R 0402 Multilayer Ceramic Capacitors (CL Series), Samsung Electro-Mechanics CL05A224KA5NNNC (Pre-Flight, LCSC Extended)",capacitor 220nF 0402 samsung electro-mechanics samsung cl pre-flight general purpose,18818,0.0056
C 220nF 0402 25V X7R 10% Samsung,220nF,C16193253,Extended,CL05B224KA5VPJC,Samsung Electro-Mechanics,Samsung CL,0402,10%,,25V,X7R,,,,,E24,Pre-Flight,General Purpose,Device:C,Capacitor_SMD:C_0402_1005Metric,https://www.lcsc.com/datasheet/C1705.pdf,https://www.lcsc.com/product-detail/multilayer-ceramic-capacitors-mlcc-smd-smt_samsung-electro-mechanics-cl05b224ka5vpjc_C16193253.html,"Capacitor 220nF 10% 25V X7R 0402 Multilayer Ceramic Capacitors (CL Series), Samsung Electro-Mechanics CL05B224KA5VPJC (Pre-Flight, LCSC Extended)",capacitor 220nF 0402 samsung electro-mechanics samsung cl pre-flight general purpose,3030,0.0412
C 330nF 0402 10V X5R 10% Samsung,330nF,C318569,Extended,CL05A334KP5NNNC,Samsung Electro-Mechanics,Samsung CL,0402,10%,,10V,X5R,,,,,E24,Pre-Flight,General Purpose,Device:C,Capacitor_SMD:C_0402_1005Metric,https://www.lcsc.com/datasheet/lcsc_datasheet_2304140030_Samsung-Electro-Mechanics-CL05A334KP5NNNC_C318569.pdf,https://www.lcsc.com/product-detail/multilayer-ceramic-capacitors-mlcc-smd-smt_samsung-electro-mechanics-cl05a334kp5nnnc_C318569.html,"Capacitor 330nF 10% 10V X5R 0402 Multilayer Ceramic Capacitors (CL Series), Samsung Electro-Mechanics CL05A334KP5NNNC (Pre-Flight, LCSC Extended)",capacitor 330nF 0402 samsung electro-mechanics samsung cl pre-flight general purpose,8908,0.0086
C 330nF 0402 6.3V X5R 10% Samsung,330nF,C307420,Extended,CL05A334KQ5NNNC,Samsung Electro-Mechanics,Samsung CL,0402,10%,,6.3V,X5R,,,,,E24,Pre-Flight,General Purpose,Device:C,Capacitor_SMD:C_0402_1005Metric,https://www.lcsc.com/datasheet/lcsc_datasheet_2304140030_Samsung-Electro-Mechanics-CL05A334KQ5NNNC_C307420.pdf,https://www.lcsc.com/product-detail/multilayer-ceramic-capacitors-mlcc-smd-smt_samsung-electro-mechanics-cl05a334kq5nnnc_C307420.html,"Capacitor 330nF 10% 6.3V X5R 0402 Multilayer Ceramic Capacitors (CL Series), Samsung Electro-Mechanics CL05A334KQ5NNNC (Pre-Flight, LCSC Extended)",capacitor 330nF 0402 samsung electro-mechanics samsung cl pre-flight general purpose,3909,0.0099
C 470nF 0402 10V X7R 10% Samsung,470nF,C2895720,Extended,CL05B474KP5NNNC,Samsung Electro-Mechanics,Samsung CL,0402,10%,,10V,X7R,,,,,E24,Pre-Flight,General Purpose,Device:C,Capacitor_SMD:C_0402_1005Metric,https://wmsc.lcsc.com/wmsc/upload/file/pdf/v2/lcsc/2202132100_Samsung-Electro-Mechanics-CL05B474KP5NNNC_C2895720.pdf,https://www.lcsc.com/product-detail/multilayer-ceramic-capacitors-mlcc-smd-smt_samsung-electro-mechanics-cl05b474kp5nnnc_C2895720.html,"Capacitor 470nF 10% 10V X7R 0402 Multilayer Ceramic Capacitors (CL Series), Samsung Electro-Mechanics CL05B474KP5NNNC (Pre-Flight, LCSC Extended)",capacitor 470nF 0402 samsung electro-mechanics samsung cl pre-flight general purpose,9173,0.0402
C 470nF 0402 10V X7S 10% Samsung,470nF,C2803381,Extended,CL05Y474KP5VPNC,Samsung Electro-Mechanics,Samsung CL,0402,10%,,10V,X7S,,,,,E24,Pre-Flight,General Purpose,Device:C,Capacitor_SMD:C_0402_1005Metric,https://wmsc.lcsc.com/wmsc/upload/file/pdf/v2/lcsc/2304140030_Samsung-Electro-Mechanics-CL05Y474KP5VPNC_C2803381.pdf,https://www.lcsc.com/product-detail/multilayer-ceramic-capacitors-mlcc-smd-smt_samsung-electro-mechanics-cl05y474kp5vpnc_C2803381.html,"Capacitor 470nF 10% 10V X7S 0402 Multilayer Ceramic Capacitors (CL Series), Samsung Electro-Mechanics CL05Y474KP5VPNC (Pre-Flight, LCSC Extended)",capacitor 470nF 0402 samsung electro-mechanics samsung cl pre-flight general purpose,11049,0.0262
C 470nF 0402 16V X5R 10% Samsung,470nF,C480644,Extended,CL05A474KO5NNNC,Samsung Electro-Mechanics,Samsung CL,0402,10%,,16V,X5R,,,,,E24,Pre-Flight,General Purpose,Device:C,Capacitor_SMD:C_0402_1005Metric,https://www.lcsc.com/datasheet/lcsc_datasheet_2001132234_Samsung-Electro-Mechanics-CL05A474KO5NNNC_C480644.pdf,https://www.lcsc.com/product-detail/multilayer-ceramic-capacitors-mlcc-smd-smt_samsung-electro-mechanics-cl05a474ko5nnnc_C480644.html,"Capacitor 470nF 10% 16V X5R 0402 Multilayer Ceramic Capacitors (CL Series), Samsung Electro-Mechanics CL05A474KO5NNNC (Pre-Flight, LCSC Extended)",capacitor 470nF 0402 samsung electro-mechanics samsung cl pre-flight general purpose,75418,0.0152
C 470nF 0402 25V X5R 10% Samsung,470nF,C92361,Extended,CL05A474KA5NNNC,Samsung Electro-Mechanics,Samsung CL,0402,10%,,25V,X5R,,,,,E24,Pre-Flight,General Purpose,Device:C,Capacitor_SMD:C_0402_1005Metric,https://www.lcsc.com/datasheet/lcsc_datasheet_2304140030_Samsung-Electro-Mechanics-CL05A474KA5NNNC_C92361.pdf,https://www.lcsc.com/product-detail/multilayer-ceramic-capacitors-mlcc-smd-smt_samsung-electro-mechanics-cl05a474ka5nnnc_C92361.html,"Capacitor 470nF 10% 25V X5R 0402 Multilayer Ceramic Capacitors (CL Series), Samsung Electro-Mechanics CL05A474KA5NNNC (Pre-Flight, LCSC Extended)",capacitor 470nF 0402 samsung electro-mechanics samsung cl pre-flight general purpose,166203,0.016
C 470nF 0402 6.3V X5R 10% Samsung,470nF,C364319,Extended,CL05A474KQ5NNNC,Samsung Electro-Mechanics,Samsung CL,0402,10%,,6.3V,X5R,,,,,E24,Pre-Flight,General Purpose,Device:C,Capacitor_SMD:C_0402_1005Metric,https://wmsc.lcsc.com/wmsc/upload/file/pdf/v2/lcsc/2304140030_Samsung-Electro-Mechanics-CL05A474KQ5NNNC_C364319.pdf,https://www.lcsc.com/product-detail/multilayer-ceramic-capacitors-mlcc-smd-smt_samsung-electro-mechanics-cl05a474kq5nnnc_C364319.html,"Capacitor 470nF 10% 6.3V X5R 0402 Multilayer Ceramic Capacitors (CL Series), Samsung Electro-Mechanics CL05A474KQ5NNNC (Pre-Flight, LCSC Extended)",capacitor 470nF 0402 samsung electro-mechanics samsung cl pre-flight general purpose,10170,0.0201
C 1uF 0402 10V X5R 10% Samsung,1uF,C14445,Extended,CL05A105KP5NNNC,Samsung Electro-Mechanics,Samsung CL,0402,10%,,10V,X5R,,,,,E24,Pre-Flight,General Purpose,Device:C,Capacitor_SMD:C_0402_1005Metric,https://www.lcsc.com/datasheet/lcsc_datasheet_2304140030_Samsung-Electro-Mechanics-CL05A105KP5NNNC_C14445.pdf,https://www.lcsc.com/product-detail/multilayer-ceramic-capacitors-mlcc-smd-smt_samsung-electro-mechanics-cl05a105kp5nnnc_C14445.html,"Capacitor 1uF 10% 10V X5R 0402 Multilayer Ceramic Capacitors (CL Series), Samsung Electro-Mechanics CL05A105KP5NNNC (Pre-Flight, LCSC Extended)",capacitor 1uF 0402 samsung electro-mechanics samsung cl pre-flight general purpose,860578,0.0124
C 1uF 0402 10V X6S 10% Samsung,1uF,C2991800,Extended,CL05X105KP5NNNC,Samsung Electro-Mechanics,Samsung CL,0402,10%,,10V,X6S,,,,,E24,Pre-Flight,General Purpose,Device:C,Capacitor_SMD:C_0402_1005Metric,https://wmsc.lcsc.com/wmsc/upload/file/pdf/v2/lcsc/2204111630_Samsung-Electro-Mechanics-CL05X105KP5NNNC_C2991800.pdf,https://www.lcsc.com/product-detail/multilayer-ceramic-capacitors-mlcc-smd-smt_samsung-electro-mechanics-cl05x105kp5nnnc_C2991800.html,"Capacitor 1uF 10% 10V X6S 0402 Multilayer Ceramic Capacitors (CL Series), Samsung Electro-Mechanics CL05X105KP5NNNC (Pre-Flight, LCSC Extended)",capacitor 1uF 0402 samsung electro-mechanics samsung cl pre-flight general purpose,31823,0.0253
C 1uF 0402 10V X7S 10% Samsung,1uF,C2803380,Extended,CL05Y105KP6VPNC,Samsung Electro-Mechanics,Samsung CL,0402,10%,,10V,X7S,,,,,E24,Pre-Flight,General Purpose,Device:C,Capacitor_SMD:C_0402_1005Metric,https://wmsc.lcsc.com/wmsc/upload/file/pdf/v2/lcsc/2304140030_Samsung-Electro-Mechanics-CL05Y105KP6VPNC_C2803380.pdf,https://www.lcsc.com/product-detail/multilayer-ceramic-capacitors-mlcc-smd-smt_samsung-electro-mechanics-cl05y105kp6vpnc_C2803380.html,"Capacitor 1uF 10% 10V X7S 0402 Multilayer Ceramic Capacitors (CL Series), Samsung Electro-Mechanics CL05Y105KP6VPNC (Pre-Flight, LCSC Extended)",capacitor 1uF 0402 samsung electro-mechanics samsung cl pre-flight general purpose,8264,0.0275
C 1uF 0402 16V X5R 10% Samsung,1uF,C29266,Extended,CL05A105KO5NNNC,Samsung Electro-Mechanics,Samsung CL,0402,10%,,16V,X5R,,,,,E24,Pre-Flight,General Purpose,Device:C,Capacitor_SMD:C_0402_1005Metric,https://www.lcsc.com/datasheet/lcsc_datasheet_2304140030_Samsung-Electro-Mechanics-CL05A105KO5NNNC_C29266.pdf,https://www.lcsc.com/product-detail/multilayer-ceramic-capacitors-mlcc-smd-smt_samsung-electro-mechanics-cl05a105ko5nnnc_C29266.html,"Capacitor 1uF 10% 16V X5R 0402 Multilayer Ceramic Capacitors (CL Series), Samsung Electro-Mechanics CL05A105KO5NNNC (Pre-Flight, LCSC Extended)",capacitor 1uF 0402 samsung electro-mechanics samsung cl pre-flight general purpose,2817488,0.0081
C 1uF 0402 25V X6S 10% Samsung,1uF,C307454,Extended,CL05X105KA5NQNC,Samsung Electro-Mechanics,Samsung CL,0402,10%,,25V,X6S,,,,,E24,Pre-Flight,General Purpose,Device:C,Capacitor_SMD:C_0402_1005Metric,https://wmsc.lcsc.com/wmsc/upload/file/pdf/v2/lcsc/2304140030_Samsung-Electro-Mechanics-CL05X105KA5NQNC_C307454.pdf,https://www.lcsc.com/product-detail/multilayer-ceramic-capacitors-mlcc-smd-smt_samsung-electro-mechanics-cl05x105ka5nqnc_C307454.html,"Capacitor 1uF 10% 25V X6S 0402 Multilayer Ceramic Capacitors (CL Series), Samsung Electro-Mechanics CL05X105KA5NQNC (Pre-Flight, LCSC Extended)",capacitor 1uF 0402 samsung electro-mechanics samsung cl pre-flight general purpose,8846,0.0279
C 1uF 0402 35V X5R 10% Samsung,1uF,C307413,Extended,CL05A105KL5NRNC,Samsung Electro-Mechanics,Samsung CL,0402,10%,,35V,X5R,,,,,E24,Pre-Flight,General Purpose,Device:C,Capacitor_SMD:C_0402_1005Metric,https://www.lcsc.com/datasheet/lcsc_datasheet_2304140030_Samsung-Electro-Mechanics-CL05A105KL5NRNC_C307413.pdf,https://www.lcsc.com/product-detail/multilayer-ceramic-capacitors-mlcc-smd-smt_samsung-electro-mechanics-cl05a105kl5nrnc_C307413.html,"Capacitor 1uF 10% 35V X5R 0402 Multilayer Ceramic Capacitors (CL Series), Samsung Electro-Mechanics CL05A105KL5NRNC (Pre-Flight, LCSC Extended)",capacitor 1uF 0402 samsung electro-mechanics samsung cl pre-flight general purpose,200999,0.0201
C 1uF 0402 6.3V X5R 10% Samsung,1uF,C107372,Extended,CL05A105KQ5NNNC,Samsung Electro-Mechanics,Samsung CL,0402,10%,,6.3V,X5R,,,,,E24,Pre-Flight,General Purpose,Device:C,Capacitor_SMD:C_0402_1005Metric,https://www.lcsc.com/datasheet/lcsc_datasheet_2304140030_Samsung-Electro-Mechanics-CL05A105KQ5NNNC_C107372.pdf,https://www.lcsc.com/product-detail/multilayer-ceramic-capacitors-mlcc-smd-smt_samsung-electro-mechanics-cl05a105kq5nnnc_C107372.html,"Capacitor 1uF 10% 6.3V X5R 0402 Multilayer Ceramic Capacitors (CL Series), Samsung Electro-Mechanics CL05A105KQ5NNNC (Pre-Flight, LCSC Extended)",capacitor 1uF 0402 samsung electro-mechanics samsung cl pre-flight general purpose,1699327,0.007
C 1uF 0402 6.3V X7R 10% Samsung,1uF,C307427,Extended,CL05B105KQ5NQNC,Samsung Electro-Mechanics,Samsung CL,0402,10%,,6.3V,X7R,,,,,E24,Pre-Flight,General Purpose,Device:C,Capacitor_SMD:C_0402_1005Metric,https://www.lcsc.com/datasheet/lcsc_datasheet_2304140030_Samsung-Electro-Mechanics-CL05B105KQ5NQNC_C307427.pdf,https://www.lcsc.com/product-detail/multilayer-ceramic-capacitors-mlcc-smd-smt_samsung-electro-mechanics-cl05b105kq5nqnc_C307427.html,"Capacitor 1uF 10% 6.3V X7R 0402 Multilayer Ceramic Capacitors (CL Series), Samsung Electro-Mechanics CL05B105KQ5NQNC (Pre-Flight, LCSC Extended)",capacitor 1uF 0402 samsung electro-mechanics samsung cl pre-flight general purpose,410784,0.0105
C 1uF 0402 6.3V X5R 20% Samsung,1uF,C318573,Extended,CL05A105MQ5NNNC,Samsung Electro-Mechanics,Samsung CL,0402,20%,,6.3V,X5R,,,,,E24,Pre-Flight,General Purpose,Device:C,Capacitor_SMD:C_0402_1005Metric,https://wmsc.lcsc.com/wmsc/upload/file/pdf/v2/lcsc/2309061404_Samsung-Electro-Mechanics-CL05A105MQ5NNNC_C318573.pdf,https://www.lcsc.com/product-detail/multilayer-ceramic-capacitors-mlcc-smd-smt_samsung-electro-mechanics-cl05a105mq5nnnc_C318573.html,"Capacitor 1uF 20% 6.3V X5R 0402 Multilayer Ceramic Capacitors (CL Series), Samsung Electro-Mechanics CL05A105MQ5NNNC (Pre-Flight, LCSC Extended)",capacitor 1uF 0402 samsung electro-mechanics samsung cl pre-flight general purpose,295313,0.0078
C 2.2uF 0402 10V X5R 10% Samsung,2.2uF,C107369,Extended,CL05A225KP5NSNC,Samsung Electro-Mechanics,Samsung CL,0402,10%,,10V,X5R,,,,,E24,Pre-Flight,General Purpose,Device:C,Capacitor_SMD:C_0402_1005Metric,https://datasheet.lcsc.com/lcsc/1811151158_Samsung-Electro-Mechanics-CL05A225KP5NSNC_C107369.pdf,https://lcsc.com/product-detail/Multilayer-Ceramic-Capacitors-MLCC-SMD-SMT_Samsung-Electro-Mechanics-CL05A225KP5NSNC_C107369.html,"Capacitor 2.2uF 10% 10V X5R 0402 Multilayer Ceramic Capacitors (CL Series), Samsung Electro-Mechanics CL05A225KP5NSNC (Pre-Flight, LCSC Extended)",capacitor 2.2uF 0402 samsung electro-mechanics samsung cl pre-flight general purpose,549282,0.0157
C 2.2uF 0402 16V X5R 10% Samsung,2.2uF,C170151,Extended,CL05A225KO5NQNC,Samsung Electro-Mechanics,Samsung CL,0402,10%,,16V,X5R,,,,,E24,Pre-Flight,General Purpose,Device:C,Capacitor_SMD:C_0402_1005Metric,https://www.lcsc.com/datasheet/lcsc_datasheet_2304140030_Samsung-Electro-Mechanics-CL05A225KO5NQNC_C170151.pdf,https://www.lcsc.com/product-detail/multilayer-ceramic-capacitors-mlcc-smd-smt_samsung-electro-mechanics-cl05a225ko5nqnc_C170151.html,"Capacitor 2.2uF 10% 16V X5R 0402 Multilayer Ceramic Capacitors (CL Series), Samsung Electro-Mechanics CL05A225KO5NQNC (Pre-Flight, LCSC Extended)",capacitor 2.2uF 0402 samsung electro-mechanics samsung cl pre-flight general purpose,872581,0.0173
C 2.2uF 0402 25V X5R 10% Samsung,2.2uF,C307418,Extended,CL05A225KA5NUNC,Samsung Electro-Mechanics,Samsung CL,0402,10%,,25V,X5R,,,,,E24,Pre-Flight,General Purpose,Device:C,Capacitor_SMD:C_0402_1005Metric,https://www.lcsc.com/datasheet/C1705.pdf,https://www.lcsc.com/product-detail/multilayer-ceramic-capacitors-mlcc-smd-smt_samsung-electro-mechanics-cl05a225ka5nunc_C307418.html,"Capacitor 2.2uF 10% 25V X5R 0402 Multilayer Ceramic Capacitors (CL Series), Samsung Electro-Mechanics CL05A225KA5NUNC (Pre-Flight, LCSC Extended)",capacitor 2.2uF 0402 samsung electro-mechanics samsung cl pre-flight general purpose,655676,0.0266
C 2.2uF 0402 6.3V X5R 10% Samsung,2.2uF,C307419,Extended,CL05A225KQ5NSNC,Samsung Electro-Mechanics,Samsung CL,0402,10%,,6.3V,X5R,,,,,E24,Pre-Flight,General Purpose,Device:C,Capacitor_SMD:C_0402_1005Metric,https://wmsc.lcsc.com/wmsc/upload/file/pdf/v2/lcsc/2304140030_Samsung-Electro-Mechanics-CL05A225KQ5NSNC_C307419.pdf,https://www.lcsc.com/product-detail/multilayer-ceramic-capacitors-mlcc-smd-smt_samsung-electro-mechanics-cl05a225kq5nsnc_C307419.html,"Capacitor 2.2uF 10% 6.3V X5R 0402 Multilayer Ceramic Capacitors (CL Series), Samsung Electro-Mechanics CL05A225KQ5NSNC (Pre-Flight, LCSC Extended)",capacitor 2.2uF 0402 samsung electro-mechanics samsung cl pre-flight general purpose,125116,0.0218
C 2.2uF 0402 10V X5R 20% Samsung,2.2uF,C444845,Extended,CL05A225MP5NSNC,Samsung Electro-Mechanics,Samsung CL,0402,20%,,10V,X5R,,,,,E24,Pre-Flight,General Purpose,Device:C,Capacitor_SMD:C_0402_1005Metric,https://wmsc.lcsc.com/wmsc/upload/file/pdf/v2/lcsc/2304140030_Samsung-Electro-Mechanics-CL05A225MP5NSNC_C444845.pdf,https://www.lcsc.com/product-detail/multilayer-ceramic-capacitors-mlcc-smd-smt_samsung-electro-mechanics-cl05a225mp5nsnc_C444845.html,"Capacitor 2.2uF 20% 10V X5R 0402 Multilayer Ceramic Capacitors (CL Series), Samsung Electro-Mechanics CL05A225MP5NSNC (Pre-Flight, LCSC Extended)",capacitor 2.2uF 0402 samsung electro-mechanics samsung cl pre-flight general purpose,118878,0.0094
C 2.2uF 0402 16V X5R 20% Samsung,2.2uF,C318564,Extended,CL05A225MO5NQNC,Samsung Electro-Mechanics,Samsung CL,0402,20%,,16V,X5R,,,,,E24,Pre-Flight,General Purpose,Device:C,Capacitor_SMD:C_0402_1005Metric,https://wmsc.lcsc.com/wmsc/upload/file/pdf/v2/lcsc/2304140030_Samsung-Electro-Mechanics-CL05A225MO5NQNC_C318564.pdf,https://www.lcsc.com/product-detail/multilayer-ceramic-capacitors-mlcc-smd-smt_samsung-electro-mechanics-cl05a225mo5nqnc_C318564.html,"Capacitor 2.2uF 20% 16V X5R 0402 Multilayer Ceramic Capacitors (CL Series), Samsung Electro-Mechanics CL05A225MO5NQNC (Pre-Flight, LCSC Extended)",capacitor 2.2uF 0402 samsung electro-mechanics samsung cl pre-flight general purpose,51167,0.0282
C 2.2uF 0402 25V X5R 20% Samsung,2.2uF,C159814,Extended,CL05A225MA5NUNC,Samsung Electro-Mechanics,Samsung CL,0402,20%,,25V,X5R,,,,,E24,Pre-Flight,General Purpose,Device:C,Capacitor_SMD:C_0402_1005Metric,https://www.lcsc.com/datasheet/lcsc_datasheet_2304140030_Samsung-Electro-Mechanics-CL05A225MA5NUNC_C159814.pdf,https://www.lcsc.com/product-detail/multilayer-ceramic-capacitors-mlcc-smd-smt_samsung-electro-mechanics-cl05a225ma5nunc_C159814.html,"Capacitor 2.2uF 20% 25V X5R 0402 Multilayer Ceramic Capacitors (CL Series), Samsung Electro-Mechanics CL05A225MA5NUNC (Pre-Flight, LCSC Extended)",capacitor 2.2uF 0402 samsung electro-mechanics samsung cl pre-flight general purpose,49167,0.0284
C 4.3uF 0402 4V X5R 20% Samsung,4.3uF,C525648,Extended,CL05A435MR5NWNC,Samsung Electro-Mechanics,Samsung CL,0402,20%,,4V,X5R,,,,,E24,Pre-Flight,General Purpose,Device:C,Capacitor_SMD:C_0402_1005Metric,https://www.lcsc.com/datasheet/lcsc_datasheet_2005041035_Samsung-Electro-Mechanics-CL05A435MR5NWNC_C525648.pdf,https://www.lcsc.com/product-detail/multilayer-ceramic-capacitors-mlcc-smd-smt_samsung-electro-mechanics-cl05a435mr5nwnc_C525648.html,"Capacitor 4.3uF 20% 4V X5R 0402 Multilayer Ceramic Capacitors (CL Series), Samsung Electro-Mechanics CL05A435MR5NWNC (Pre-Flight, LCSC Extended)",capacitor 4.3uF 0402 samsung electro-mechanics samsung cl pre-flight general purpose,5545,0.0305
C 4.7uF 0402 10V X5R 10% Samsung,4.7uF,C368809,Extended,CL05A475KP5NRNC,Samsung Electro-Mechanics,Samsung CL,0402,10%,,10V,X5R,,,,,E24,Pre-Flight,General Purpose,Device:C,Capacitor_SMD:C_0402_1005Metric,https://www.lcsc.com/datasheet/lcsc_datasheet_2304140030_Samsung-Electro-Mechanics-CL05A475KP5NRNC_C368809.pdf,https://www.lcsc.com/product-detail/multilayer-ceramic-capacitors-mlcc-smd-smt_samsung-electro-mechanics-cl05a475kp5nrnc_C368809.html,"Capacitor 4.7uF 10% 10V X5R 0402 Multilayer Ceramic Capacitors (CL Series), Samsung Electro-Mechanics CL05A475KP5NRNC (Pre-Flight, LCSC Extended)",capacitor 4.7uF 0402 samsung electro-mechanics samsung cl pre-flight general purpose,1315908,0.017
C 4.7uF 0402 6.3V X5R 10% Samsung,4.7uF,C2932473,Extended,CL05A475KQ5NRNC,Samsung Electro-Mechanics,Samsung CL,0402,10%,,6.3V,X5R,,,,,E24,Pre-Flight,General Purpose,Device:C,Capacitor_SMD:C_0402_1005Metric,https://wmsc.lcsc.com/wmsc/upload/file/pdf/v2/lcsc/2201121530_Samsung-Electro-Mechanics-CL05A475KQ5NRNC_C2932473.pdf,https://www.lcsc.com/product-detail/multilayer-ceramic-capacitors-mlcc-smd-smt_samsung-electro-mechanics-cl05a475kq5nrnc_C2932473.html,"Capacitor 4.7uF 10% 6.3V X5R 0402 Multilayer Ceramic Capacitors (CL Series), Samsung Electro-Mechanics CL05A475KQ5NRNC (Pre-Flight, LCSC Extended)",capacitor 4.7uF 0402 samsung electro-mechanics samsung cl pre-flight general purpose,553289,0.017
C 4.7uF 0402 16V X5R 20% Samsung,4.7uF,C318563,Extended,CL05A475MO5NUNC,Samsung Electro-Mechanics,Samsung CL,0402,20%,,16V,X5R,,,,,E24,Pre-Flight,General Purpose,Device:C,Capacitor_SMD:C_0402_1005Metric,https://wmsc.lcsc.com/wmsc/upload/file/pdf/v2/lcsc/2207071030_Samsung-Electro-Mechanics-CL05A475MO5NUNC_C318563.pdf,https://www.lcsc.com/product-detail/multilayer-ceramic-capacitors-mlcc-smd-smt_samsung-electro-mechanics-cl05a475mo5nunc_C318563.html,"Capacitor 4.7uF 20% 16V X5R 0402 Multilayer Ceramic Capacitors (CL Series), Samsung Electro-Mechanics CL05A475MO5NUNC (Pre-Flight, LCSC Extended)",capacitor 4.7uF 0402 samsung electro-mechanics samsung cl pre-flight general purpose,699395,0.0231
C 4.7uF 0402 6.3V X5R 20% Samsung,4.7uF,C307423,Extended,CL05A475MQ5NRNC,Samsung Electro-Mechanics,Samsung CL,0402,20%,,6.3V,X5R,,,,,E24,Pre-Flight,General Purpose,Device:C,Capacitor_SMD:C_0402_1005Metric,https://www.lcsc.com/datasheet/lcsc_datasheet_1810231822_Samsung-Electro-Mechanics-CL05A475MQ5NRNC_C307423.pdf,https://www.lcsc.com/product-detail/multilayer-ceramic-capacitors-mlcc-smd-smt_samsung-electro-mechanics-cl05a475mq5nrnc_C307423.html,"Capacitor 4.7uF 20% 6.3V X5R 0402 Multilayer Ceramic Capacitors (CL Series), Samsung Electro-Mechanics CL05A475MQ5NRNC (Pre-Flight, LCSC Extended)",capacitor 4.7uF 0402 samsung electro-mechanics samsung cl pre-flight general purpose,844959,0.0176
C 10uF 0402 10V X5R 20% Samsung,10uF,C315248,Extended,CL05A106MP5NUNC,Samsung Electro-Mechanics,Samsung CL,0402,20%,,10V,X5R,,,,,E24,Pre-Flight,General Purpose,Device:C,Capacitor_SMD:C_0402_1005Metric,https://wmsc.lcsc.com/wmsc/upload/file/pdf/v2/lcsc/2312201433_Samsung-Electro-Mechanics-CL05A106MP5NUNC_C315248.pdf,https://www.lcsc.com/product-detail/multilayer-ceramic-capacitors-mlcc-smd-smt_samsung-electro-mechanics-cl05a106mp5nunc_C315248.html,"Capacitor 10uF 20% 10V X5R 0402 Multilayer Ceramic Capacitors (CL Series), Samsung Electro-Mechanics CL05A106MP5NUNC (Pre-Flight, LCSC Extended)",capacitor 10uF 0402 samsung electro-mechanics samsung cl pre-flight general purpose,416307,0.0337
C 10uF 0402 4V X6S 20% Samsung,10uF,C3039686,Extended,CL05X106MR5NUNC,Samsung Electro-Mechanics,Samsung CL,0402,20%,,4V,X6S,,,,,E24,Pre-Flight,General Purpose,Device:C,Capacitor_SMD:C_0402_1005Metric,https://wmsc.lcsc.com/wmsc/upload/file/pdf/v2/lcsc/2206222045_Samsung-Electro-Mechanics-CL05X106MR5NUNC_C3039686.pdf,https://www.lcsc.com/product-detail/multilayer-ceramic-capacitors-mlcc-smd-smt_samsung-electro-mechanics-cl05x106mr5nunc_C3039686.html,"Capacitor 10uF 20% 4V X6S 0402 Multilayer Ceramic Capacitors (CL Series), Samsung Electro-Mechanics CL05X106MR5NUNC (Pre-Flight, LCSC Extended)",capacitor 10uF 0402 samsung electro-mechanics samsung cl pre-flight general purpose,18318,0.0602
C 10uF 0402 6.3V X6S 20% Samsung,10uF,C3039687,Extended,CL05X106MQ5NUNC,Samsung Electro-Mechanics,Samsung CL,0402,20%,,6.3V,X6S,,,,,E24,Pre-Flight,General Purpose,Device:C,Capacitor_SMD:C_0402_1005Metric,https://wmsc.lcsc.com/wmsc/upload/file/pdf/v2/lcsc/2206222045_Samsung-Electro-Mechanics-CL05X106MQ5NUNC_C3039687.pdf,https://www.lcsc.com/product-detail/multilayer-ceramic-capacitors-mlcc-smd-smt_samsung-electro-mechanics-cl05x106mq5nunc_C3039687.html,"Capacitor 10uF 20% 6.3V X6S 0402 Multilayer Ceramic Capacitors (CL Series), Samsung Electro-Mechanics CL05X106MQ5NUNC (Pre-Flight, LCSC Extended)",capacitor 10uF 0402 samsung electro-mechanics samsung cl pre-flight general purpose,60099,0.0724
C 22uF 0402 4V X6S 20% Samsung,22uF,C6150048,Extended,CL05X226MR6NUW8,Samsung Electro-Mechanics,Samsung CL,0402,20%,,4V,X6S,,,,,E24,Pre-Flight,General Purpose,Device:C,Capacitor_SMD:C_0402_1005Metric,https://www.lcsc.com/datasheet/C1705.pdf,https://www.lcsc.com/product-detail/multilayer-ceramic-capacitors-mlcc-smd-smt_samsung-electro-mechanics-cl05x226mr6nuw8_C6150048.html,"Capacitor 22uF 20% 4V X6S 0402 Multilayer Ceramic Capacitors (CL Series), Samsung Electro-Mechanics CL05X226MR6NUW8 (Pre-Flight, LCSC Extended)",capacitor 22uF 0402 samsung electro-mechanics samsung cl pre-flight general purpose,2494,0.1281
C 22uF 0402 6.3V X5R 20% Samsung,22uF,C105226,Extended,CL05A226MQ5QUNC,Samsung Electro-Mechanics,Samsung CL,0402,20%,,6.3V,X5R,,,,,E24,Pre-Flight,General Purpose,Device:C,Capacitor_SMD:C_0402_1005Metric,https://wmsc.lcsc.com/wmsc/upload/file/pdf/v2/lcsc/2309061403_Samsung-Electro-Mechanics-CL05A226MQ5QUNC_C105226.pdf,https://www.lcsc.com/product-detail/multilayer-ceramic-capacitors-mlcc-smd-smt_samsung-electro-mechanics-cl05a226mq5qunc_C105226.html,"Capacitor 22uF 20% 6.3V X5R 0402 Multilayer Ceramic Capacitors (CL Series), Samsung Electro-Mechanics CL05A226MQ5QUNC (Pre-Flight, LCSC Extended)",capacitor 22uF 0402 samsung electro-mechanics samsung cl pre-flight general purpose,40647,0.1988
C 27pF 0603 50V C0G 5% Samsung,27pF,C1656,Extended,CL10C270JB8NNNC,Samsung Electro-Mechanics,Samsung CL,0603,5%,,50V,C0G,,,,,E24,Pre-Flight,General Purpose,Device:C,Capacitor_SMD:C_0603_1608Metric,https://www.lcsc.com/datasheet/lcsc_datasheet_2304140030_Samsung-Electro-Mechanics-CL10C270JB8NNNC_C1656.pdf,https://www.lcsc.com/product-detail/multilayer-ceramic-capacitors-mlcc-smd-smt_samsung-electro-mechanics-cl10c270jb8nnnc_C1656.html,"Capacitor 27pF 5% 50V C0G 0603 Multilayer Ceramic Capacitors (CL Series), Samsung Electro-Mechanics CL10C270JB8NNNC (Pre-Flight, LCSC Extended)",capacitor 27pF 0603 samsung electro-mechanics samsung cl pre-flight general purpose,41010,0.0142
C 39pF 0603 50V C0G 5% Samsung,39pF,C472792,Extended,CL10C390JB81PNC,Samsung Electro-Mechanics,Samsung CL,0603,5%,,50V,C0G,,,,,E24,Pre-Flight,General Purpose,Device:C,Capacitor_SMD:C_0603_1608Metric,https://wmsc.lcsc.com/wmsc/upload/file/pdf/v2/lcsc/2304140030_Samsung-Electro-Mechanics-CL10C390JB81PNC_C472792.pdf,https://www.lcsc.com/product-detail/multilayer-ceramic-capacitors-mlcc-smd-smt_samsung-electro-mechanics-cl10c390jb81pnc_C472792.html,"Capacitor 39pF 5% 50V C0G 0603 Multilayer Ceramic Capacitors (CL Series), Samsung Electro-Mechanics CL10C390JB81PNC (Pre-Flight, LCSC Extended)",capacitor 39pF 0603 samsung electro-mechanics samsung cl pre-flight general purpose,14830,0.017
C 47pF 0603 100V C0G 5% Samsung,47pF,C318679,Extended,CL10C470JC8NNNC,Samsung Electro-Mechanics,Samsung CL,0603,5%,,100V,C0G,,,,,E24,Pre-Flight,General Purpose,Device:C,Capacitor_SMD:C_0603_1608Metric,https://wmsc.lcsc.com/wmsc/upload/file/pdf/v2/lcsc/1912111437_Samsung-Electro-Mechanics-CL10C470JC8NNNC_C318679.pdf,https://www.lcsc.com/product-detail/multilayer-ceramic-capacitors-mlcc-smd-smt_samsung-electro-mechanics-cl10c470jc8nnnc_C318679.html,"Capacitor 47pF 5% 100V C0G 0603 Multilayer Ceramic Capacitors (CL Series), Samsung Electro-Mechanics CL10C470JC8NNNC (Pre-Flight, LCSC Extended)",capacitor 47pF 0603 samsung electro-mechanics samsung cl pre-flight general purpose,71822,0.015
C 82pF 0603 50V C0G 5% Samsung,82pF,C472802,Extended,CL10C820JB81PNC,Samsung Electro-Mechanics,Samsung CL,0603,5%,,50V,C0G,,,,,E24,Pre-Flight,General Purpose,Device:C,Capacitor_SMD:C_0603_1608Metric,https://wmsc.lcsc.com/wmsc/upload/file/pdf/v2/lcsc/2304140030_Samsung-Electro-Mechanics-CL10C820JB81PNC_C472802.pdf,https://www.lcsc.com/product-detail/multilayer-ceramic-capacitors-mlcc-smd-smt_samsung-electro-mechanics-cl10c820jb81pnc_C472802.html,"Capacitor 82pF 5% 50V C0G 0603 Multilayer Ceramic Capacitors (CL Series), Samsung Electro-Mechanics CL10C820JB81PNC (Pre-Flight, LCSC Extended)",capacitor 82pF 0603 samsung electro-mechanics samsung cl pre-flight general purpose,9157,0.0159
C 100pF 0603 50V C0G 1% Samsung,100pF,C3873533,Extended,CL10C101FB81PNC,Samsung Electro-Mechanics,Samsung CL,0603,1%,,50V,C0G,,,,,E24,Pre-Flight,General Purpose,Device:C,Capacitor_SMD:C_0603_1608Metric,https://wmsc.lcsc.com/wmsc/upload/file/pdf/v2/lcsc/2309061354_Samsung-Electro-Mechanics-CL10C101FB81PNC_C3873533.pdf,https://www.lcsc.com/product-detail/multilayer-ceramic-capacitors-mlcc-smd-smt_samsung-electro-mechanics-cl10c101fb81pnc_C3873533.html,"Capacitor 100pF 1% 50V C0G 0603 Multilayer Ceramic Capacitors (CL Series), Samsung Electro-Mechanics CL10C101FB81PNC (Pre-Flight, LCSC Extended)",capacitor 100pF 0603 samsung electro-mechanics samsung cl pre-flight general purpose,7769,0.098
C 100pF 0603 100V C0G 5% Samsung,100pF,C296717,Extended,CL10C101JC8NNNC,Samsung Electro-Mechanics,Samsung CL,0603,5%,,100V,C0G,,,,,E24,Pre-Flight,General Purpose,Device:C,Capacitor_SMD:C_0603_1608Metric,https://wmsc.lcsc.com/wmsc/upload/file/pdf/v2/lcsc/2304140030_Samsung-Electro-Mechanics-CL10C101JC8NNNC_C296717.pdf,https://www.lcsc.com/product-detail/multilayer-ceramic-capacitors-mlcc-smd-smt_samsung-electro-mechanics-cl10c101jc8nnnc_C296717.html,"Capacitor 100pF 5% 100V C0G 0603 Multilayer Ceramic Capacitors (CL Series), Samsung Electro-Mechanics CL10C101JC8NNNC (Pre-Flight, LCSC Extended)",capacitor 100pF 0603 samsung electro-mechanics samsung cl pre-flight general purpose,155349,0.0075
C 120pF 0603 50V C0G 5% Samsung,120pF,C18438,Extended,CL10C121JB8NNNC,Samsung Electro-Mechanics,Samsung CL,0603,5%,,50V,C0G,,,,,E24,Pre-Flight,General Purpose,Device:C,Capacitor_SMD:C_0603_1608Metric,https://www.lcsc.com/datasheet/lcsc_datasheet_2304140030_Samsung-Electro-Mechanics-CL10C121JB8NNNC_C18438.pdf,https://www.lcsc.com/product-detail/multilayer-ceramic-capacitors-mlcc-smd-smt_samsung-electro-mechanics-cl10c121jb8nnnc_C18438.html,"Capacitor 120pF 5% 50V C0G 0603 Multilayer Ceramic Capacitors (CL Series), Samsung Electro-Mechanics CL10C121JB8NNNC (Pre-Flight, LCSC Extended)",capacitor 120pF 0603 samsung electro-mechanics samsung cl pre-flight general purpose,16300,0.0188
C 150pF 0603 100V C0G 5% Samsung,150pF,C16194574,Extended,CL10C151JC81PNC,Samsung Electro-Mechanics,Samsung CL,0603,5%,,100V,C0G,,,,,E24,Pre-Flight,General Purpose,Device:C,Capacitor_SMD:C_0603_1608Metric,https://wmsc.lcsc.com/wmsc/upload/file/pdf/v2/lcsc/2309051740_Samsung-Electro-Mechanics-CL10C151JC81PNC_C16194574.pdf,https://www.lcsc.com/product-detail/multilayer-ceramic-capacitors-mlcc-smd-smt_samsung-electro-mechanics-cl10c151jc81pnc_C16194574.html,"Capacitor 150pF 5% 100V C0G 0603 Multilayer Ceramic Capacitors (CL Series), Samsung Electro-Mechanics CL10C151JC81PNC (Pre-Flight, LCSC Extended)",capacitor 150pF 0603 samsung electro-mechanics samsung cl pre-flight general purpose,2842,0.0138
C 150pF 0603 50V C0G 5% Samsung,150pF,C37298,Extended,CL10C151JB8NNNC,Samsung Electro-Mechanics,Samsung CL,0603,5%,,50V,C0G,,,,,E24,Pre-Flight,General Purpose,Device:C,Capacitor_SMD:C_0603_1608Metric,https://www.lcsc.com/datasheet/lcsc_datasheet_2304140030_Samsung-Electro-Mechanics-CL10C151JB8NNNC_C37298.pdf,https://www.lcsc.com/product-detail/multilayer-ceramic-capacitors-mlcc-smd-smt_samsung-electro-mechanics-cl10c151jb8nnnc_C37298.html,"Capacitor 150pF 5% 50V C0G 0603 Multilayer Ceramic Capacitors (CL Series), Samsung Electro-Mechanics CL10C151JB8NNNC (Pre-Flight, LCSC Extended)",capacitor 150pF 0603 samsung electro-mechanics samsung cl pre-flight general purpose,7452,0.0098
C 180pF 0603 50V C0G 5% Samsung,180pF,C17096,Extended,CL10C181JB8NNNC,Samsung Electro-Mechanics,Samsung CL,0603,5%,,50V,C0G,,,,,E24,Pre-Flight,General Purpose,Device:C,Capacitor_SMD:C_0603_1608Metric,https://datasheet.lcsc.com/lcsc/1811080008_Samsung-Electro-Mechanics-CL10C181JB8NNNC_C17096.pdf,https://lcsc.comhttps://lcsc.com/product-detail/Multilayer-Ceramic-Capacitors-MLCC-SMD-SMT_Samsung-Electro-Mechanics-CL10C181JB8NNNC_C17096.html,"Capacitor 180pF 5% 50V C0G 0603 Multilayer Ceramic Capacitors (CL Series), Samsung Electro-Mechanics CL10C181JB8NNNC (Pre-Flight, LCSC Extended)",capacitor 180pF 0603 samsung electro-mechanics samsung cl pre-flight general purpose,31796,0.0131
C 220pF 0603 100V X7R 10% Samsung,220pF,C16194548,Extended,CL10B221KC85PNC,Samsung Electro-Mechanics,Samsung CL,0603,10%,,100V,X7R,,,,,E24,Pre-Flight,General Purpose,Device:C,Capacitor_SMD:C_0603_1608Metric,https://wmsc.lcsc.com/wmsc/upload/file/pdf/v2/lcsc/2309051740_Samsung-Electro-Mechanics-CL10B221KC85PNC_C16194548.pdf,https://www.lcsc.com/product-detail/multilayer-ceramic-capacitors-mlcc-smd-smt_samsung-electro-mechanics-cl10b221kc85pnc_C16194548.html,"Capacitor 220pF 10% 100V X7R 0603 Multilayer Ceramic Capacitors (CL Series), Samsung Electro-Mechanics CL10B221KC85PNC (Pre-Flight, LCSC Extended)",capacitor 220pF 0603 samsung electro-mechanics samsung cl pre-flight general purpose,7497,0.0298
C 220pF 0603 100V C0G 5% Samsung,220pF,C472787,Extended,CL10C221JC81PNC,Samsung Electro-Mechanics,Samsung CL,0603,5%,,100V,C0G,,,,,E24,Pre-Flight,General Purpose,Device:C,Capacitor_SMD:C_0603_1608Metric,https://wmsc.lcsc.com/wmsc/upload/file/pdf/v2/lcsc/2304140030_Samsung-Electro-Mechanics-CL10C221JC81PNC_C472787.pdf,https://www.lcsc.com/product-detail/multilayer-ceramic-capacitors-mlcc-smd-smt_samsung-electro-mechanics-cl10c221jc81pnc_C472787.html,"Capacitor 220pF 5% 100V C0G 0603 Multilayer Ceramic Capacitors (CL Series), Samsung Electro-Mechanics CL10C221JC81PNC (Pre-Flight, LCSC Extended)",capacitor 220pF 0603 samsung electro-mechanics samsung cl pre-flight general purpose,198263,0.0192
C 220pF 0603 50V C0G 5% Samsung,220pF,C27675,Extended,CL10C221JB8NNNC,Samsung Electro-Mechanics,Samsung CL,0603,5%,,50V,C0G,,,,,E24,Pre-Flight,General Purpose,Device:C,Capacitor_SMD:C_0603_1608Metric,https://www.lcsc.com/datasheet/lcsc_datasheet_2304140030_Samsung-Electro-Mechanics-CL10C221JB8NNNC_C27675.pdf,https://www.lcsc.com/product-detail/multilayer-ceramic-capacitors-mlcc-smd-smt_samsung-electro-mechanics-cl10c221jb8nnnc_C27675.html,"Capacitor 220pF 5% 50V C0G 0603 Multilayer Ceramic Capacitors (CL Series), Samsung Electro-Mechanics CL10C221JB8NNNC (Pre-Flight, LCSC Extended)",capacitor 220pF 0603 samsung electro-mechanics samsung cl pre-flight general purpose,90992,0.0095
C 270pF 0603 50V C0G 5% Samsung,270pF,C1657,Extended,CL10C271JB8NNNC,Samsung Electro-Mechanics,Samsung CL,0603,5%,,50V,C0G,,,,,E24,Pre-Flight,General Purpose,Device:C,Capacitor_SMD:C_0603_1608Metric,https://www.lcsc.com/datasheet/lcsc_datasheet_2304140030_Samsung-Electro-Mechanics-CL10C271JB8NNNC_C1657.pdf,https://www.lcsc.com/product-detail/multilayer-ceramic-capacitors-mlcc-smd-smt_samsung-electro-mechanics-cl10c271jb8nnnc_C1657.html,"Capacitor 270pF 5% 50V C0G 0603 Multilayer Ceramic Capacitors (CL Series), Samsung Electro-Mechanics CL10C271JB8NNNC (Pre-Flight, LCSC Extended)",capacitor 270pF 0603 samsung electro-mechanics samsung cl pre-flight general purpose,19788,0.0129
C 330pF 0603 100V X7R 10% Samsung,330pF,C472766,Extended,CL10B331KC8WPNC,Samsung Electro-Mechanics,Samsung CL,0603,10%,,100V,X7R,,,,,E24,Pre-Flight,General Purpose,Device:C,Capacitor_SMD:C_0603_1608Metric,https://wmsc.lcsc.com/wmsc/upload/file/pdf/v2/lcsc/2304140030_Samsung-Electro-Mechanics-CL10B331KC8WPNC_C472766.pdf,https://www.lcsc.com/product-detail/multilayer-ceramic-capacitors-mlcc-smd-smt_samsung-electro-mechanics-cl10b331kc8wpnc_C472766.html,"Capacitor 330pF 10% 100V X7R 0603 Multilayer Ceramic Capacitors (CL Series), Samsung Electro-Mechanics CL10B331KC8WPNC (Pre-Flight, LCSC Extended)",capacitor 330pF 0603 samsung electro-mechanics samsung cl pre-flight general purpose,7182,0.0526
C 330pF 0603 50V X7R 10% Samsung,330pF,C307487,Extended,CL10B331KB8NNNC,Samsung Electro-Mechanics,Samsung CL,0603,10%,,50V,X7R,,,,,E24,Pre-Flight,General Purpose,Device:C,Capacitor_SMD:C_0603_1608Metric,https://wmsc.lcsc.com/wmsc/upload/file/pdf/v2/lcsc/2304140030_Samsung-Electro-Mechanics-CL10B331KB8NNNC_C307487.pdf,https://www.lcsc.com/product-detail/multilayer-ceramic-capacitors-mlcc-smd-smt_samsung-electro-mechanics-cl10b331kb8nnnc_C307487.html,"Capacitor 330pF 10% 50V X7R 0603 Multilayer Ceramic Capacitors (CL Series), Samsung Electro-Mechanics CL10B331KB8NNNC (Pre-Flight, LCSC Extended)",capacitor 330pF 0603 samsung electro-mechanics samsung cl pre-flight general purpose,12464,0.0214
C 390pF 0603 50V C0G 5% Samsung,390pF,C472793,Extended,CL10C391JB81PNC,Samsung Electro-Mechanics,Samsung CL,0603,5%,,50V,C0G,,,,,E24,Pre-Flight,General Purpose,Device:C,Capacitor_SMD:C_0603_1608Metric,https://wmsc.lcsc.com/wmsc/upload/file/pdf/v2/lcsc/2304140030_Samsung-Electro-Mechanics-CL10C391JB81PNC_C472793.pdf,https://www.lcsc.com/product-detail/multilayer-ceramic-capacitors-mlcc-smd-smt_samsung-electro-mechanics-cl10c391jb81pnc_C472793.html,"Capacitor 390pF 5% 50V C0G 0603 Multilayer Ceramic Capacitors (CL Series), Samsung Electro-Mechanics CL10C391JB81PNC (Pre-Flight, LCSC Extended)",capacitor 390pF 0603 samsung electro-mechanics samsung cl pre-flight general purpose,7208,0.0149
C 470pF 0603 50V X7R 10% Samsung,470pF,C22396,Extended,CL10B471KB8NNNC,Samsung Electro-Mechanics,Samsung CL,0603,10%,,50V,X7R,,,,,E24,Pre-Flight,General Purpose,Device:C,Capacitor_SMD:C_0603_1608Metric,https://www.lcsc.com/datasheet/lcsc_datasheet_2304140030_Samsung-Electro-Mechanics-CL10B471KB8NNNC_C22396.pdf,https://www.lcsc.com/product-detail/multilayer-ceramic-capacitors-mlcc-smd-smt_samsung-electro-mechanics-cl10b471kb8nnnc_C22396.html,"Capacitor 470pF 10% 50V X7R 0603 Multilayer Ceramic Capacitors (CL Series), Samsung Electro-Mechanics CL10B471KB8NNNC (Pre-Flight, LCSC Extended)",capacitor 470pF 0603 samsung electro-mechanics samsung cl pre-flight general purpose,266892,0.0138
C 470pF 0603 100V C0G 5% Samsung,470pF,C525649,Extended,CL10C471JC8NNNC,Samsung Electro-Mechanics,Samsung CL,0603,5%,,100V,C0G,,,,,E24,Pre-Flight,General Purpose,Device:C,Capacitor_SMD:C_0603_1608Metric,https://wmsc.lcsc.com/wmsc/upload/file/pdf/v2/lcsc/2304140030_Samsung-Electro-Mechanics-CL10C471JC8NNNC_C525649.pdf,https://www.lcsc.com/product-detail/multilayer-ceramic-capacitors-mlcc-smd-smt_samsung-electro-mechanics-cl10c471jc8nnnc_C525649.html,"Capacitor 470pF 5% 100V C0G 0603 Multilayer Ceramic Capacitors (CL Series), Samsung Electro-Mechanics CL10C471JC8NNNC (Pre-Flight, LCSC Extended)",capacitor 470pF 0603 samsung electro-mechanics samsung cl pre-flight general purpose,30583,0.0134
C 470pF 0603 50V C0G 5% Samsung,470pF,C27694,Extended,CL10C471JB8NNNC,Samsung Electro-Mechanics,Samsung CL,0603,5%,,50V,C0G,,,,,E24,Pre-Flight,General Purpose,Device:C,Capacitor_SMD:C_0603_1608Metric,https://www.lcsc.com/datasheet/lcsc_datasheet_2304140030_Samsung-Electro-Mechanics-CL10C471JB8NNNC_C27694.pdf,https://www.lcsc.com/product-detail/multilayer-ceramic-capacitors-mlcc-smd-smt_samsung-electro-mechanics-cl10c471jb8nnnc_C27694.html,"Capacitor 470pF 5% 50V C0G 0603 Multilayer Ceramic Capacitors (CL Series), Samsung Electro-Mechanics CL10C471JB8NNNC (Pre-Flight, LCSC Extended)",capacitor 470pF 0603 samsung electro-mechanics samsung cl pre-flight general purpose,125422,0.0089
C 680pF 0603 50V X7R 10% Samsung,680pF,C84722,Extended,CL10B681KB8NNNC,Samsung Electro-Mechanics,Samsung CL,0603,10%,,50V,X7R,,,,,E24,Pre-Flight,General Purpose,Device:C,Capacitor_SMD:C_0603_1608Metric,https://www.lcsc.com/datasheet/lcsc_datasheet_1810261521_Samsung-Electro-Mechanics-CL10B681KB8NNNC_C84722.pdf,https://www.lcsc.com/product-detail/multilayer-ceramic-capacitors-mlcc-smd-smt_samsung-electro-mechanics-cl10b681kb8nnnc_C84722.html,"Capacitor 680pF 10% 50V X7R 0603 Multilayer Ceramic Capacitors (CL Series), Samsung Electro-Mechanics CL10B681KB8NNNC (Pre-Flight, LCSC Extended)",capacitor 680pF 0603 samsung electro-mechanics samsung cl pre-flight general purpose,3600,0.0078
C 680pF 0603 50V C0G 5% Samsung,680pF,C30816,Extended,CL10C681JB8NNNC,Samsung Electro-Mechanics,Samsung CL,0603,5%,,50V,C0G,,,,,E24,Pre-Flight,General Purpose,Device:C,Capacitor_SMD:C_0603_1608Metric,https://www.lcsc.com/datasheet/lcsc_datasheet_2304140030_Samsung-Electro-Mechanics-CL10C681JB8NNNC_C30816.pdf,https://www.lcsc.com/product-detail/multilayer-ceramic-capacitors-mlcc-smd-smt_samsung-electro-mechanics-cl10c681jb8nnnc_C30816.html,"Capacitor 680pF 5% 50V C0G 0603 Multilayer Ceramic Capacitors (CL Series), Samsung Electro-Mechanics CL10C681JB8NNNC (Pre-Flight, LCSC Extended)",capacitor 680pF 0603 samsung electro-mechanics samsung cl pre-flight general purpose,71767,0.0154
C 820pF 0603 50V C0G 5% Samsung,820pF,C472803,Extended,CL10C821JB81PNC,Samsung Electro-Mechanics,Samsung CL,0603,5%,,50V,C0G,,,,,E24,Pre-Flight,General Purpose,Device:C,Capacitor_SMD:C_0603_1608Metric,https://wmsc.lcsc.com/wmsc/upload/file/pdf/v2/lcsc/2304140030_Samsung-Electro-Mechanics-CL10C821JB81PNC_C472803.pdf,https://www.lcsc.com/product-detail/multilayer-ceramic-capacitors-mlcc-smd-smt_samsung-electro-mechanics-cl10c821jb81pnc_C472803.html,"Capacitor 820pF 5% 50V C0G 0603 Multilayer Ceramic Capacitors (CL Series), Samsung Electro-Mechanics CL10C821JB81PNC (Pre-Flight, LCSC Extended)",capacitor 820pF 0603 samsung electro-mechanics samsung cl pre-flight general purpose,1784,0.0112
C 1nF 0603 100V X7R 10% Samsung,1nF,C153291,Extended,CL10B102KC8NNNC,Samsung Electro-Mechanics,Samsung CL,0603,10%,,100V,X7R,,,,,E24,Pre-Flight,General Purpose,Device:C,Capacitor_SMD:C_0603_1608Metric,https://www.lcsc.com/datasheet/lcsc_datasheet_2304140030_Samsung-Electro-Mechanics-CL10B102KC8NNNC_C153291.pdf,https://www.lcsc.com/product-detail/multilayer-ceramic-capacitors-mlcc-smd-smt_samsung-electro-mechanics-cl10b102kc8nnnc_C153291.html,"Capacitor 1nF 10% 100V X7R 0603 Multilayer Ceramic Capacitors (CL Series), Samsung Electro-Mechanics CL10B102KC8NNNC (Pre-Flight, LCSC Extended)",capacitor 1nF 0603 samsung electro-mechanics samsung cl pre-flight general purpose,181784,0.013
C 1nF 0603 25V C0G 5% Samsung,1nF,C2839443,Extended,CL10C102JA8NNNC,Samsung Electro-Mechanics,Samsung CL,0603,5%,,25V,C0G,,,,,E24,Pre-Flight,General Purpose,Device:C,Capacitor_SMD:C_0603_1608Metric,https://wmsc.lcsc.com/wmsc/upload/file/pdf/v2/lcsc/2304140030_Samsung-Electro-Mechanics-CL10C102JA8NNNC_C2839443.pdf,https://www.lcsc.com/product-detail/multilayer-ceramic-capacitors-mlcc-smd-smt_samsung-electro-mechanics-cl10c102ja8nnnc_C2839443.html,"Capacitor 1nF 5% 25V C0G 0603 Multilayer Ceramic Capacitors (CL Series), Samsung Electro-Mechanics CL10C102JA8NNNC (Pre-Flight, LCSC Extended)",capacitor 1nF 0603 samsung electro-mechanics samsung cl pre-flight general purpose,31692,0.0311
C 1nF 0603 50V C0G 5% Samsung,1nF,C163508,Extended,CL10C102JB8NNNC,Samsung Electro-Mechanics,Samsung CL,0603,5%,,50V,C0G,,,,,E24,Pre-Flight,General Purpose,Device:C,Capacitor_SMD:C_0603_1608Metric,https://www.lcsc.com/datasheet/lcsc_datasheet_2304140030_Samsung-Electro-Mechanics-CL10C102JB8NNNC_C163508.pdf,https://www.lcsc.com/product-detail/multilayer-ceramic-capacitors-mlcc-smd-smt_samsung-electro-mechanics-cl10c102jb8nnnc_C163508.html,"Capacitor 1nF 5% 50V C0G 0603 Multilayer Ceramic Capacitors (CL Series), Samsung Electro-Mechanics CL10C102JB8NNNC (Pre-Flight, LCSC Extended)",capacitor 1nF 0603 samsung electro-mechanics samsung cl pre-flight general purpose,379137,0.0099
C 1.2nF 0603 50V X7R 10% Samsung,1.2nF,C30615,Extended,CL10B122KB8NNNC,Samsung Electro-Mechanics,Samsung CL,0603,10%,,50V,X7R,,,,,E24,Pre-Flight,General Purpose,Device:C,Capacitor_SMD:C_0603_1608Metric,https://www.lcsc.com/datasheet/lcsc_datasheet_2304140030_Samsung-Electro-Mechanics-CL10B122KB8NNNC_C30615.pdf,https://www.lcsc.com/product-detail/multilayer-ceramic-capacitors-mlcc-smd-smt_samsung-electro-mechanics-cl10b122kb8nnnc_C30615.html,"Capacitor 1.2nF 10% 50V X7R 0603 Multilayer Ceramic Capacitors (CL Series), Samsung Electro-Mechanics CL10B122KB8NNNC (Pre-Flight, LCSC Extended)",capacitor 1.2nF 0603 samsung electro-mechanics samsung cl pre-flight general purpose,12579,0.0567
C 1.5nF 0603 100V X7R 10% Samsung,1.5nF,C3883334,Extended,CL10B152KC84PEC,Samsung Electro-Mechanics,Samsung CL,0603,10%,,100V,X7R,,,,,E24,Pre-Flight,General Purpose,Device:C,Capacitor_SMD:C_0603_1608Metric,https://wmsc.lcsc.com/wmsc/upload/file/pdf/v2/lcsc/2309061138_Samsung-Electro-Mechanics-CL10B152KC84PEC_C3883334.pdf,https://www.lcsc.com/product-detail/multilayer-ceramic-capacitors-mlcc-smd-smt_samsung-electro-mechanics-cl10b152kc84pec_C3883334.html,"Capacitor 1.5nF 10% 100V X7R 0603 Multilayer Ceramic Capacitors (CL Series), Samsung Electro-Mechanics CL10B152KC84PEC (Pre-Flight, LCSC Extended)",capacitor 1.5nF 0603 samsung electro-mechanics samsung cl pre-flight general purpose,1844,0.024
C 1.5nF 0603 50V X7R 10% Samsung,1.5nF,C37788,Extended,CL10B152KB8NNNC,Samsung Electro-Mechanics,Samsung CL,0603,10%,,50V,X7R,,,,,E24,Pre-Flight,General Purpose,Device:C,Capacitor_SMD:C_0603_1608Metric,https://www.lcsc.com/datasheet/lcsc_datasheet_2304140030_Samsung-Electro-Mechanics-CL10B152KB8NNNC_C37788.pdf,https://www.lcsc.com/product-detail/multilayer-ceramic-capacitors-mlcc-smd-smt_samsung-electro-mechanics-cl10b152kb8nnnc_C37788.html,"Capacitor 1.5nF 10% 50V X7R 0603 Multilayer Ceramic Capacitors (CL Series), Samsung Electro-Mechanics CL10B152KB8NNNC (Pre-Flight, LCSC Extended)",capacitor 1.5nF 0603 samsung electro-mechanics samsung cl pre-flight general purpose,5111,0.0107
C 1.5nF 0603 50V C0G 5% Samsung,1.5nF,C346208,Extended,CL10C152JB8NNNC,Samsung Electro-Mechanics,Samsung CL,0603,5%,,50V,C0G,,,,,E24,Pre-Flight,General Purpose,Device:C,Capacitor_SMD:C_0603_1608Metric,https://wmsc.lcsc.com/wmsc/upload/file/pdf/v2/lcsc/2304140030_Samsung-Electro-Mechanics-CL10C152JB8NNNC_C346208.pdf,https://www.lcsc.com/product-detail/multilayer-ceramic-capacitors-mlcc-smd-smt_samsung-electro-mechanics-cl10c152jb8nnnc_C346208.html,"Capacitor 1.5nF 5% 50V C0G 0603 Multilayer Ceramic Capacitors (CL Series), Samsung Electro-Mechanics CL10C152JB8NNNC (Pre-Flight, LCSC Extended)",capacitor 1.5nF 0603 samsung electro-mechanics samsung cl pre-flight general purpose,11481,0.0205
C 1.8nF 0603 50V C0G 5% Samsung,1.8nF,C318642,Extended,CL10C182JB8NNNC,Samsung Electro-Mechanics,Samsung CL,0603,5%,,50V,C0G,,,,,E24,Pre-Flight,General Purpose,Device:C,Capacitor_SMD:C_0603_1608Metric,https://wmsc.lcsc.com/wmsc/upload/file/pdf/v2/lcsc/2309061405_Samsung-Electro-Mechanics-CL10C182JB8NNNC_C318642.pdf,https://www.lcsc.com/product-detail/multilayer-ceramic-capacitors-mlcc-smd-smt_samsung-electro-mechanics-cl10c182jb8nnnc_C318642.html,"Capacitor 1.8nF 5% 50V C0G 0603 Multilayer Ceramic Capacitors (CL Series), Samsung Electro-Mechanics CL10C182JB8NNNC (Pre-Flight, LCSC Extended)",capacitor 1.8nF 0603 samsung electro-mechanics samsung cl pre-flight general purpose,7982,0.0178
C 2.2nF 0603 100V X7R 10% Samsung,2.2nF,C16194413,Extended,CL10B222KC8WPJC,Samsung Electro-Mechanics,Samsung CL,0603,10%,,100V,X7R,,,,,E24,Pre-Flight,General Purpose,Device:C,Capacitor_SMD:C_0603_1608Metric,https://wmsc.lcsc.com/wmsc/upload/file/pdf/v2/lcsc/2309051738_Samsung-Electro-Mechanics-CL10B222KC8WPJC_C16194413.pdf,https://www.lcsc.com/product-detail/multilayer-ceramic-capacitors-mlcc-smd-smt_samsung-electro-mechanics-cl10b222kc8wpjc_C16194413.html,"Capacitor 2.2nF 10% 100V X7R 0603 Multilayer Ceramic Capacitors (CL Series), Samsung Electro-Mechanics CL10B222KC8WPJC (Pre-Flight, LCSC Extended)",capacitor 2.2nF 0603 samsung electro-mechanics samsung cl pre-flight general purpose,2844,0.0371
C 2.2nF 0603 50V X7R 10% Samsung,2.2nF,C16033,Extended,CL10B222KB8NNNC,Samsung Electro-Mechanics,Samsung CL,0603,10%,,50V,X7R,,,,,E24,Pre-Flight,General Purpose,Device:C,Capacitor_SMD:C_0603_1608Metric,https://www.lcsc.com/datasheet/lcsc_datasheet_2304140030_Samsung-Electro-Mechanics-CL10B222KB8NNNC_C16033.pdf,https://www.lcsc.com/product-detail/multilayer-ceramic-capacitors-mlcc-smd-smt_samsung-electro-mechanics-cl10b222kb8nnnc_C16033.html,"Capacitor 2.2nF 10% 50V X7R 0603 Multilayer Ceramic Capacitors (CL Series), Samsung Electro-Mechanics CL10B222KB8NNNC (Pre-Flight, LCSC Extended)",capacitor 2.2nF 0603 samsung electro-mechanics samsung cl pre-flight general purpose,293313,0.0099
C 2.2nF 0603 50V C0G 5% Samsung,2.2nF,C33353,Extended,CL10C222JB8NNNC,Samsung Electro-Mechanics,Samsung CL,0603,5%,,50V,C0G,,,,,E24,Pre-Flight,General Purpose,Device:C,Capacitor_SMD:C_0603_1608Metric,https://www.lcsc.com/datasheet/lcsc_datasheet_2304140030_Samsung-Electro-Mechanics-CL10C222JB8NNNC_C33353.pdf,https://www.lcsc.com/product-detail/multilayer-ceramic-capacitors-mlcc-smd-smt_samsung-electro-mechanics-cl10c222jb8nnnc_C33353.html,"Capacitor 2.2nF 5% 50V C0G 0603 Multilayer Ceramic Capacitors (CL Series), Samsung Electro-Mechanics CL10C222JB8NNNC (Pre-Flight, LCSC Extended)",capacitor 2.2nF 0603 samsung electro-mechanics samsung cl pre-flight general purpose,17487,0.0454
C 2.7nF 0603 50V X7R 10% Samsung,2.7nF,C84713,Extended,CL10B272KB8NNNC,Samsung Electro-Mechanics,Samsung CL,0603,10%,,50V,X7R,,,,,E24,Pre-Flight,General Purpose,Device:C,Capacitor_SMD:C_0603_1608Metric,https://www.lcsc.com/datasheet/lcsc_datasheet_2304140030_Samsung-Electro-Mechanics-CL10B272KB8NNNC_C84713.pdf,https://www.lcsc.com/product-detail/multilayer-ceramic-capacitors-mlcc-smd-smt_samsung-electro-mechanics-cl10b272kb8nnnc_C84713.html,"Capacitor 2.7nF 10% 50V X7R 0603 Multilayer Ceramic Capacitors (CL Series), Samsung Electro-Mechanics CL10B272KB8NNNC (Pre-Flight, LCSC Extended)",capacitor 2.7nF 0603 samsung electro-mechanics samsung cl pre-flight general purpose,32759,0.0373
C 3.9nF 0603 50V X7R 10% Samsung,3.9nF,C170145,Extended,CL10B392KB8NNNC,Samsung Electro-Mechanics,Samsung CL,0603,10%,,50V,X7R,,,,,E24,Pre-Flight,General Purpose,Device:C,Capacitor_SMD:C_0603_1608Metric,https://www.lcsc.com/datasheet/lcsc_datasheet_2304140030_Samsung-Electro-Mechanics-CL10B392KB8NNNC_C170145.pdf,https://www.lcsc.com/product-detail/multilayer-ceramic-capacitors-mlcc-smd-smt_samsung-electro-mechanics-cl10b392kb8nnnc_C170145.html,"Capacitor 3.9nF 10% 50V X7R 0603 Multilayer Ceramic Capacitors (CL Series), Samsung Electro-Mechanics CL10B392KB8NNNC (Pre-Flight, LCSC Extended)",capacitor 3.9nF 0603 samsung electro-mechanics samsung cl pre-flight general purpose,4795,0.0113
C 4.7nF 0603 100V X7R 10% Samsung,4.7nF,C346200,Extended,CL10B472KC8WPNC,Samsung Electro-Mechanics,Samsung CL,0603,10%,,100V,X7R,,,,,E24,Pre-Flight,General Purpose,Device:C,Capacitor_SMD:C_0603_1608Metric,https://wmsc.lcsc.com/wmsc/upload/file/pdf/v2/lcsc/2304140030_Samsung-Electro-Mechanics-CL10B472KC8WPNC_C346200.pdf,https://www.lcsc.com/product-detail/multilayer-ceramic-capacitors-mlcc-smd-smt_samsung-electro-mechanics-cl10b472kc8wpnc_C346200.html,"Capacitor 4.7nF 10% 100V X7R 0603 Multilayer Ceramic Capacitors (CL Series), Samsung Electro-Mechanics CL10B472KC8WPNC (Pre-Flight, LCSC Extended)",capacitor 4.7nF 0603 samsung electro-mechanics samsung cl pre-flight general purpose,25707,0.0495
C 4.7nF 0603 50V X7R 10% Samsung,4.7nF,C1621,Extended,CL10B472KB8NNNC,Samsung Electro-Mechanics,Samsung CL,0603,10%,,50V,X7R,,,,,E24,Pre-Flight,General Purpose,Device:C,Capacitor_SMD:C_0603_1608Metric,https://www.lcsc.com/datasheet/lcsc_datasheet_2304140030_Samsung-Electro-Mechanics-CL10B472KB8NNNC_C1621.pdf,https://www.lcsc.com/product-detail/multilayer-ceramic-capacitors-mlcc-smd-smt_samsung-electro-mechanics-cl10b472kb8nnnc_C1621.html,"Capacitor 4.7nF 10% 50V X7R 0603 Multilayer Ceramic Capacitors (CL Series), Samsung Electro-Mechanics CL10B472KB8NNNC (Pre-Flight, LCSC Extended)",capacitor 4.7nF 0603 samsung electro-mechanics samsung cl pre-flight general purpose,677502,0.0101
C 5.6nF 0603 50V X7R 10% Samsung,5.6nF,C170143,Extended,CL10B562KB8NNNC,Samsung Electro-Mechanics,Samsung CL,0603,10%,,50V,X7R,,,,,E24,Pre-Flight,General Purpose,Device:C,Capacitor_SMD:C_0603_1608Metric,https://www.lcsc.com/datasheet/lcsc_datasheet_2304140030_Samsung-Electro-Mechanics-CL10B562KB8NNNC_C170143.pdf,https://www.lcsc.com/product-detail/multilayer-ceramic-capacitors-mlcc-smd-smt_samsung-electro-mechanics-cl10b562kb8nnnc_C170143.html,"Capacitor 5.6nF 10% 50V X7R 0603 Multilayer Ceramic Capacitors (CL Series), Samsung Electro-Mechanics CL10B562KB8NNNC (Pre-Flight, LCSC Extended)",capacitor 5.6nF 0603 samsung electro-mechanics samsung cl pre-flight general purpose,8888,0.0135
C 6.8nF 0603 100V X7R 10% Samsung,6.8nF,C2897615,Extended,CL10B682KC84PEL,Samsung Electro-Mechanics,Samsung CL,0603,10%,,100V,X7R,,,,,E24,Pre-Flight,General Purpose,Device:C,Capacitor_SMD:C_0603_1608Metric,https://wmsc.lcsc.com/wmsc/upload/file/pdf/v2/lcsc/2211141030_Samsung-Electro-Mechanics-CL10B682KC84PEL_C2897615.pdf,https://www.lcsc.com/product-detail/multilayer-ceramic-capacitors-mlcc-smd-smt_samsung-electro-mechanics-cl10b682kc84pel_C2897615.html,"Capacitor 6.8nF 10% 100V X7R 0603 Multilayer Ceramic Capacitors (CL Series), Samsung Electro-Mechanics CL10B682KC84PEL (Pre-Flight, LCSC Extended)",capacitor 6.8nF 0603 samsung electro-mechanics samsung cl pre-flight general purpose,1768,0.0209
C 6.8nF 0603 50V X7R 10% Samsung,6.8nF,C346203,Extended,CL10B682KB8WPNC,Samsung Electro-Mechanics,Samsung CL,0603,10%,,50V,X7R,,,,,E24,Pre-Flight,General Purpose,Device:C,Capacitor_SMD:C_0603_1608Metric,https://wmsc.lcsc.com/wmsc/upload/file/pdf/v2/lcsc/2202140030_Samsung-Electro-Mechanics-CL10B682KB8WPNC_C346203.pdf,https://www.lcsc.com/product-detail/multilayer-ceramic-capacitors-mlcc-smd-smt_samsung-electro-mechanics-cl10b682kb8wpnc_C346203.html,"Capacitor 6.8nF 10% 50V X7R 0603 Multilayer Ceramic Capacitors (CL Series), Samsung Electro-Mechanics CL10B682KB8WPNC (Pre-Flight, LCSC Extended)",capacitor 6.8nF 0603 samsung electro-mechanics samsung cl pre-flight general purpose,2044,0.0253
C 6.8nF 0603 50V X7R 5% Samsung,6.8nF,C307492,Extended,CL10B682JB8NNNC,Samsung Electro-Mechanics,Samsung CL,0603,5%,,50V,X7R,,,,,E24,Pre-Flight,General Purpose,Device:C,Capacitor_SMD:C_0603_1608Metric,https://wmsc.lcsc.com/wmsc/upload/file/pdf/v2/lcsc/2304140030_Samsung-Electro-Mechanics-CL10B682JB8NNNC_C307492.pdf,https://www.lcsc.com/product-detail/multilayer-ceramic-capacitors-mlcc-smd-smt_samsung-electro-mechanics-cl10b682jb8nnnc_C307492.html,"Capacitor 6.8nF 5% 50V X7R 0603 Multilayer Ceramic Capacitors (CL Series), Samsung Electro-Mechanics CL10B682JB8NNNC (Pre-Flight, LCSC Extended)",capacitor 6.8nF 0603 samsung electro-mechanics samsung cl pre-flight general purpose,105503,0.0085
C 10nF 0603 100V X7R 10% Samsung,10nF,C84709,Extended,CL10B103KC8NNNC,Samsung Electro-Mechanics,Samsung CL,0603,10%,,100V,X7R,,,,,E24,Pre-Flight,General Purpose,Device:C,Capacitor_SMD:C_0603_1608Metric,https://www.lcsc.com/datasheet/lcsc_datasheet_2304140030_Samsung-Electro-Mechanics-CL10B103KC8NNNC_C84709.pdf,https://www.lcsc.com/product-detail/multilayer-ceramic-capacitors-mlcc-smd-smt_samsung-electro-mechanics-cl10b103kc8nnnc_C84709.html,"Capacitor 10nF 10% 100V X7R 0603 Multilayer Ceramic Capacitors (CL Series), Samsung Electro-Mechanics CL10B103KC8NNNC (Pre-Flight, LCSC Extended)",capacitor 10nF 0603 samsung electro-mechanics samsung cl pre-flight general purpose,211426,0.0126
C 10nF 0603 50V X7R 10% Samsung,10nF,C1589,Extended,CL10B103KB8NNNC,Samsung Electro-Mechanics,Samsung CL,0603,10%,,50V,X7R,,,,,E24,Pre-Flight,General Purpose,Device:C,Capacitor_SMD:C_0603_1608Metric,https://www.lcsc.com/datasheet/lcsc_datasheet_2304140030_Samsung-Electro-Mechanics-CL10B103KB8NNNC_C1589.pdf,https://www.lcsc.com/product-detail/multilayer-ceramic-capacitors-mlcc-smd-smt_samsung-electro-mechanics-cl10b103kb8nnnc_C1589.html,"Capacitor 10nF 10% 50V X7R 0603 Multilayer Ceramic Capacitors (CL Series), Samsung Electro-Mechanics CL10B103KB8NNNC (Pre-Flight, LCSC Extended)",capacitor 10nF 0603 samsung electro-mechanics samsung cl pre-flight general purpose,2524461,0.0101
C 10nF 0603 50V X8L 10% Samsung,10nF,C16194336,Extended,CL10E103KB8WPNC,Samsung Electro-Mechanics,Samsung CL,0603,10%,,50V,X8L,,,,,E24,Pre-Flight,General Purpose,Device:C,Capacitor_SMD:C_0603_1608Metric,https://wmsc.lcsc.com/wmsc/upload/file/pdf/v2/lcsc/2309051737_Samsung-Electro-Mechanics-CL10E103KB8WPNC_C16194336.pdf,https://www.lcsc.com/product-detail/multilayer-ceramic-capacitors-mlcc-smd-smt_samsung-electro-mechanics-cl10e103kb8wpnc_C16194336.html,"Capacitor 10nF 10% 50V X8L 0603 Multilayer Ceramic Capacitors (CL Series), Samsung Electro-Mechanics CL10E103KB8WPNC (Pre-Flight, LCSC Extended)",capacitor 10nF 0603 samsung electro-mechanics samsung cl pre-flight general purpose,1728,0.024
C 15nF 0603 50V X7R 10% Samsung,15nF,C296713,Extended,CL10B153KB8NNNC,Samsung Electro-Mechanics,Samsung CL,0603,10%,,50V,X7R,,,,,E24,Pre-Flight,General Purpose,Device:C,Capacitor_SMD:C_0603_1608Metric,https://www.lcsc.com/datasheet/lcsc_datasheet_2304140030_Samsung-Electro-Mechanics-CL10B153KB8NNNC_C296713.pdf,https://www.lcsc.com/product-detail/multilayer-ceramic-capacitors-mlcc-smd-smt_samsung-electro-mechanics-cl10b153kb8nnnc_C296713.html,"Capacitor 15nF 10% 50V X7R 0603 Multilayer Ceramic Capacitors (CL Series), Samsung Electro-Mechanics CL10B153KB8NNNC (Pre-Flight, LCSC Extended)",capacitor 15nF 0603 samsung electro-mechanics samsung cl pre-flight general purpose,26341,0.0128
C 22nF 0603 100V X7R 10% Samsung,22nF,C472763,Extended,CL10B223KC8WPNC,Samsung Electro-Mechanics,Samsung CL,0603,10%,,100V,X7R,,,,,E24,Pre-Flight,General Purpose,Device:C,Capacitor_SMD:C_0603_1608Metric,https://wmsc.lcsc.com/wmsc/upload/file/pdf/v2/lcsc/2304140030_Samsung-Electro-Mechanics-CL10B223KC8WPNC_C472763.pdf,https://www.lcsc.com/product-detail/multilayer-ceramic-capacitors-mlcc-smd-smt_samsung-electro-mechanics-cl10b223kc8wpnc_C472763.html,"Capacitor 22nF 10% 100V X7R 0603 Multilayer Ceramic Capacitors (CL Series), Samsung Electro-Mechanics CL10B223KC8WPNC (Pre-Flight, LCSC Extended)",capacitor 22nF 0603 samsung electro-mechanics samsung cl pre-flight general purpose,8930,0.0179
C 27nF 0603 50V X7R 10% Samsung,27nF,C318676,Extended,CL10B273KB8NNNC,Samsung Electro-Mechanics,Samsung CL,0603,10%,,50V,X7R,,,,,E24,Pre-Flight,General Purpose,Device:C,Capacitor_SMD:C_0603_1608Metric,https://wmsc.lcsc.com/wmsc/upload/file/pdf/v2/lcsc/2304140030_Samsung-Electro-Mechanics-CL10B273KB8NNNC_C318676.pdf,https://www.lcsc.com/product-detail/multilayer-ceramic-capacitors-mlcc-smd-smt_samsung-electro-mechanics-cl10b273kb8nnnc_C318676.html,"Capacitor 27nF 10% 50V X7R 0603 Multilayer Ceramic Capacitors (CL Series), Samsung Electro-Mechanics CL10B273KB8NNNC (Pre-Flight, LCSC Extended)",capacitor 27nF 0603 samsung electro-mechanics samsung cl pre-flight general purpose,1870,0.0098
C 33nF 0603 100V X7R 10% Samsung,33nF,C16194260,Extended,CL10B333KC8WPNC,Samsung Electro-Mechanics,Samsung CL,0603,10%,,100V,X7R,,,,,E24,Pre-Flight,General Purpose,Device:C,Capacitor_SMD:C_0603_1608Metric,https://www.lcsc.com/datasheet/C1705.pdf,https://www.lcsc.com/product-detail/multilayer-ceramic-capacitors-mlcc-smd-smt_samsung-electro-mechanics-cl10b333kc8wpnc_C16194260.html,"Capacitor 33nF 10% 100V X7R 0603 Multilayer Ceramic Capacitors (CL Series), Samsung Electro-Mechanics CL10B333KC8WPNC (Pre-Flight, LCSC Extended)",capacitor 33nF 0603 samsung electro-mechanics samsung cl pre-flight general purpose,3982,0.0233
C 39nF 0603 50V X7R 10% Samsung,39nF,C318636,Extended,CL10B393KB8NNNC,Samsung Electro-Mechanics,Samsung CL,0603,10%,,50V,X7R,,,,,E24,Pre-Flight,General Purpose,Device:C,Capacitor_SMD:C_0603_1608Metric,https://wmsc.lcsc.com/wmsc/upload/file/pdf/v2/lcsc/2304140030_Samsung-Electro-Mechanics-CL10B393KB8NNNC_C318636.pdf,https://www.lcsc.com/product-detail/multilayer-ceramic-capacitors-mlcc-smd-smt_samsung-electro-mechanics-cl10b393kb8nnnc_C318636.html,"Capacitor 39nF 10% 50V X7R 0603 Multilayer Ceramic Capacitors (CL Series), Samsung Electro-Mechanics CL10B393KB8NNNC (Pre-Flight, LCSC Extended)",capacitor 39nF 0603 samsung electro-mechanics samsung cl pre-flight general purpose,1484,0.007
C 47nF 0603 100V X7R 10% Samsung,47nF,C307354,Extended,CL10B473KC8WPNC,Samsung Electro-Mechanics,Samsung CL,0603,10%,,100V,X7R,,,,,E24,Pre-Flight,General Purpose,Device:C,Capacitor_SMD:C_0603_1608Metric,https://wmsc.lcsc.com/wmsc/upload/file/pdf/v2/lcsc/2304140030_Samsung-Electro-Mechanics-CL10B473KC8WPNC_C307354.pdf,https://www.lcsc.com/product-detail/multilayer-ceramic-capacitors-mlcc-smd-smt_samsung-electro-mechanics-cl10b473kc8wpnc_C307354.html,"Capacitor 47nF 10% 100V X7R 0603 Multilayer Ceramic Capacitors (CL Series), Samsung Electro-Mechanics CL10B473KC8WPNC (Pre-Flight, LCSC Extended)",capacitor 47nF 0603 samsung electro-mechanics samsung cl pre-flight general purpose,47388,0.0145
C 82nF 0603 50V X7R 10% Samsung,82nF,C318651,Extended,CL10B823KB8NNNC,Samsung Electro-Mechanics,Samsung CL,0603,10%,,50V,X7R,,,,,E24,Pre-Flight,General Purpose,Device:C,Capacitor_SMD:C_0603_1608Metric,https://wmsc.lcsc.com/wmsc/upload/file/pdf/v2/lcsc/2304140030_Samsung-Electro-Mechanics-CL10B823KB8NNNC_C318651.pdf,https://www.lcsc.com/product-detail/multilayer-ceramic-capacitors-mlcc-smd-smt_samsung-electro-mechanics-cl10b823kb8nnnc_C318651.html,"Capacitor 82nF 10% 50V X7R 0603 Multilayer Ceramic Capacitors (CL Series), Samsung Electro-Mechanics CL10B823KB8NNNC (Pre-Flight, LCSC Extended)",capacitor 82nF 0603 samsung electro-mechanics samsung cl pre-flight general purpose,7362,0.0248
C 100nF 0603 50V Y5V -20%~+80% Samsung,100nF,C1688,Extended,CL10F104ZB8NNNC,Samsung Electro-Mechanics,Samsung CL,0603,-20%~+80%,,50V,Y5V,,,,,E24,Pre-Flight,General Purpose,Device:C,Capacitor_SMD:C_0603_1608Metric,https://www.lcsc.com/datasheet/lcsc_datasheet_2304140030_Samsung-Electro-Mechanics-CL10F104ZB8NNNC_C1688.pdf,https://www.lcsc.com/product-detail/multilayer-ceramic-capacitors-mlcc-smd-smt_samsung-electro-mechanics-cl10f104zb8nnnc_C1688.html,"Capacitor 100nF -20%~+80% 50V Y5V 0603 Multilayer Ceramic Capacitors (CL Series), Samsung Electro-Mechanics CL10F104ZB8NNNC (Pre-Flight, LCSC Extended)",capacitor 100nF 0603 samsung electro-mechanics samsung cl pre-flight general purpose,14723,0.0199
C 100nF 0603 100V X7R 10% Samsung,100nF,C15725,Extended,CL10B104KC8NNNC,Samsung Electro-Mechanics,Samsung CL,0603,10%,,100V,X7R,,,,,E24,Pre-Flight,General Purpose,Device:C,Capacitor_SMD:C_0603_1608Metric,https://www.lcsc.com/datasheet/lcsc_datasheet_2304140030_Samsung-Electro-Mechanics-CL10B104KC8NNNC_C15725.pdf,https://www.lcsc.com/product-detail/multilayer-ceramic-capacitors-mlcc-smd-smt_samsung-electro-mechanics-cl10b104kc8nnnc_C15725.html,"Capacitor 100nF 10% 100V X7R 0603 Multilayer Ceramic Capacitors (CL Series), Samsung Electro-Mechanics CL10B104KC8NNNC (Pre-Flight, LCSC Extended)",capacitor 100nF 0603 samsung electro-mechanics samsung cl pre-flight general purpose,1447367,0.0133
C 100nF 0603 100V X8L 10% Samsung,100nF,C16194197,Extended,CL10E104KC8VPNC,Samsung Electro-Mechanics,Samsung CL,0603,10%,,100V,X8L,,,,,E24,Pre-Flight,General Purpose,Device:C,Capacitor_SMD:C_0603_1608Metric,https://www.lcsc.com/datasheet/C1705.pdf,https://www.lcsc.com/product-detail/multilayer-ceramic-capacitors-mlcc-smd-smt_samsung-electro-mechanics-cl10e104kc8vpnc_C16194197.html,"Capacitor 100nF 10% 100V X8L 0603 Multilayer Ceramic Capacitors (CL Series), Samsung Electro-Mechanics CL10E104KC8VPNC (Pre-Flight, LCSC Extended)",capacitor 100nF 0603 samsung electro-mechanics samsung cl pre-flight general purpose,19341,0.1787
C 100nF 0603 16V X7R 10% Samsung,100nF,C66501,Extended,CL10B104KO8NNNC,Samsung Electro-Mechanics,Samsung CL,0603,10%,,16V,X7R,,,,,E24,Pre-Flight,General Purpose,Device:C,Capacitor_SMD:C_0603_1608Metric,https://www.lcsc.com/datasheet/lcsc_datasheet_1810271710_Samsung-Electro-Mechanics-CL10B104KO8NNNC_C66501.pdf,https://www.lcsc.com/product-detail/multilayer-ceramic-capacitors-mlcc-smd-smt_samsung-electro-mechanics-cl10b104ko8nnnc_C66501.html,"Capacitor 100nF 10% 16V X7R 0603 Multilayer Ceramic Capacitors (CL Series), Samsung Electro-Mechanics CL10B104KO8NNNC (Pre-Flight, LCSC Extended)",capacitor 100nF 0603 samsung electro-mechanics samsung cl pre-flight general purpose,2034029,0.0093
C 100nF 0603 25V X7R 10% Samsung,100nF,C1590,Extended,CL10B104KA8NNNC,Samsung Electro-Mechanics,Samsung CL,0603,10%,,25V,X7R,,,,,E24,Pre-Flight,General Purpose,Device:C,Capacitor_SMD:C_0603_1608Metric,https://www.lcsc.com/datasheet/lcsc_datasheet_2304140030_Samsung-Electro-Mechanics-CL10B104KA8NNNC_C1590.pdf,https://www.lcsc.com/product-detail/multilayer-ceramic-capacitors-mlcc-smd-smt_samsung-electro-mechanics-cl10b104ka8nnnc_C1590.html,"Capacitor 100nF 10% 25V X7R 0603 Multilayer Ceramic Capacitors (CL Series), Samsung Electro-Mechanics CL10B104KA8NNNC (Pre-Flight, LCSC Extended)",capacitor 100nF 0603 samsung electro-mechanics samsung cl pre-flight general purpose,2565667,0.0149
C 100nF 0603 50V X7R 10% Samsung,100nF,C1591,Extended,CL10B104KB8NNNC,Samsung Electro-Mechanics,Samsung CL,0603,10%,,50V,X7R,,,,,E24,Pre-Flight,General Purpose,Device:C,Capacitor_SMD:C_0603_1608Metric,https://www.lcsc.com/datasheet/lcsc_datasheet_2304140030_Samsung-Electro-Mechanics-CL10B104KB8NNNC_C1591.pdf,https://www.lcsc.com/product-detail/multilayer-ceramic-capacitors-mlcc-smd-smt_samsung-electro-mechanics-cl10b104kb8nnnc_C1591.html,"Capacitor 100nF 10% 50V X7R 0603 Multilayer Ceramic Capacitors (CL Series), Samsung Electro-Mechanics CL10B104KB8NNNC (Pre-Flight, LCSC Extended)",capacitor 100nF 0603 samsung electro-mechanics samsung cl pre-flight general purpose,1253851,0.0105
C 100nF 0603 50V X7R 5% Samsung,100nF,C24452,Extended,CL10B104JB8NNNC,Samsung Electro-Mechanics,Samsung CL,0603,5%,,50V,X7R,,,,,E24,Pre-Flight,General Purpose,Device:C,Capacitor_SMD:C_0603_1608Metric,https://www.lcsc.com/datasheet/lcsc_datasheet_2304140030_Samsung-Electro-Mechanics-CL10B104JB8NNNC_C24452.pdf,https://www.lcsc.com/product-detail/multilayer-ceramic-capacitors-mlcc-smd-smt_samsung-electro-mechanics-cl10b104jb8nnnc_C24452.html,"Capacitor 100nF 5% 50V X7R 0603 Multilayer Ceramic Capacitors (CL Series), Samsung Electro-Mechanics CL10B104JB8NNNC (Pre-Flight, LCSC Extended)",capacitor 100nF 0603 samsung electro-mechanics samsung cl pre-flight general purpose,1015964,0.0183
C 150nF 0603 25V X7R 10% Samsung,150nF,C3879179,Extended,CL10B154KA8VPNC,Samsung Electro-Mechanics,Samsung CL,0603,10%,,25V,X7R,,,,,E24,Pre-Flight,General Purpose,Device:C,Capacitor_SMD:C_0603_1608Metric,https://wmsc.lcsc.com/wmsc/upload/file/pdf/v2/lcsc/2309061354_Samsung-Electro-Mechanics-CL10B154KA8VPNC_C3879179.pdf,https://www.lcsc.com/product-detail/multilayer-ceramic-capacitors-mlcc-smd-smt_samsung-electro-mechanics-cl10b154ka8vpnc_C3879179.html,"Capacitor 150nF 10% 25V X7R 0603 Multilayer Ceramic Capacitors (CL Series), Samsung Electro-Mechanics CL10B154KA8VPNC (Pre-Flight, LCSC Extended)",capacitor 150nF 0603 samsung electro-mechanics samsung cl pre-flight general purpose,3716,0.0191
C 150nF 0603 50V X7R 10% Samsung,150nF,C16194153,Extended,CL10B154KB8VPNC,Samsung Electro-Mechanics,Samsung CL,0603,10%,,50V,X7R,,,,,E24,Pre-Flight,General Purpose,Device:C,Capacitor_SMD:C_0603_1608Metric,https://wmsc.lcsc.com/wmsc/upload/file/pdf/v2/lcsc/2401181136_Samsung-Electro-Mechanics-CL10B154KB8VPNC_C16194153.pdf,https://www.lcsc.com/product-detail/multilayer-ceramic-capacitors-mlcc-smd-smt_samsung-electro-mechanics-cl10b154kb8vpnc_C16194153.html,"Capacitor 150nF 10% 50V X7R 0603 Multilayer Ceramic Capacitors (CL Series), Samsung Electro-Mechanics CL10B154KB8VPNC (Pre-Flight, LCSC Extended)",capacitor 150nF 0603 samsung electro-mechanics samsung cl pre-flight general purpose,3652,0.0249
C 220nF 0603 16V X7R 10% Samsung,220nF,C160828,Extended,CL10B224KO8NNNC,Samsung Electro-Mechanics,Samsung CL,0603,10%,,16V,X7R,,,,,E24,Pre-Flight,General Purpose,Device:C,Capacitor_SMD:C_0603_1608Metric,https://www.lcsc.com/datasheet/lcsc_datasheet_2304140030_Samsung-Electro-Mechanics-CL10B224KO8NNNC_C160828.pdf,https://www.lcsc.com/product-detail/multilayer-ceramic-capacitors-mlcc-smd-smt_samsung-electro-mechanics-cl10b224ko8nnnc_C160828.html,"Capacitor 220nF 10% 16V X7R 0603 Multilayer Ceramic Capacitors (CL Series), Samsung Electro-Mechanics CL10B224KO8NNNC (Pre-Flight, LCSC Extended)",capacitor 220nF 0603 samsung electro-mechanics samsung cl pre-flight general purpose,32867,0.0154
C 220nF 0603 50V X5R 10% Samsung,220nF,C307462,Extended,CL10A224KB8NNNC,Samsung Electro-Mechanics,Samsung CL,0603,10%,,50V,X5R,,,,,E24,Pre-Flight,General Purpose,Device:C,Capacitor_SMD:C_0603_1608Metric,https://wmsc.lcsc.com/wmsc/upload/file/pdf/v2/lcsc/2304140030_Samsung-Electro-Mechanics-CL10A224KB8NNNC_C307462.pdf,https://www.lcsc.com/product-detail/multilayer-ceramic-capacitors-mlcc-smd-smt_samsung-electro-mechanics-cl10a224kb8nnnc_C307462.html,"Capacitor 220nF 10% 50V X5R 0603 Multilayer Ceramic Capacitors (CL Series), Samsung Electro-Mechanics CL10A224KB8NNNC (Pre-Flight, LCSC Extended)",capacitor 220nF 0603 samsung electro-mechanics samsung cl pre-flight general purpose,2493,0.0153
C 220nF 0603 50V X7R 10% Samsung,220nF,C64705,Extended,CL10B224KB8NNNC,Samsung Electro-Mechanics,Samsung CL,0603,10%,,50V,X7R,,,,,E24,Pre-Flight,General Purpose,Device:C,Capacitor_SMD:C_0603_1608Metric,https://www.lcsc.com/datasheet/lcsc_datasheet_2304140030_Samsung-Electro-Mechanics-CL10B224KB8NNNC_C64705.pdf,https://www.lcsc.com/product-detail/multilayer-ceramic-capacitors-mlcc-smd-smt_samsung-electro-mechanics-cl10b224kb8nnnc_C64705.html,"Capacitor 220nF 10% 50V X7R 0603 Multilayer Ceramic Capacitors (CL Series), Samsung Electro-Mechanics CL10B224KB8NNNC (Pre-Flight, LCSC Extended)",capacitor 220nF 0603 samsung electro-mechanics samsung cl pre-flight general purpose,447504,0.0181
C 330nF 0603 16V X7R 10% Samsung,330nF,C159798,Extended,CL10B334KO8NNNC,Samsung Electro-Mechanics,Samsung CL,0603,10%,,16V,X7R,,,,,E24,Pre-Flight,General Purpose,Device:C,Capacitor_SMD:C_0603_1608Metric,https://www.lcsc.com/datasheet/lcsc_datasheet_2304140030_Samsung-Electro-Mechanics-CL10B334KO8NNNC_C159798.pdf,https://www.lcsc.com/product-detail/multilayer-ceramic-capacitors-mlcc-smd-smt_samsung-electro-mechanics-cl10b334ko8nnnc_C159798.html,"Capacitor 330nF 10% 16V X7R 0603 Multilayer Ceramic Capacitors (CL Series), Samsung Electro-Mechanics CL10B334KO8NNNC (Pre-Flight, LCSC Extended)",capacitor 330nF 0603 samsung electro-mechanics samsung cl pre-flight general purpose,16236,0.0212
C 330nF 0603 25V X7R 10% Samsung,330nF,C5139492,Extended,CL10B334KA8VPNC,Samsung Electro-Mechanics,Samsung CL,0603,10%,,25V,X7R,,,,,E24,Pre-Flight,General Purpose,Device:C,Capacitor_SMD:C_0603_1608Metric,https://wmsc.lcsc.com/wmsc/upload/file/pdf/v2/lcsc/2309061139_Samsung-Electro-Mechanics-CL10B334KA8VPNC_C5139492.pdf,https://www.lcsc.com/product-detail/multilayer-ceramic-capacitors-mlcc-smd-smt_samsung-electro-mechanics-cl10b334ka8vpnc_C5139492.html,"Capacitor 330nF 10% 25V X7R 0603 Multilayer Ceramic Capacitors (CL Series), Samsung Electro-Mechanics CL10B334KA8VPNC (Pre-Flight, LCSC Extended)",capacitor 330nF 0603 samsung electro-mechanics samsung cl pre-flight general purpose,4286,0.0497
C 330nF 0603 50V X7R 10% Samsung,330nF,C22380013,Extended,CL10B334KB8VPNC,Samsung Electro-Mechanics,Samsung CL,0603,10%,,50V,X7R,,,,,E24,Pre-Flight,General Purpose,Device:C,Capacitor_SMD:C_0603_1608Metric,https://wmsc.lcsc.com/wmsc/upload/file/pdf/v2/lcsc/2404101711_Samsung-Electro-Mechanics-CL10B334KB8VPNC_C22380013.pdf,https://www.lcsc.com/product-detail/multilayer-ceramic-capacitors-mlcc-smd-smt_samsung-electro-mechanics-cl10b334kb8vpnc_C22380013.html,"Capacitor 330nF 10% 50V X7R 0603 Multilayer Ceramic Capacitors (CL Series), Samsung Electro-Mechanics CL10B334KB8VPNC (Pre-Flight, LCSC Extended)",capacitor 330nF 0603 samsung electro-mechanics samsung cl pre-flight general purpose,10217,0.0583
C 470nF 0603 16V X7R 10% Samsung,470nF,C105526,Extended,CL10B474KO8NNNC,Samsung Electro-Mechanics,Samsung CL,0603,10%,,16V,X7R,,,,,E24,Pre-Flight,General Purpose,Device:C,Capacitor_SMD:C_0603_1608Metric,https://www.lcsc.com/datasheet/lcsc_datasheet_2304140030_Samsung-Electro-Mechanics-CL10B474KO8NNNC_C105526.pdf,https://www.lcsc.com/product-detail/multilayer-ceramic-capacitors-mlcc-smd-smt_samsung-electro-mechanics-cl10b474ko8nnnc_C105526.html,"Capacitor 470nF 10% 16V X7R 0603 Multilayer Ceramic Capacitors (CL Series), Samsung Electro-Mechanics CL10B474KO8NNNC (Pre-Flight, LCSC Extended)",capacitor 470nF 0603 samsung electro-mechanics samsung cl pre-flight general purpose,138964,0.0143
C 470nF 0603 25V X5R 10% Samsung,470nF,C318638,Extended,CL10A474KA8NNNC,Samsung Electro-Mechanics,Samsung CL,0603,10%,,25V,X5R,,,,,E24,Pre-Flight,General Purpose,Device:C,Capacitor_SMD:C_0603_1608Metric,https://wmsc.lcsc.com/wmsc/upload/file/pdf/v2/lcsc/2304140030_Samsung-Electro-Mechanics-CL10A474KA8NNNC_C318638.pdf,https://www.lcsc.com/product-detail/multilayer-ceramic-capacitors-mlcc-smd-smt_samsung-electro-mechanics-cl10a474ka8nnnc_C318638.html,"Capacitor 470nF 10% 25V X5R 0603 Multilayer Ceramic Capacitors (CL Series), Samsung Electro-Mechanics CL10A474KA8NNNC (Pre-Flight, LCSC Extended)",capacitor 470nF 0603 samsung electro-mechanics samsung cl pre-flight general purpose,7450,0.0329
C 470nF 0603 50V X5R 10% Samsung,470nF,C170149,Extended,CL10A474KB8NNNC,Samsung Electro-Mechanics,Samsung CL,0603,10%,,50V,X5R,,,,,E24,Pre-Flight,General Purpose,Device:C,Capacitor_SMD:C_0603_1608Metric,https://www.lcsc.com/datasheet/lcsc_datasheet_2304140030_Samsung-Electro-Mechanics-CL10A474KB8NNNC_C170149.pdf,https://www.lcsc.com/product-detail/multilayer-ceramic-capacitors-mlcc-smd-smt_samsung-electro-mechanics-cl10a474kb8nnnc_C170149.html,"Capacitor 470nF 10% 50V X5R 0603 Multilayer Ceramic Capacitors (CL Series), Samsung Electro-Mechanics CL10A474KB8NNNC (Pre-Flight, LCSC Extended)",capacitor 470nF 0603 samsung electro-mechanics samsung cl pre-flight general purpose,61089,0.0199
C 470nF 0603 50V X7R 10% Samsung,470nF,C22371068,Extended,CL10B474KB8VPNC,Samsung Electro-Mechanics,Samsung CL,0603,10%,,50V,X7R,,,,,E24,Pre-Flight,General Purpose,Device:C,Capacitor_SMD:C_0603_1608Metric,https://www.lcsc.com/datasheet/lcsc_datasheet_2403281431_Samsung-Electro-Mechanics-CL10B474KB8VPNC_C22371068.pdf,https://www.lcsc.com/product-detail/multilayer-ceramic-capacitors-mlcc-smd-smt_samsung-electro-mechanics-cl10b474kb8vpnc_C22371068.html,"Capacitor 470nF 10% 50V X7R 0603 Multilayer Ceramic Capacitors (CL Series), Samsung Electro-Mechanics CL10B474KB8VPNC (Pre-Flight, LCSC Extended)",capacitor 470nF 0603 samsung electro-mechanics samsung cl pre-flight general purpose,4330,0.125
C 680nF 0603 16V X7R 10% Samsung,680nF,C472777,Extended,CL10B684KO8VPNC,Samsung Electro-Mechanics,Samsung CL,0603,10%,,16V,X7R,,,,,E24,Pre-Flight,General Purpose,Device:C,Capacitor_SMD:C_0603_1608Metric,https://wmsc.lcsc.com/wmsc/upload/file/pdf/v2/lcsc/2304140030_Samsung-Electro-Mechanics-CL10B684KO8VPNC_C472777.pdf,https://www.lcsc.com/product-detail/multilayer-ceramic-capacitors-mlcc-smd-smt_samsung-electro-mechanics-cl10b684ko8vpnc_C472777.html,"Capacitor 680nF 10% 16V X7R 0603 Multilayer Ceramic Capacitors (CL Series), Samsung Electro-Mechanics CL10B684KO8VPNC (Pre-Flight, LCSC Extended)",capacitor 680nF 0603 samsung electro-mechanics samsung cl pre-flight general purpose,4887,0.044
C 680nF 0603 25V X7R 10% Samsung,680nF,C2897616,Extended,CL10B684KA8VPNC,Samsung Electro-Mechanics,Samsung CL,0603,10%,,25V,X7R,,,,,E24,Pre-Flight,General Purpose,Device:C,Capacitor_SMD:C_0603_1608Metric,https://wmsc.lcsc.com/wmsc/upload/file/pdf/v2/lcsc/2202111000_Samsung-Electro-Mechanics-CL10B684KA8VPNC_C2897616.pdf,https://www.lcsc.com/product-detail/multilayer-ceramic-capacitors-mlcc-smd-smt_samsung-electro-mechanics-cl10b684ka8vpnc_C2897616.html,"Capacitor 680nF 10% 25V X7R 0603 Multilayer Ceramic Capacitors (CL Series), Samsung Electro-Mechanics CL10B684KA8VPNC (Pre-Flight, LCSC Extended)",capacitor 680nF 0603 samsung electro-mechanics samsung cl pre-flight general purpose,2790,0.044
C 1uF 0603 10V X5R 10% Samsung,1uF,C26413,Extended,CL10A105KP8NNNC,Samsung Electro-Mechanics,Samsung CL,0603,10%,,10V,X5R,,,,,E24,Pre-Flight,General Purpose,Device:C,Capacitor_SMD:C_0603_1608Metric,https://www.lcsc.com/datasheet/lcsc_datasheet_2304140030_Samsung-Electro-Mechanics-CL10A105KP8NNNC_C26413.pdf,https://www.lcsc.com/product-detail/multilayer-ceramic-capacitors-mlcc-smd-smt_samsung-electro-mechanics-cl10a105kp8nnnc_C26413.html,"Capacitor 1uF 10% 10V X5R 0603 Multilayer Ceramic Capacitors (CL Series), Samsung Electro-Mechanics CL10A105KP8NNNC (Pre-Flight, LCSC Extended)",capacitor 1uF 0603 samsung electro-mechanics samsung cl pre-flight general purpose,140066,0.0196
C 1uF 0603 10V X7R 10% Samsung,1uF,C95843,Extended,CL10B105KP8NNNC,Samsung Electro-Mechanics,Samsung CL,0603,10%,,10V,X7R,,,,,E24,Pre-Flight,General Purpose,Device:C,Capacitor_SMD:C_0603_1608Metric,https://www.lcsc.com/datasheet/lcsc_datasheet_2304140030_Samsung-Electro-Mechanics-CL10B105KP8NNNC_C95843.pdf,https://www.lcsc.com/product-detail/multilayer-ceramic-capacitors-mlcc-smd-smt_samsung-electro-mechanics-cl10b105kp8nnnc_C95843.html,"Capacitor 1uF 10% 10V X7R 0603 Multilayer Ceramic Capacitors (CL Series), Samsung Electro-Mechanics CL10B105KP8NNNC (Pre-Flight, LCSC Extended)",capacitor 1uF 0603 samsung electro-mechanics samsung cl pre-flight general purpose,727053,0.0166
C 1uF 0603 16V X5R 10% Samsung,1uF,C1592,Extended,CL10A105KO8NNNC,Samsung Electro-Mechanics,Samsung CL,0603,10%,,16V,X5R,,,,,E24,Pre-Flight,General Purpose,Device:C,Capacitor_SMD:C_0603_1608Metric,https://www.lcsc.com/datasheet/lcsc_datasheet_2209191700_Samsung-Electro-Mechanics-CL10A105KO8NNNC_C1592.pdf,https://www.lcsc.com/product-detail/multilayer-ceramic-capacitors-mlcc-smd-smt_samsung-electro-mechanics-cl10a105ko8nnnc_C1592.html,"Capacitor 1uF 10% 16V X5R 0603 Multilayer Ceramic Capacitors (CL Series), Samsung Electro-Mechanics CL10A105KO8NNNC (Pre-Flight, LCSC Extended)",capacitor 1uF 0603 samsung electro-mechanics samsung cl pre-flight general purpose,4105379,0.0128
C 1uF 0603 16V X7R 10% Samsung,1uF,C59782,Extended,CL10B105KO8NNNC,Samsung Electro-Mechanics,Samsung CL,0603,10%,,16V,X7R,,,,,E24,Pre-Flight,General Purpose,Device:C,Capacitor_SMD:C_0603_1608Metric,https://www.lcsc.com/datasheet/lcsc_datasheet_2304140030_Samsung-Electro-Mechanics-CL10B105KO8NNNC_C59782.pdf,https://www.lcsc.com/product-detail/multilayer-ceramic-capacitors-mlcc-smd-smt_samsung-electro-mechanics-cl10b105ko8nnnc_C59782.html,"Capacitor 1uF 10% 16V X7R 0603 Multilayer Ceramic Capacitors (CL Series), Samsung Electro-Mechanics CL10B105KO8NNNC (Pre-Flight, LCSC Extended)",capacitor 1uF 0603 samsung electro-mechanics samsung cl pre-flight general purpose,366012,0.021
C 1uF 0603 25V X5R 10% Samsung,1uF,C5673,Extended,CL10A105KA8NNNC,Samsung Electro-Mechanics,Samsung CL,0603,10%,,25V,X5R,,,,,E24,Pre-Flight,General Purpose,Device:C,Capacitor_SMD:C_0603_1608Metric,https://www.lcsc.com/datasheet/lcsc_datasheet_2304140030_Samsung-Electro-Mechanics-CL10A105KA8NNNC_C5673.pdf,https://www.lcsc.com/product-detail/multilayer-ceramic-capacitors-mlcc-smd-smt_samsung-electro-mechanics-cl10a105ka8nnnc_C5673.html,"Capacitor 1uF 10% 25V X5R 0603 Multilayer Ceramic Capacitors (CL Series), Samsung Electro-Mechanics CL10A105KA8NNNC (Pre-Flight, LCSC Extended)",capacitor 1uF 0603 samsung electro-mechanics samsung cl pre-flight general purpose,4530803,0.0275
C 1uF 0603 25V X7R 10% Samsung,1uF,C29936,Extended,CL10B105KA8NNNC,Samsung Electro-Mechanics,Samsung CL,0603,10%,,25V,X7R,,,,,E24,Pre-Flight,General Purpose,Device:C,Capacitor_SMD:C_0603_1608Metric,https://www.lcsc.com/datasheet/lcsc_datasheet_2304140030_Samsung-Electro-Mechanics-CL10B105KA8NNNC_C29936.pdf,https://www.lcsc.com/product-detail/multilayer-ceramic-capacitors-mlcc-smd-smt_samsung-electro-mechanics-cl10b105ka8nnnc_C29936.html,"Capacitor 1uF 10% 25V X7R 0603 Multilayer Ceramic Capacitors (CL Series), Samsung Electro-Mechanics CL10B105KA8NNNC (Pre-Flight, LCSC Extended)",capacitor 1uF 0603 samsung electro-mechanics samsung cl pre-flight general purpose,263073,0.0212
C 1uF 0603 35V X5R 10% Samsung,1uF,C478859,Extended,CL10A105KL8NNNC,Samsung Electro-Mechanics,Samsung CL,0603,10%,,35V,X5R,,,,,E24,Pre-Flight,General Purpose,Device:C,Capacitor_SMD:C_0603_1608Metric,https://wmsc.lcsc.com/wmsc/upload/file/pdf/v2/lcsc/2304140030_Samsung-Electro-Mechanics-CL10A105KL8NNNC_C478859.pdf,https://www.lcsc.com/product-detail/multilayer-ceramic-capacitors-mlcc-smd-smt_samsung-electro-mechanics-cl10a105kl8nnnc_C478859.html,"Capacitor 1uF 10% 35V X5R 0603 Multilayer Ceramic Capacitors (CL Series), Samsung Electro-Mechanics CL10A105KL8NNNC (Pre-Flight, LCSC Extended)",capacitor 1uF 0603 samsung electro-mechanics samsung cl pre-flight general purpose,58514,0.038
C 1uF 0603 35V X7R 10% Samsung,1uF,C16194028,Extended,CL10B105KL9VPNC,Samsung Electro-Mechanics,Samsung CL,0603,10%,,35V,X7R,,,,,E24,Pre-Flight,General Purpose,Device:C,Capacitor_SMD:C_0603_1608Metric,https://www.lcsc.com/datasheet/C1705.pdf,https://www.lcsc.com/product-detail/multilayer-ceramic-capacitors-mlcc-smd-smt_samsung-electro-mechanics-cl10b105kl9vpnc_C16194028.html,"Capacitor 1uF 10% 35V X7R 0603 Multilayer Ceramic Capacitors (CL Series), Samsung Electro-Mechanics CL10B105KL9VPNC (Pre-Flight, LCSC Extended)",capacitor 1uF 0603 samsung electro-mechanics samsung cl pre-flight general purpose,6092,0.1372
C 1uF 0603 50V X7R 10% Samsung,1uF,C5199872,Extended,CL10B105KB8NQNC,Samsung Electro-Mechanics,Samsung CL,0603,10%,,50V,X7R,,,,,E24,Pre-Flight,General Purpose,Device:C,Capacitor_SMD:C_0603_1608Metric,https://wmsc.lcsc.com/wmsc/upload/file/pdf/v2/lcsc/2210171730_Samsung-Electro-Mechanics-CL10B105KB8NQNC_C5199872.pdf,https://www.lcsc.com/product-detail/multilayer-ceramic-capacitors-mlcc-smd-smt_samsung-electro-mechanics-cl10b105kb8nqnc_C5199872.html,"Capacitor 1uF 10% 50V X7R 0603 Multilayer Ceramic Capacitors (CL Series), Samsung Electro-Mechanics CL10B105KB8NQNC (Pre-Flight, LCSC Extended)",capacitor 1uF 0603 samsung electro-mechanics samsung cl pre-flight general purpose,2586954,0.0269
C 1uF 0603 6.3V X7R 10% Samsung,1uF,C105524,Extended,CL10B105KQ8NNNC,Samsung Electro-Mechanics,Samsung CL,0603,10%,,6.3V,X7R,,,,,E24,Pre-Flight,General Purpose,Device:C,Capacitor_SMD:C_0603_1608Metric,https://www.lcsc.com/datasheet/lcsc_datasheet_2304140030_Samsung-Electro-Mechanics-CL10B105KQ8NNNC_C105524.pdf,https://www.lcsc.com/product-detail/multilayer-ceramic-capacitors-mlcc-smd-smt_samsung-electro-mechanics-cl10b105kq8nnnc_C105524.html,"Capacitor 1uF 10% 6.3V X7R 0603 Multilayer Ceramic Capacitors (CL Series), Samsung Electro-Mechanics CL10B105KQ8NNNC (Pre-Flight, LCSC Extended)",capacitor 1uF 0603 samsung electro-mechanics samsung cl pre-flight general purpose,4229,0.0091
C 1uF 0603 16V X7R 20% Samsung,1uF,C5355398,Extended,CL10B105MO8NNWC,Samsung Electro-Mechanics,Samsung CL,0603,20%,,16V,X7R,,,,,E24,Pre-Flight,General Purpose,Device:C,Capacitor_SMD:C_0603_1608Metric,https://www.lcsc.com/datasheet/C1705.pdf,https://www.lcsc.com/product-detail/C5355398.html,"Capacitor 1uF 20% 16V X7R 0603 Multilayer Ceramic Capacitors (CL Series), Samsung Electro-Mechanics CL10B105MO8NNWC (Pre-Flight, LCSC Extended)",capacitor 1uF 0603 samsung electro-mechanics samsung cl pre-flight general purpose,18966,0.0264
C 2.2uF 0603 10V X5R 10% Samsung,2.2uF,C1607,Extended,CL10A225KP8NNNC,Samsung Electro-Mechanics,Samsung CL,0603,10%,,10V,X5R,,,,,E24,Pre-Flight,General Purpose,Device:C,Capacitor_SMD:C_0603_1608Metric,https://www.lcsc.com/datasheet/lcsc_datasheet_2304140030_Samsung-Electro-Mechanics-CL10A225KP8NNNC_C1607.pdf,https://www.lcsc.com/product-detail/multilayer-ceramic-capacitors-mlcc-smd-smt_samsung-electro-mechanics-cl10a225kp8nnnc_C1607.html,"Capacitor 2.2uF 10% 10V X5R 0603 Multilayer Ceramic Capacitors (CL Series), Samsung Electro-Mechanics CL10A225KP8NNNC (Pre-Flight, LCSC Extended)",capacitor 2.2uF 0603 samsung electro-mechanics samsung cl pre-flight general purpose,219431,0.0199
C 2.2uF 0603 10V X7R 10% Samsung,2.2uF,C100082,Extended,CL10B225KP8NNNC,Samsung Electro-Mechanics,Samsung CL,0603,10%,,10V,X7R,,,,,E24,Pre-Flight,General Purpose,Device:C,Capacitor_SMD:C_0603_1608Metric,https://www.lcsc.com/datasheet/lcsc_datasheet_2304140030_Samsung-Electro-Mechanics-CL10B225KP8NNNC_C100082.pdf,https://www.lcsc.com/product-detail/multilayer-ceramic-capacitors-mlcc-smd-smt_samsung-electro-mechanics-cl10b225kp8nnnc_C100082.html,"Capacitor 2.2uF 10% 10V X7R 0603 Multilayer Ceramic Capacitors (CL Series), Samsung Electro-Mechanics CL10B225KP8NNNC (Pre-Flight, LCSC Extended)",capacitor 2.2uF 0603 samsung electro-mechanics samsung cl pre-flight general purpose,391028,0.0292
C 2.2uF 0603 10V X7S 10% Samsung,2.2uF,C472804,Extended,CL10Y225KP84PNC,Samsung Electro-Mechanics,Samsung CL,0603,10%,,10V,X7S,,,,,E24,Pre-Flight,General Purpose,Device:C,Capacitor_SMD:C_0603_1608Metric,https://wmsc.lcsc.com/wmsc/upload/file/pdf/v2/lcsc/2304140030_Samsung-Electro-Mechanics-CL10Y225KP84PNC_C472804.pdf,https://www.lcsc.com/product-detail/multilayer-ceramic-capacitors-mlcc-smd-smt_samsung-electro-mechanics-cl10y225kp84pnc_C472804.html,"Capacitor 2.2uF 10% 10V X7S 0603 Multilayer Ceramic Capacitors (CL Series), Samsung Electro-Mechanics CL10Y225KP84PNC (Pre-Flight, LCSC Extended)",capacitor 2.2uF 0603 samsung electro-mechanics samsung cl pre-flight general purpose,4150,0.0586
C 2.2uF 0603 25V X5R 10% Samsung,2.2uF,C57895,Extended,CL10A225KA8NNNC,Samsung Electro-Mechanics,Samsung CL,0603,10%,,25V,X5R,,,,,E24,Pre-Flight,General Purpose,Device:C,Capacitor_SMD:C_0603_1608Metric,https://www.lcsc.com/datasheet/lcsc_datasheet_2304140030_Samsung-Electro-Mechanics-CL10A225KA8NNNC_C57895.pdf,https://www.lcsc.com/product-detail/multilayer-ceramic-capacitors-mlcc-smd-smt_samsung-electro-mechanics-cl10a225ka8nnnc_C57895.html,"Capacitor 2.2uF 10% 25V X5R 0603 Multilayer Ceramic Capacitors (CL Series), Samsung Electro-Mechanics CL10A225KA8NNNC (Pre-Flight, LCSC Extended)",capacitor 2.2uF 0603 samsung electro-mechanics samsung cl pre-flight general purpose,877609,0.0136
C 2.2uF 0603 25V X7S 10% Samsung,2.2uF,C16193991,Extended,CL10Y225KA96PNC,Samsung Electro-Mechanics,Samsung CL,0603,10%,,25V,X7S,,,,,E24,Pre-Flight,General Purpose,Device:C,Capacitor_SMD:C_0603_1608Metric,https://www.lcsc.com/datasheet/C1705.pdf,https://www.lcsc.com/product-detail/multilayer-ceramic-capacitors-mlcc-smd-smt_samsung-electro-mechanics-cl10y225ka96pnc_C16193991.html,"Capacitor 2.2uF 10% 25V X7S 0603 Multilayer Ceramic Capacitors (CL Series), Samsung Electro-Mechanics CL10Y225KA96PNC (Pre-Flight, LCSC Extended)",capacitor 2.2uF 0603 samsung electro-mechanics samsung cl pre-flight general purpose,6742,0.1463
C 2.2uF 0603 35V X5R 10% Samsung,2.2uF,C307463,Extended,CL10A225KL8NNNC,Samsung Electro-Mechanics,Samsung CL,0603,10%,,35V,X5R,,,,,E24,Pre-Flight,General Purpose,Device:C,Capacitor_SMD:C_0603_1608Metric,https://wmsc.lcsc.com/wmsc/upload/file/pdf/v2/lcsc/2304140030_Samsung-Electro-Mechanics-CL10A225KL8NNNC_C307463.pdf,https://www.lcsc.com/product-detail/multilayer-ceramic-capacitors-mlcc-smd-smt_samsung-electro-mechanics-cl10a225kl8nnnc_C307463.html,"Capacitor 2.2uF 10% 35V X5R 0603 Multilayer Ceramic Capacitors (CL Series), Samsung Electro-Mechanics CL10A225KL8NNNC (Pre-Flight, LCSC Extended)",capacitor 2.2uF 0603 samsung electro-mechanics samsung cl pre-flight general purpose,24125,0.0986
C 2.2uF 0603 50V X5R 10% Samsung,2.2uF,C913904,Extended,CL10A225KB8NNNC,Samsung Electro-Mechanics,Samsung CL,0603,10%,,50V,X5R,,,,,E24,Pre-Flight,General Purpose,Device:C,Capacitor_SMD:C_0603_1608Metric,https://www.lcsc.com/datasheet/lcsc_datasheet_2304140030_Samsung-Electro-Mechanics-CL10A225KB8NNNC_C913904.pdf,https://www.lcsc.com/product-detail/multilayer-ceramic-capacitors-mlcc-smd-smt_samsung-electro-mechanics-cl10a225kb8nnnc_C913904.html,"Capacitor 2.2uF 10% 50V X5R 0603 Multilayer Ceramic Capacitors (CL Series), Samsung Electro-Mechanics CL10A225KB8NNNC (Pre-Flight, LCSC Extended)",capacitor 2.2uF 0603 samsung electro-mechanics samsung cl pre-flight general purpose,598598,0.043
C 2.2uF 0603 6.3V X5R 10% Samsung,2.2uF,C71000,Extended,CL10A225KQ8NNNC,Samsung Electro-Mechanics,Samsung CL,0603,10%,,6.3V,X5R,,,,,E24,Pre-Flight,General Purpose,Device:C,Capacitor_SMD:C_0603_1608Metric,https://www.lcsc.com/datasheet/lcsc_datasheet_2304140030_Samsung-Electro-Mechanics-CL10A225KQ8NNNC_C71000.pdf,https://www.lcsc.com/product-detail/multilayer-ceramic-capacitors-mlcc-smd-smt_samsung-electro-mechanics-cl10a225kq8nnnc_C71000.html,"Capacitor 2.2uF 10% 6.3V X5R 0603 Multilayer Ceramic Capacitors (CL Series), Samsung Electro-Mechanics CL10A225KQ8NNNC (Pre-Flight, LCSC Extended)",capacitor 2.2uF 0603 samsung electro-mechanics samsung cl pre-flight general purpose,112013,0.0184
C 2.2uF 0603 6.3V X7R 10% Samsung,2.2uF,C444879,Extended,CL10B225KQ8NNNC,Samsung Electro-Mechanics,Samsung CL,0603,10%,,6.3V,X7R,,,,,E24,Pre-Flight,General Purpose,Device:C,Capacitor_SMD:C_0603_1608Metric,https://wmsc.lcsc.com/wmsc/upload/file/pdf/v2/lcsc/2304140030_Samsung-Electro-Mechanics-CL10B225KQ8NNNC_C444879.pdf,https://www.lcsc.com/product-detail/multilayer-ceramic-capacitors-mlcc-smd-smt_samsung-electro-mechanics-cl10b225kq8nnnc_C444879.html,"Capacitor 2.2uF 10% 6.3V X7R 0603 Multilayer Ceramic Capacitors (CL Series), Samsung Electro-Mechanics CL10B225KQ8NNNC (Pre-Flight, LCSC Extended)",capacitor 2.2uF 0603 samsung electro-mechanics samsung cl pre-flight general purpose,8374,0.0474
C 2.2uF 0603 6.3V X7S 10% Samsung,2.2uF,C16193993,Extended,CL10Y225KQ84PNC,Samsung Electro-Mechanics,Samsung CL,0603,10%,,6.3V,X7S,,,,,E24,Pre-Flight,General Purpose,Device:C,Capacitor_SMD:C_0603_1608Metric,https://www.lcsc.com/datasheet/C1705.pdf,https://www.lcsc.com/product-detail/multilayer-ceramic-capacitors-mlcc-smd-smt_samsung-electro-mechanics-cl10y225kq84pnc_C16193993.html,"Capacitor 2.2uF 10% 6.3V X7S 0603 Multilayer Ceramic Capacitors (CL Series), Samsung Electro-Mechanics CL10Y225KQ84PNC (Pre-Flight, LCSC Extended)",capacitor 2.2uF 0603 samsung electro-mechanics samsung cl pre-flight general purpose,9712,0.0498
C 3.3uF 0603 10V X5R 10% Samsung,3.3uF,C51412,Extended,CL10A335KP8NNNC,Samsung Electro-Mechanics,Samsung CL,0603,10%,,10V,X5R,,,,,E24,Pre-Flight,General Purpose,Device:C,Capacitor_SMD:C_0603_1608Metric,https://www.lcsc.com/datasheet/lcsc_datasheet_2304140030_Samsung-Electro-Mechanics-CL10A335KP8NNNC_C51412.pdf,https://www.lcsc.com/product-detail/multilayer-ceramic-capacitors-mlcc-smd-smt_samsung-electro-mechanics-cl10a335kp8nnnc_C51412.html,"Capacitor 3.3uF 10% 10V X5R 0603 Multilayer Ceramic Capacitors (CL Series), Samsung Electro-Mechanics CL10A335KP8NNNC (Pre-Flight, LCSC Extended)",capacitor 3.3uF 0603 samsung electro-mechanics samsung cl pre-flight general purpose,71573,0.0597
C 4.7uF 0603 10V X5R 10% Samsung,4.7uF,C1705,Extended,CL10A475KP8NNNC,Samsung Electro-Mechanics,Samsung CL,0603,10%,,10V,X5R,,,,,E24,Pre-Flight,General Purpose,Device:C,Capacitor_SMD:C_0603_1608Metric,https://www.lcsc.com/datasheet/lcsc_datasheet_2304140030_Samsung-Electro-Mechanics-CL10A475KP8NNNC_C1705.pdf,https://www.lcsc.com/product-detail/multilayer-ceramic-capacitors-mlcc-smd-smt_samsung-electro-mechanics-cl10a475kp8nnnc_C1705.html,"Capacitor 4.7uF 10% 10V X5R 0603 Multilayer Ceramic Capacitors (CL Series), Samsung Electro-Mechanics CL10A475KP8NNNC (Pre-Flight, LCSC Extended)",capacitor 4.7uF 0603 samsung electro-mechanics samsung cl pre-flight general purpose,1833036,0.0163
C 4.7uF 0603 10V X7S 10% Samsung,4.7uF,C22371067,Extended,CL10Y475KP96PNC,Samsung Electro-Mechanics,Samsung CL,0603,10%,,10V,X7S,,,,,E24,Pre-Flight,General Purpose,Device:C,Capacitor_SMD:C_0603_1608Metric,https://wmsc.lcsc.com/wmsc/upload/file/pdf/v2/lcsc/2403281431_Samsung-Electro-Mechanics-CL10Y475KP96PNC_C22371067.pdf,https://www.lcsc.com/product-detail/multilayer-ceramic-capacitors-mlcc-smd-smt_samsung-electro-mechanics-cl10y475kp96pnc_C22371067.html,"Capacitor 4.7uF 10% 10V X7S 0603 Multilayer Ceramic Capacitors (CL Series), Samsung Electro-Mechanics CL10Y475KP96PNC (Pre-Flight, LCSC Extended)",capacitor 4.7uF 0603 samsung electro-mechanics samsung cl pre-flight general purpose,6555,0.1455
C 4.7uF 0603 16V X6S 10% Samsung,4.7uF,C3849036,Extended,CL10X475KO8NRNC,Samsung Electro-Mechanics,Samsung CL,0603,10%,,16V,X6S,,,,,E24,Pre-Flight,General Purpose,Device:C,Capacitor_SMD:C_0603_1608Metric,https://www.lcsc.com/datasheet/C1705.pdf,https://www.lcsc.com/product-detail/multilayer-ceramic-capacitors-mlcc-smd-smt_samsung-electro-mechanics-cl10x475ko8nrnc_C3849036.html,"Capacitor 4.7uF 10% 16V X6S 0603 Multilayer Ceramic Capacitors (CL Series), Samsung Electro-Mechanics CL10X475KO8NRNC (Pre-Flight, LCSC Extended)",capacitor 4.7uF 0603 samsung electro-mechanics samsung cl pre-flight general purpose,4610,0.0596
C 4.7uF 0603 25V X5R 10% Samsung,4.7uF,C69335,Extended,CL10A475KA8NQNC,Samsung Electro-Mechanics,Samsung CL,0603,10%,,25V,X5R,,,,,E24,Pre-Flight,General Purpose,Device:C,Capacitor_SMD:C_0603_1608Metric,https://www.lcsc.com/datasheet/lcsc_datasheet_1810261513_Samsung-Electro-Mechanics-CL10A475KA8NQNC_C69335.pdf,https://www.lcsc.com/product-detail/multilayer-ceramic-capacitors-mlcc-smd-smt_samsung-electro-mechanics-cl10a475ka8nqnc_C69335.html,"Capacitor 4.7uF 10% 25V X5R 0603 Multilayer Ceramic Capacitors (CL Series), Samsung Electro-Mechanics CL10A475KA8NQNC (Pre-Flight, LCSC Extended)",capacitor 4.7uF 0603 samsung electro-mechanics samsung cl pre-flight general purpose,1741147,0.0536
C 4.7uF 0603 25V X6S 10% Samsung,4.7uF,C16193948,Extended,CL10X475KA8NQNC,Samsung Electro-Mechanics,Samsung CL,0603,10%,,25V,X6S,,,,,E24,Pre-Flight,General Purpose,Device:C,Capacitor_SMD:C_0603_1608Metric,https://www.lcsc.com/datasheet/C1705.pdf,https://www.lcsc.com/product-detail/C16193948.html,"Capacitor 4.7uF 10% 25V X6S 0603 Multilayer Ceramic Capacitors (CL Series), Samsung Electro-Mechanics CL10X475KA8NQNC (Pre-Flight, LCSC Extended)",capacitor 4.7uF 0603 samsung electro-mechanics samsung cl pre-flight general purpose,1206,0.1287
C 4.7uF 0603 35V X5R 10% Samsung,4.7uF,C307467,Extended,CL10A475KL8NRNC,Samsung Electro-Mechanics,Samsung CL,0603,10%,,35V,X5R,,,,,E24,Pre-Flight,General Purpose,Device:C,Capacitor_SMD:C_0603_1608Metric,https://www.lcsc.com/datasheet/lcsc_datasheet_2304140030_Samsung-Electro-Mechanics-CL10A475KL8NRNC_C307467.pdf,https://www.lcsc.com/product-detail/multilayer-ceramic-capacitors-mlcc-smd-smt_samsung-electro-mechanics-cl10a475kl8nrnc_C307467.html,"Capacitor 4.7uF 10% 35V X5R 0603 Multilayer Ceramic Capacitors (CL Series), Samsung Electro-Mechanics CL10A475KL8NRNC (Pre-Flight, LCSC Extended)",capacitor 4.7uF 0603 samsung electro-mechanics samsung cl pre-flight general purpose,109074,0.0508
C 4.7uF 0603 6.3V X5R 10% Samsung,4.7uF,C8032,Extended,CL10A475KQ8NNNC,Samsung Electro-Mechanics,Samsung CL,0603,10%,,6.3V,X5R,,,,,E24,Pre-Flight,General Purpose,Device:C,Capacitor_SMD:C_0603_1608Metric,https://www.lcsc.com/datasheet/lcsc_datasheet_2210101830_Samsung-Electro-Mechanics-CL10A475KQ8NNNC_C8032.pdf,https://www.lcsc.com/product-detail/multilayer-ceramic-capacitors-mlcc-smd-smt_samsung-electro-mechanics-cl10a475kq8nnnc_C8032.html,"Capacitor 4.7uF 10% 6.3V X5R 0603 Multilayer Ceramic Capacitors (CL Series), Samsung Electro-Mechanics CL10A475KQ8NNNC (Pre-Flight, LCSC Extended)",capacitor 4.7uF 0603 samsung electro-mechanics samsung cl pre-flight general purpose,823569,0.0166
C 4.7uF 0603 6.3V X7R 10% Samsung,4.7uF,C107368,Extended,CL10B475KQ8NQNC,Samsung Electro-Mechanics,Samsung CL,0603,10%,,6.3V,X7R,,,,,E24,Pre-Flight,General Purpose,Device:C,Capacitor_SMD:C_0603_1608Metric,https://www.lcsc.com/datasheet/lcsc_datasheet_2304140030_Samsung-Electro-Mechanics-CL10B475KQ8NQNC_C107368.pdf,https://www.lcsc.com/product-detail/multilayer-ceramic-capacitors-mlcc-smd-smt_samsung-electro-mechanics-cl10b475kq8nqnc_C107368.html,"Capacitor 4.7uF 10% 6.3V X7R 0603 Multilayer Ceramic Capacitors (CL Series), Samsung Electro-Mechanics CL10B475KQ8NQNC (Pre-Flight, LCSC Extended)",capacitor 4.7uF 0603 samsung electro-mechanics samsung cl pre-flight general purpose,144571,0.0397
C 4.7uF 0603 25V X5R 20% Samsung,4.7uF,C913907,Extended,CL10A475MA8NQNC,Samsung Electro-Mechanics,Samsung CL,0603,20%,,25V,X5R,,,,,E24,Pre-Flight,General Purpose,Device:C,Capacitor_SMD:C_0603_1608Metric,https://wmsc.lcsc.com/wmsc/upload/file/pdf/v2/lcsc/2304140030_Samsung-Electro-Mechanics-CL10A475MA8NQNC_C913907.pdf,https://www.lcsc.com/product-detail/multilayer-ceramic-capacitors-mlcc-smd-smt_samsung-electro-mechanics-cl10a475ma8nqnc_C913907.html,"Capacitor 4.7uF 20% 25V X5R 0603 Multilayer Ceramic Capacitors (CL Series), Samsung Electro-Mechanics CL10A475MA8NQNC (Pre-Flight, LCSC Extended)",capacitor 4.7uF 0603 samsung electro-mechanics samsung cl pre-flight general purpose,26737,0.1461
C 4.7uF 0603 6.3V X5R 20% Samsung,4.7uF,C154959,Extended,CL10A475MQ8NNNC,Samsung Electro-Mechanics,Samsung CL,0603,20%,,6.3V,X5R,,,,,E24,Pre-Flight,General Purpose,Device:C,Capacitor_SMD:C_0603_1608Metric,https://www.lcsc.com/datasheet/lcsc_datasheet_2304140030_Samsung-Electro-Mechanics-CL10A475MQ8NNNC_C154959.pdf,https://www.lcsc.com/product-detail/multilayer-ceramic-capacitors-mlcc-smd-smt_samsung-electro-mechanics-cl10a475mq8nnnc_C154959.html,"Capacitor 4.7uF 20% 6.3V X5R 0603 Multilayer Ceramic Capacitors (CL Series), Samsung Electro-Mechanics CL10A475MQ8NNNC (Pre-Flight, LCSC Extended)",capacitor 4.7uF 0603 samsung electro-mechanics samsung cl pre-flight general purpose,29779,0.021
C 10uF 0603 16V X5R 10% Samsung,10uF,C962136,Extended,CL10A106KO8NQNC,Samsung Electro-Mechanics,Samsung CL,0603,10%,,16V,X5R,,,,,E24,Pre-Flight,General Purpose,Device:C,Capacitor_SMD:C_0603_1608Metric,https://wmsc.lcsc.com/wmsc/upload/file/pdf/v2/lcsc/2304140030_Samsung-Electro-Mechanics-CL10A106KO8NQNC_C962136.pdf,https://www.lcsc.com/product-detail/multilayer-ceramic-capacitors-mlcc-smd-smt_samsung-electro-mechanics-cl10a106ko8nqnc_C962136.html,"Capacitor 10uF 10% 16V X5R 0603 Multilayer Ceramic Capacitors (CL Series), Samsung Electro-Mechanics CL10A106KO8NQNC (Pre-Flight, LCSC Extended)",capacitor 10uF 0603 samsung electro-mechanics samsung cl pre-flight general purpose,317766,0.0643
C 10uF 0603 6.3V X5R 10% Samsung,10uF,C95839,Extended,CL10A106KQ8NNNC,Samsung Electro-Mechanics,Samsung CL,0603,10%,,6.3V,X5R,,,,,E24,Pre-Flight,General Purpose,Device:C,Capacitor_SMD:C_0603_1608Metric,https://www.lcsc.com/datasheet/lcsc_datasheet_2304140030_Samsung-Electro-Mechanics-CL10A106KQ8NNNC_C95839.pdf,https://www.lcsc.com/product-detail/multilayer-ceramic-capacitors-mlcc-smd-smt_samsung-electro-mechanics-cl10a106kq8nnnc_C95839.html,"Capacitor 10uF 10% 6.3V X5R 0603 Multilayer Ceramic Capacitors (CL Series), Samsung Electro-Mechanics CL10A106KQ8NNNC (Pre-Flight, LCSC Extended)",capacitor 10uF 0603 samsung electro-mechanics samsung cl pre-flight general purpose,617884,0.0394
C 10uF 0603 10V X5R 20% Samsung,10uF,C85713,Extended,CL10A106MP8NNNC,Samsung Electro-Mechanics,Samsung CL,0603,20%,,10V,X5R,,,,,E24,Pre-Flight,General Purpose,Device:C,Capacitor_SMD:C_0603_1608Metric,https://www.lcsc.com/datasheet/lcsc_datasheet_2304140030_Samsung-Electro-Mechanics-CL10A106MP8NNNC_C85713.pdf,https://www.lcsc.com/product-detail/multilayer-ceramic-capacitors-mlcc-smd-smt_samsung-electro-mechanics-cl10a106mp8nnnc_C85713.html,"Capacitor 10uF 20% 10V X5R 0603 Multilayer Ceramic Capacitors (CL Series), Samsung Electro-Mechanics CL10A106MP8NNNC (Pre-Flight, LCSC Extended)",capacitor 10uF 0603 samsung electro-mechanics samsung cl pre-flight general purpose,62712,0.0269
C 10uF 0603 10V X6S 20% Samsung,10uF,C318633,Extended,CL10X106MP8NRNC,Samsung Electro-Mechanics,Samsung CL,0603,20%,,10V,X6S,,,,,E24,Pre-Flight,General Purpose,Device:C,Capacitor_SMD:C_0603_1608Metric,https://wmsc.lcsc.com/wmsc/upload/file/pdf/v2/lcsc/1912111437_Samsung-Electro-Mechanics-CL10X106MP8NRNC_C318633.pdf,https://www.lcsc.com/product-detail/multilayer-ceramic-capacitors-mlcc-smd-smt_samsung-electro-mechanics-cl10x106mp8nrnc_C318633.html,"Capacitor 10uF 20% 10V X6S 0603 Multilayer Ceramic Capacitors (CL Series), Samsung Electro-Mechanics CL10X106MP8NRNC (Pre-Flight, LCSC Extended)",capacitor 10uF 0603 samsung electro-mechanics samsung cl pre-flight general purpose,16462,0.1131
C 10uF 0603 16V X5R 20% Samsung,10uF,C92487,Extended,CL10A106MO8NQNC,Samsung Electro-Mechanics,Samsung CL,0603,20%,,16V,X5R,,,,,E24,Pre-Flight,General Purpose,Device:C,Capacitor_SMD:C_0603_1608Metric,https://www.lcsc.com/datasheet/lcsc_datasheet_2212121230_Samsung-Electro-Mechanics-CL10A106MO8NQNC_C92487.pdf,https://www.lcsc.com/product-detail/multilayer-ceramic-capacitors-mlcc-smd-smt_samsung-electro-mechanics-cl10a106mo8nqnc_C92487.html,"Capacitor 10uF 20% 16V X5R 0603 Multilayer Ceramic Capacitors (CL Series), Samsung Electro-Mechanics CL10A106MO8NQNC (Pre-Flight, LCSC Extended)",capacitor 10uF 0603 samsung electro-mechanics samsung cl pre-flight general purpose,1864327,0.0541
C 10uF 0603 16V X6S 20% Samsung,10uF,C3039688,Extended,CL10X106MO8NRNC,Samsung Electro-Mechanics,Samsung CL,0603,20%,,16V,X6S,,,,,E24,Pre-Flight,General Purpose,Device:C,Capacitor_SMD:C_0603_1608Metric,https://wmsc.lcsc.com/wmsc/upload/file/pdf/v2/lcsc/2206222030_Samsung-Electro-Mechanics-CL10X106MO8NRNC_C3039688.pdf,https://www.lcsc.com/product-detail/multilayer-ceramic-capacitors-mlcc-smd-smt_samsung-electro-mechanics-cl10x106mo8nrnc_C3039688.html,"Capacitor 10uF 20% 16V X6S 0603 Multilayer Ceramic Capacitors (CL Series), Samsung Electro-Mechanics CL10X106MO8NRNC (Pre-Flight, LCSC Extended)",capacitor 10uF 0603 samsung electro-mechanics samsung cl pre-flight general purpose,123702,0.0907
C 10uF 0603 4V X6S 20% Samsung,10uF,C318635,Extended,CL10X106MR8NNNC,Samsung Electro-Mechanics,Samsung CL,0603,20%,,4V,X6S,,,,,E24,Pre-Flight,General Purpose,Device:C,Capacitor_SMD:C_0603_1608Metric,https://wmsc.lcsc.com/wmsc/upload/file/pdf/v2/lcsc/2304140030_Samsung-Electro-Mechanics-CL10X106MR8NNNC_C318635.pdf,https://www.lcsc.com/product-detail/multilayer-ceramic-capacitors-mlcc-smd-smt_samsung-electro-mechanics-cl10x106mr8nnnc_C318635.html,"Capacitor 10uF 20% 4V X6S 0603 Multilayer Ceramic Capacitors (CL Series), Samsung Electro-Mechanics CL10X106MR8NNNC (Pre-Flight, LCSC Extended)",capacitor 10uF 0603 samsung electro-mechanics samsung cl pre-flight general purpose,1560,0.0508
C 10uF 0603 6.3V X5R 20% Samsung,10uF,C1691,Extended,CL10A106MQ8NNNC,Samsung Electro-Mechanics,Samsung CL,0603,20%,,6.3V,X5R,,,,,E24,Pre-Flight,General Purpose,Device:C,Capacitor_SMD:C_0603_1608Metric,https://www.lcsc.com/datasheet/lcsc_datasheet_2304140030_Samsung-Electro-Mechanics-CL10A106MQ8NNNC_C1691.pdf,https://www.lcsc.com/product-detail/multilayer-ceramic-capacitors-mlcc-smd-smt_samsung-electro-mechanics-cl10a106mq8nnnc_C1691.html,"Capacitor 10uF 20% 6.3V X5R 0603 Multilayer Ceramic Capacitors (CL Series), Samsung Electro-Mechanics CL10A106MQ8NNNC (Pre-Flight, LCSC Extended)",capacitor 10uF 0603 samsung electro-mechanics samsung cl pre-flight general purpose,1331781,0.0227
C 10uF 0603 6.3V X7R 20% Samsung,10uF,C3039698,Extended,CL10B106MQ8NRNC,Samsung Electro-Mechanics,Samsung CL,0603,20%,,6.3V,X7R,,,,,E24,Pre-Flight,General Purpose,Device:C,Capacitor_SMD:C_0603_1608Metric,https://wmsc.lcsc.com/wmsc/upload/file/pdf/v2/lcsc/2206221845_Samsung-Electro-Mechanics-CL10B106MQ8NRNC_C3039698.pdf,https://www.lcsc.com/product-detail/multilayer-ceramic-capacitors-mlcc-smd-smt_samsung-electro-mechanics-cl10b106mq8nrnc_C3039698.html,"Capacitor 10uF 20% 6.3V X7R 0603 Multilayer Ceramic Capacitors (CL Series), Samsung Electro-Mechanics CL10B106MQ8NRNC (Pre-Flight, LCSC Extended)",capacitor 10uF 0603 samsung electro-mechanics samsung cl pre-flight general purpose,51860,0.09
C 10uF 0603 6.3V X6S 20% Samsung,10uF,C318634,Extended,CL10X106MQ8NNNC,Samsung Electro-Mechanics,Samsung CL,0603,20%,,6.3V,X6S,,,,,E24,Pre-Flight,General Purpose,Device:C,Capacitor_SMD:C_0603_1608Metric,https://www.lcsc.com/datasheet/C1705.pdf,https://www.lcsc.com/product-detail/multilayer-ceramic-capacitors-mlcc-smd-smt_samsung-electro-mechanics-cl10x106mq8nnnc_C318634.html,"Capacitor 10uF 20% 6.3V X6S 0603 Multilayer Ceramic Capacitors (CL Series), Samsung Electro-Mechanics CL10X106MQ8NNNC (Pre-Flight, LCSC Extended)",capacitor 10uF 0603 samsung electro-mechanics samsung cl pre-flight general purpose,72914,0.0446
C 10uF 0603 6.3V X7T 20% Samsung,10uF,C7107636,Extended,CL10Z106MQ9VPNC,Samsung Electro-Mechanics,Samsung CL,0603,20%,,6.3V,X7T,,,,,E24,Pre-Flight,General Purpose,Device:C,Capacitor_SMD:C_0603_1608Metric,https://wmsc.lcsc.com/wmsc/upload/file/pdf/v2/lcsc/2309061404_Samsung-Electro-Mechanics-CL10Z106MQ9VPNC_C7107636.pdf,https://www.lcsc.com/product-detail/multilayer-ceramic-capacitors-mlcc-smd-smt_samsung-electro-mechanics-cl10z106mq9vpnc_C7107636.html,"Capacitor 10uF 20% 6.3V X7T 0603 Multilayer Ceramic Capacitors (CL Series), Samsung Electro-Mechanics CL10Z106MQ9VPNC (Pre-Flight, LCSC Extended)",capacitor 10uF 0603 samsung electro-mechanics samsung cl pre-flight general purpose,1607,0.1684
C 22uF 0603 10V X5R 20% Samsung,22uF,C86295,Extended,CL10A226MP8NUNE,Samsung Electro-Mechanics,Samsung CL,0603,20%,,10V,X5R,,,,,E24,Pre-Flight,General Purpose,Device:C,Capacitor_SMD:C_0603_1608Metric,https://www.lcsc.com/datasheet/lcsc_datasheet_2304140030_Samsung-Electro-Mechanics-CL10A226MP8NUNE_C86295.pdf,https://www.lcsc.com/product-detail/multilayer-ceramic-capacitors-mlcc-smd-smt_samsung-electro-mechanics-cl10a226mp8nune_C86295.html,"Capacitor 22uF 20% 10V X5R 0603 Multilayer Ceramic Capacitors (CL Series), Samsung Electro-Mechanics CL10A226MP8NUNE (Pre-Flight, LCSC Extended)",capacitor 22uF 0603 samsung electro-mechanics samsung cl pre-flight general purpose,1425825,0.043
C 22uF 0603 16V X5R 20% Samsung,22uF,C2762594,Extended,CL10A226MO7JZNC,Samsung Electro-Mechanics,Samsung CL,0603,20%,,16V,X5R,,,,,E24,Pre-Flight,General Purpose,Device:C,Capacitor_SMD:C_0603_1608Metric,https://www.lcsc.com/datasheet/lcsc_datasheet_2208111030_Samsung-Electro-Mechanics-CL10A226MO7JZNC_C2762594.pdf,https://www.lcsc.com/product-detail/multilayer-ceramic-capacitors-mlcc-smd-smt_samsung-electro-mechanics-cl10a226mo7jznc_C2762594.html,"Capacitor 22uF 20% 16V X5R 0603 Multilayer Ceramic Capacitors (CL Series), Samsung Electro-Mechanics CL10A226MO7JZNC (Pre-Flight, LCSC Extended)",capacitor 22uF 0603 samsung electro-mechanics samsung cl pre-flight general purpose,349213,0.1012
C 22uF 0603 4V X6S 20% Samsung,22uF,C3039689,Extended,CL10X226MR8NUNE,Samsung Electro-Mechanics,Samsung CL,0603,20%,,4V,X6S,,,,,E24,Pre-Flight,General Purpose,Device:C,Capacitor_SMD:C_0603_1608Metric,https://wmsc.lcsc.com/wmsc/upload/file/pdf/v2/lcsc/2206222045_Samsung-Electro-Mechanics-CL10X226MR8NUNE_C3039689.pdf,https://www.lcsc.com/product-detail/multilayer-ceramic-capacitors-mlcc-smd-smt_samsung-electro-mechanics-cl10x226mr8nune_C3039689.html,"Capacitor 22uF 20% 4V X6S 0603 Multilayer Ceramic Capacitors (CL Series), Samsung Electro-Mechanics CL10X226MR8NUNE (Pre-Flight, LCSC Extended)",capacitor 22uF 0603 samsung electro-mechanics samsung cl pre-flight general purpose,4139,0.0532
C 22uF 0603 6.3V X6S 20% Samsung,22uF,C2991805,Extended,CL10X226MQ8QRWC,Samsung Electro-Mechanics,Samsung CL,0603,20%,,6.3V,X6S,,,,,E24,Pre-Flight,General Purpose,Device:C,Capacitor_SMD:C_0603_1608Metric,https://wmsc.lcsc.com/wmsc/upload/file/pdf/v2/lcsc/2204111645_Samsung-Electro-Mechanics-CL10X226MQ8QRWC_C2991805.pdf,https://www.lcsc.com/product-detail/multilayer-ceramic-capacitors-mlcc-smd-smt_samsung-electro-mechanics-cl10x226mq8qrwc_C2991805.html,"Capacitor 22uF 20% 6.3V X6S 0603 Multilayer Ceramic Capacitors (CL Series), Samsung Electro-Mechanics CL10X226MQ8QRWC (Pre-Flight, LCSC Extended)",capacitor 22uF 0603 samsung electro-mechanics samsung cl pre-flight general purpose,8377,0.1191
C 47uF 0603 2.5V X6S 20% Samsung,47uF,C6150060,Extended,CL10X476MS8NRWC,Samsung Electro-Mechanics,Samsung CL,0603,20%,,2.5V,X6S,,,,,E24,Pre-Flight,General Purpose,Device:C,Capacitor_SMD:C_0603_1608Metric,https://www.lcsc.com/datasheet/C1705.pdf,https://www.lcsc.com/product-detail/multilayer-ceramic-capacitors-mlcc-smd-smt_samsung-electro-mechanics-cl10x476ms8nrwc_C6150060.html,"Capacitor 47uF 20% 2.5V X6S 0603 Multilayer Ceramic Capacitors (CL Series), Samsung Electro-Mechanics CL10X476MS8NRWC (Pre-Flight, LCSC Extended)",capacitor 47uF 0603 samsung electro-mechanics samsung cl pre-flight general purpose,1976,0.2393
C 47uF 0603 4V X5R 20% Samsung,47uF,C318632,Extended,CL10A476MR8NZNE,Samsung Electro-Mechanics,Samsung CL,0603,20%,,4V,X5R,,,,,E24,Pre-Flight,General Purpose,Device:C,Capacitor_SMD:C_0603_1608Metric,https://wmsc.lcsc.com/wmsc/upload/file/pdf/v2/lcsc/2304140030_Samsung-Electro-Mechanics-CL10A476MR8NZNE_C318632.pdf,https://www.lcsc.com/product-detail/multilayer-ceramic-capacitors-mlcc-smd-smt_samsung-electro-mechanics-cl10a476mr8nzne_C318632.html,"Capacitor 47uF 20% 4V X5R 0603 Multilayer Ceramic Capacitors (CL Series), Samsung Electro-Mechanics CL10A476MR8NZNE (Pre-Flight, LCSC Extended)",capacitor 47uF 0603 samsung electro-mechanics samsung cl pre-flight general purpose,1021,0.2418
C 47uF 0603 4V X6S 20% Samsung,47uF,C7107634,Extended,CL10X476MR8NRWC,Samsung Electro-Mechanics,Samsung CL,0603,20%,,4V,X6S,,,,,E24,Pre-Flight,General Purpose,Device:C,Capacitor_SMD:C_0603_1608Metric,https://www.lcsc.com/datasheet/C1705.pdf,https://www.lcsc.com/product-detail/multilayer-ceramic-capacitors-mlcc-smd-smt_samsung-electro-mechanics-cl10x476mr8nrwc_C7107634.html,"Capacitor 47uF 20% 4V X6S 0603 Multilayer Ceramic Capacitors (CL Series), Samsung Electro-Mechanics CL10X476MR8NRWC (Pre-Flight, LCSC Extended)",capacitor 47uF 0603 samsung electro-mechanics samsung cl pre-flight general purpose,1302,0.3088
C 47uF 0603 6.3V X5R 20% Samsung,47uF,C730416,Extended,CL10A476MQ8QRNC,Samsung Electro-Mechanics,Samsung CL,0603,20%,,6.3V,X5R,,,,,E24,Pre-Flight,General Purpose,Device:C,Capacitor_SMD:C_0603_1608Metric,https://wmsc.lcsc.com/wmsc/upload/file/pdf/v2/lcsc/2304140030_Samsung-Electro-Mechanics-CL10A476MQ8QRNC_C730416.pdf,https://www.lcsc.com/product-detail/multilayer-ceramic-capacitors-mlcc-smd-smt_samsung-electro-mechanics-cl10a476mq8qrnc_C730416.html,"Capacitor 47uF 20% 6.3V X5R 0603 Multilayer Ceramic Capacitors (CL Series), Samsung Electro-Mechanics CL10A476MQ8QRNC (Pre-Flight, LCSC Extended)",capacitor 47uF 0603 samsung electro-mechanics samsung cl pre-flight general purpose,200870,0.1876
C 100pF 0805 100V C0G 5% Samsung,100pF,C159771,Extended,CL21C101JCANNNC,Samsung Electro-Mechanics,Samsung CL,0805,5%,,100V,C0G,,,,,E24,Pre-Flight,General Purpose,Device:C,Capacitor_SMD:C_0805_2012Metric,https://www.lcsc.com/datasheet/lcsc_datasheet_2304140030_Samsung-Electro-Mechanics-CL21C101JCANNNC_C159771.pdf,https://www.lcsc.com/product-detail/multilayer-ceramic-capacitors-mlcc-smd-smt_samsung-electro-mechanics-cl21c101jcannnc_C159771.html,"Capacitor 100pF 5% 100V C0G 0805 Multilayer Ceramic Capacitors (CL Series), Samsung Electro-Mechanics CL21C101JCANNNC (Pre-Flight, LCSC Extended)",capacitor 100pF 0805 samsung electro-mechanics samsung cl pre-flight general purpose,22572,0.0199
C 220pF 0805 50V C0G 5% Samsung,220pF,C61747,Extended,CL21C221JBANNNC,Samsung Electro-Mechanics,Samsung CL,0805,5%,,50V,C0G,,,,,E24,Pre-Flight,General Purpose,Device:C,Capacitor_SMD:C_0805_2012Metric,https://www.lcsc.com/datasheet/lcsc_datasheet_2304140030_Samsung-Electro-Mechanics-CL21C221JBANNNC_C61747.pdf,https://www.lcsc.com/product-detail/multilayer-ceramic-capacitors-mlcc-smd-smt_samsung-electro-mechanics-cl21c221jbannnc_C61747.html,"Capacitor 220pF 5% 50V C0G 0805 Multilayer Ceramic Capacitors (CL Series), Samsung Electro-Mechanics CL21C221JBANNNC (Pre-Flight, LCSC Extended)",capacitor 220pF 0805 samsung electro-mechanics samsung cl pre-flight general purpose,37025,0.0207
C 470pF 0805 50V C0G 5% Samsung,470pF,C472843,Extended,CL21C471JBC1PNC,Samsung Electro-Mechanics,Samsung CL,0805,5%,,50V,C0G,,,,,E24,Pre-Flight,General Purpose,Device:C,Capacitor_SMD:C_0805_2012Metric,https://wmsc.lcsc.com/wmsc/upload/file/pdf/v2/lcsc/2304140030_Samsung-Electro-Mechanics-CL21C471JBC1PNC_C472843.pdf,https://www.lcsc.com/product-detail/multilayer-ceramic-capacitors-mlcc-smd-smt_samsung-electro-mechanics-cl21c471jbc1pnc_C472843.html,"Capacitor 470pF 5% 50V C0G 0805 Multilayer Ceramic Capacitors (CL Series), Samsung Electro-Mechanics CL21C471JBC1PNC (Pre-Flight, LCSC Extended)",capacitor 470pF 0805 samsung electro-mechanics samsung cl pre-flight general purpose,31514,0.0406
C 1nF 0805 100V X7R 10% Samsung,1nF,C15177,Extended,CL21B102KCANNNC,Samsung Electro-Mechanics,Samsung CL,0805,10%,,100V,X7R,,,,,E24,Pre-Flight,General Purpose,Device:C,Capacitor_SMD:C_0805_2012Metric,https://www.lcsc.com/datasheet/lcsc_datasheet_2304140030_Samsung-Electro-Mechanics-CL21B102KCANNNC_C15177.pdf,https://www.lcsc.com/product-detail/multilayer-ceramic-capacitors-mlcc-smd-smt_samsung-electro-mechanics-cl21b102kcannnc_C15177.html,"Capacitor 1nF 10% 100V X7R 0805 Multilayer Ceramic Capacitors (CL Series), Samsung Electro-Mechanics CL21B102KCANNNC (Pre-Flight, LCSC Extended)",capacitor 1nF 0805 samsung electro-mechanics samsung cl pre-flight general purpose,43040,0.0112
C 1nF 0805 250V X7R 10% Samsung,1nF,C16195499,Extended,CL21B102KECSFNC,Samsung Electro-Mechanics,Samsung CL,0805,10%,,250V,X7R,,,,,E24,Pre-Flight,General Purpose,Device:C,Capacitor_SMD:C_0805_2012Metric,https://www.lcsc.com/datasheet/C1705.pdf,https://www.lcsc.com/product-detail/C16195499.html,"Capacitor 1nF 10% 250V X7R 0805 Multilayer Ceramic Capacitors (CL Series), Samsung Electro-Mechanics CL21B102KECSFNC (Pre-Flight, LCSC Extended)",capacitor 1nF 0805 samsung electro-mechanics samsung cl pre-flight general purpose,2758,0.0275
C 1nF 0805 50V C0G 5% Samsung,1nF,C1791,Extended,CL21C102JBCNNNC,Samsung Electro-Mechanics,Samsung CL,0805,5%,,50V,C0G,,,,,E24,Pre-Flight,General Purpose,Device:C,Capacitor_SMD:C_0805_2012Metric,https://www.lcsc.com/datasheet/lcsc_datasheet_2304140030_Samsung-Electro-Mechanics-CL21C102JBCNNNC_C1791.pdf,https://www.lcsc.com/product-detail/multilayer-ceramic-capacitors-mlcc-smd-smt_samsung-electro-mechanics-cl21c102jbcnnnc_C1791.html,"Capacitor 1nF 5% 50V C0G 0805 Multilayer Ceramic Capacitors (CL Series), Samsung Electro-Mechanics CL21C102JBCNNNC (Pre-Flight, LCSC Extended)",capacitor 1nF 0805 samsung electro-mechanics samsung cl pre-flight general purpose,126613,0.012
C 2.2nF 0805 50V X7R 10% Samsung,2.2nF,C1728,Extended,CL21B222KBANNNC,Samsung Electro-Mechanics,Samsung CL,0805,10%,,50V,X7R,,,,,E24,Pre-Flight,General Purpose,Device:C,Capacitor_SMD:C_0805_2012Metric,https://www.lcsc.com/datasheet/lcsc_datasheet_2304140030_Samsung-Electro-Mechanics-CL21B222KBANNNC_C1728.pdf,https://www.lcsc.com/product-detail/multilayer-ceramic-capacitors-mlcc-smd-smt_samsung-electro-mechanics-cl21b222kbannnc_C1728.html,"Capacitor 2.2nF 10% 50V X7R 0805 Multilayer Ceramic Capacitors (CL Series), Samsung Electro-Mechanics CL21B222KBANNNC (Pre-Flight, LCSC Extended)",capacitor 2.2nF 0805 samsung electro-mechanics samsung cl pre-flight general purpose,107554,0.0157
C 2.2nF 0805 50V X7R 5% Samsung,2.2nF,C307541,Extended,CL21B222JBANNNC,Samsung Electro-Mechanics,Samsung CL,0805,5%,,50V,X7R,,,,,E24,Pre-Flight,General Purpose,Device:C,Capacitor_SMD:C_0805_2012Metric,https://wmsc.lcsc.com/wmsc/upload/file/pdf/v2/lcsc/2304140030_Samsung-Electro-Mechanics-CL21B222JBANNNC_C307541.pdf,https://www.lcsc.com/product-detail/multilayer-ceramic-capacitors-mlcc-smd-smt_samsung-electro-mechanics-cl21b222jbannnc_C307541.html,"Capacitor 2.2nF 5% 50V X7R 0805 Multilayer Ceramic Capacitors (CL Series), Samsung Electro-Mechanics CL21B222JBANNNC (Pre-Flight, LCSC Extended)",capacitor 2.2nF 0805 samsung electro-mechanics samsung cl pre-flight general purpose,42070,0.0238
C 2.7nF 0805 50V X7R 10% Samsung,2.7nF,C170119,Extended,CL21B272KBANNNC,Samsung Electro-Mechanics,Samsung CL,0805,10%,,50V,X7R,,,,,E24,Pre-Flight,General Purpose,Device:C,Capacitor_SMD:C_0805_2012Metric,https://www.lcsc.com/datasheet/lcsc_datasheet_2304140030_Samsung-Electro-Mechanics-CL21B272KBANNNC_C170119.pdf,https://www.lcsc.com/product-detail/multilayer-ceramic-capacitors-mlcc-smd-smt_samsung-electro-mechanics-cl21b272kbannnc_C170119.html,"Capacitor 2.7nF 10% 50V X7R 0805 Multilayer Ceramic Capacitors (CL Series), Samsung Electro-Mechanics CL21B272KBANNNC (Pre-Flight, LCSC Extended)",capacitor 2.7nF 0805 samsung electro-mechanics samsung cl pre-flight general purpose,7533,0.0241
C 4.7nF 0805 50V X7R 10% Samsung,4.7nF,C50131,Extended,CL21B472KBANNNC,Samsung Electro-Mechanics,Samsung CL,0805,10%,,50V,X7R,,,,,E24,Pre-Flight,General Purpose,Device:C,Capacitor_SMD:C_0805_2012Metric,https://www.lcsc.com/datasheet/lcsc_datasheet_2304140030_Samsung-Electro-Mechanics-CL21B472KBANNNC_C50131.pdf,https://www.lcsc.com/product-detail/multilayer-ceramic-capacitors-mlcc-smd-smt_samsung-electro-mechanics-cl21b472kbannnc_C50131.html,"Capacitor 4.7nF 10% 50V X7R 0805 Multilayer Ceramic Capacitors (CL Series), Samsung Electro-Mechanics CL21B472KBANNNC (Pre-Flight, LCSC Extended)",capacitor 4.7nF 0805 samsung electro-mechanics samsung cl pre-flight general purpose,100147,0.0136
C 4.7nF 0805 50V C0G 5% Samsung,4.7nF,C2991187,Extended,CL21C472JBFNNNE,Samsung Electro-Mechanics,Samsung CL,0805,5%,,50V,C0G,,,,,E24,Pre-Flight,General Purpose,Device:C,Capacitor_SMD:C_0805_2012Metric,https://wmsc.lcsc.com/wmsc/upload/file/pdf/v2/lcsc/2204111630_Samsung-Electro-Mechanics-CL21C472JBFNNNE_C2991187.pdf,https://www.lcsc.com/product-detail/multilayer-ceramic-capacitors-mlcc-smd-smt_samsung-electro-mechanics-cl21c472jbfnnne_C2991187.html,"Capacitor 4.7nF 5% 50V C0G 0805 Multilayer Ceramic Capacitors (CL Series), Samsung Electro-Mechanics CL21C472JBFNNNE (Pre-Flight, LCSC Extended)",capacitor 4.7nF 0805 samsung electro-mechanics samsung cl pre-flight general purpose,1064,0.0407
C 10nF 0805 100V X7R 10% Samsung,10nF,C18741,Extended,CL21B103KCANNNC,Samsung Electro-Mechanics,Samsung CL,0805,10%,,100V,X7R,,,,,E24,Pre-Flight,General Purpose,Device:C,Capacitor_SMD:C_0805_2012Metric,https://www.lcsc.com/datasheet/lcsc_datasheet_2304140030_Samsung-Electro-Mechanics-CL21B103KCANNNC_C18741.pdf,https://www.lcsc.com/product-detail/multilayer-ceramic-capacitors-mlcc-smd-smt_samsung-electro-mechanics-cl21b103kcannnc_C18741.html,"Capacitor 10nF 10% 100V X7R 0805 Multilayer Ceramic Capacitors (CL Series), Samsung Electro-Mechanics CL21B103KCANNNC (Pre-Flight, LCSC Extended)",capacitor 10nF 0805 samsung electro-mechanics samsung cl pre-flight general purpose,166479,0.0201
C 10nF 0805 200V X7R 10% Samsung,10nF,C159779,Extended,CL21B103KDCNNNC,Samsung Electro-Mechanics,Samsung CL,0805,10%,,200V,X7R,,,,,E24,Pre-Flight,General Purpose,Device:C,Capacitor_SMD:C_0805_2012Metric,https://www.lcsc.com/datasheet/lcsc_datasheet_2304140030_Samsung-Electro-Mechanics-CL21B103KDCNNNC_C159779.pdf,https://www.lcsc.com/product-detail/multilayer-ceramic-capacitors-mlcc-smd-smt_samsung-electro-mechanics-cl21b103kdcnnnc_C159779.html,"Capacitor 10nF 10% 200V X7R 0805 Multilayer Ceramic Capacitors (CL Series), Samsung Electro-Mechanics CL21B103KDCNNNC (Pre-Flight, LCSC Extended)",capacitor 10nF 0805 samsung electro-mechanics samsung cl pre-flight general purpose,28960,0.0383
C 10nF 0805 25V X7R 10% Samsung,10nF,C2688117,Extended,CL21B103KAANNNC,Samsung Electro-Mechanics,Samsung CL,0805,10%,,25V,X7R,,,,,E24,Pre-Flight,General Purpose,Device:C,Capacitor_SMD:C_0805_2012Metric,https://wmsc.lcsc.com/wmsc/upload/file/pdf/v2/lcsc/2307191011_Samsung-Electro-Mechanics-CL21B103KAANNNC_C2688117.pdf,https://www.lcsc.com/product-detail/multilayer-ceramic-capacitors-mlcc-smd-smt_samsung-electro-mechanics-cl21b103kaannnc_C2688117.html,"Capacitor 10nF 10% 25V X7R 0805 Multilayer Ceramic Capacitors (CL Series), Samsung Electro-Mechanics CL21B103KAANNNC (Pre-Flight, LCSC Extended)",capacitor 10nF 0805 samsung electro-mechanics samsung cl pre-flight general purpose,10829,0.0227
C 10nF 0805 50V C0G 5% Samsung,10nF,C27071,Extended,CL21C103JBFNNNE,Samsung Electro-Mechanics,Samsung CL,0805,5%,,50V,C0G,,,,,E24,Pre-Flight,General Purpose,Device:C,Capacitor_SMD:C_0805_2012Metric,https://www.lcsc.com/datasheet/lcsc_datasheet_2304140030_Samsung-Electro-Mechanics-CL21C103JBFNNNE_C27071.pdf,https://www.lcsc.com/product-detail/multilayer-ceramic-capacitors-mlcc-smd-smt_samsung-electro-mechanics-cl21c103jbfnnne_C27071.html,"Capacitor 10nF 5% 50V C0G 0805 Multilayer Ceramic Capacitors (CL Series), Samsung Electro-Mechanics CL21C103JBFNNNE (Pre-Flight, LCSC Extended)",capacitor 10nF 0805 samsung electro-mechanics samsung cl pre-flight general purpose,17589,0.1582
C 22nF 0805 100V X7R 10% Samsung,22nF,C307363,Extended,CL21B223KC6WPNC,Samsung Electro-Mechanics,Samsung CL,0805,10%,,100V,X7R,,,,,E24,Pre-Flight,General Purpose,Device:C,Capacitor_SMD:C_0805_2012Metric,https://wmsc.lcsc.com/wmsc/upload/file/pdf/v2/lcsc/2304140030_Samsung-Electro-Mechanics-CL21B223KC6WPNC_C307363.pdf,https://www.lcsc.com/product-detail/multilayer-ceramic-capacitors-mlcc-smd-smt_samsung-electro-mechanics-cl21b223kc6wpnc_C307363.html,"Capacitor 22nF 10% 100V X7R 0805 Multilayer Ceramic Capacitors (CL Series), Samsung Electro-Mechanics CL21B223KC6WPNC (Pre-Flight, LCSC Extended)",capacitor 22nF 0805 samsung electro-mechanics samsung cl pre-flight general purpose,7385,0.109
C 22nF 0805 50V X7R 5% Samsung,22nF,C380538,Extended,CL21B223JBANNNC,Samsung Electro-Mechanics,Samsung CL,0805,5%,,50V,X7R,,,,,E24,Pre-Flight,General Purpose,Device:C,Capacitor_SMD:C_0805_2012Metric,https://www.lcsc.com/datasheet/lcsc_datasheet_1912111437_Samsung-Electro-Mechanics-CL21B223JBANNNC_C380538.pdf,https://www.lcsc.com/product-detail/multilayer-ceramic-capacitors-mlcc-smd-smt_samsung-electro-mechanics-cl21b223jbannnc_C380538.html,"Capacitor 22nF 5% 50V X7R 0805 Multilayer Ceramic Capacitors (CL Series), Samsung Electro-Mechanics CL21B223JBANNNC (Pre-Flight, LCSC Extended)",capacitor 22nF 0805 samsung electro-mechanics samsung cl pre-flight general purpose,2196,0.035
C 33nF 0805 50V X7R 10% Samsung,33nF,C913943,Extended,CL21B333KBANFNC,Samsung Electro-Mechanics,Samsung CL,0805,10%,,50V,X7R,,,,,E24,Pre-Flight,General Purpose,Device:C,Capacitor_SMD:C_0805_2012Metric,https://wmsc.lcsc.com/wmsc/upload/file/pdf/v2/lcsc/2304140030_Samsung-Electro-Mechanics-CL21B333KBANFNC_C913943.pdf,https://www.lcsc.com/product-detail/multilayer-ceramic-capacitors-mlcc-smd-smt_samsung-electro-mechanics-cl21b333kbanfnc_C913943.html,"Capacitor 33nF 10% 50V X7R 0805 Multilayer Ceramic Capacitors (CL Series), Samsung Electro-Mechanics CL21B333KBANFNC (Pre-Flight, LCSC Extended)",capacitor 33nF 0805 samsung electro-mechanics samsung cl pre-flight general purpose,4799,0.0218
C 47nF 0805 100V X7R 10% Samsung,47nF,C17074,Extended,CL21B473KCFNNNE,Samsung Electro-Mechanics,Samsung CL,0805,10%,,100V,X7R,,,,,E24,Pre-Flight,General Purpose,Device:C,Capacitor_SMD:C_0805_2012Metric,https://www.lcsc.com/datasheet/lcsc_datasheet_2304140030_Samsung-Electro-Mechanics-CL21B473KCFNNNE_C17074.pdf,https://www.lcsc.com/product-detail/multilayer-ceramic-capacitors-mlcc-smd-smt_samsung-electro-mechanics-cl21b473kcfnnne_C17074.html,"Capacitor 47nF 10% 100V X7R 0805 Multilayer Ceramic Capacitors (CL Series), Samsung Electro-Mechanics CL21B473KCFNNNE (Pre-Flight, LCSC Extended)",capacitor 47nF 0805 samsung electro-mechanics samsung cl pre-flight general purpose,21546,0.0332
C 68nF 0805 50V X7R 10% Samsung,68nF,C472830,Extended,CL21B683KBCWPNC,Samsung Electro-Mechanics,Samsung CL,0805,10%,,50V,X7R,,,,,E24,Pre-Flight,General Purpose,Device:C,Capacitor_SMD:C_0805_2012Metric,https://wmsc.lcsc.com/wmsc/upload/file/pdf/v2/lcsc/2304140030_Samsung-Electro-Mechanics-CL21B683KBCWPNC_C472830.pdf,https://www.lcsc.com/product-detail/multilayer-ceramic-capacitors-mlcc-smd-smt_samsung-electro-mechanics-cl21b683kbcwpnc_C472830.html,"Capacitor 68nF 10% 50V X7R 0805 Multilayer Ceramic Capacitors (CL Series), Samsung Electro-Mechanics CL21B683KBCWPNC (Pre-Flight, LCSC Extended)",capacitor 68nF 0805 samsung electro-mechanics samsung cl pre-flight general purpose,4145,0.0848
C 100nF 0805 25V X7R 10% Samsung,100nF,C318717,Extended,CL21B104KACNNNC,Samsung Electro-Mechanics,Samsung CL,0805,10%,,25V,X7R,,,,,E24,Pre-Flight,General Purpose,Device:C,Capacitor_SMD:C_0805_2012Metric,https://www.lcsc.com/datasheet/C1705.pdf,https://lcsc.comhttps://lcsc.com/product-detail/New-Arrivals_Samsung-Electro-Mechanics-CL21B104KACNNNC_C318717.html,"Capacitor 100nF 10% 25V X7R 0805 Multilayer Ceramic Capacitors (CL Series), Samsung Electro-Mechanics CL21B104KACNNNC (Pre-Flight, LCSC Extended)",capacitor 100nF 0805 samsung electro-mechanics samsung cl pre-flight general purpose,43067,0.0197
C 100nF 0805 50V X7R 10% Samsung,100nF,C1711,Extended,CL21B104KBCNNNC,Samsung Electro-Mechanics,Samsung CL,0805,10%,,50V,X7R,,,,,E24,Pre-Flight,General Purpose,Device:C,Capacitor_SMD:C_0805_2012Metric,https://www.lcsc.com/datasheet/lcsc_datasheet_2304140030_Samsung-Electro-Mechanics-CL21B104KBCNNNC_C1711.pdf,https://www.lcsc.com/product-detail/multilayer-ceramic-capacitors-mlcc-smd-smt_samsung-electro-mechanics-cl21b104kbcnnnc_C1711.html,"Capacitor 100nF 10% 50V X7R 0805 Multilayer Ceramic Capacitors (CL Series), Samsung Electro-Mechanics CL21B104KBCNNNC (Pre-Flight, LCSC Extended)",capacitor 100nF 0805 samsung electro-mechanics samsung cl pre-flight general purpose,955729,0.0144
C 150nF 0805 50V X7R 10% Samsung,150nF,C307539,Extended,CL21B154KBFNNNE,Samsung Electro-Mechanics,Samsung CL,0805,10%,,50V,X7R,,,,,E24,Pre-Flight,General Purpose,Device:C,Capacitor_SMD:C_0805_2012Metric,https://www.lcsc.com/datasheet/lcsc_datasheet_2304140030_Samsung-Electro-Mechanics-CL21B154KBFNNNE_C307539.pdf,https://www.lcsc.com/product-detail/multilayer-ceramic-capacitors-mlcc-smd-smt_samsung-electro-mechanics-cl21b154kbfnnne_C307539.html,"Capacitor 150nF 10% 50V X7R 0805 Multilayer Ceramic Capacitors (CL Series), Samsung Electro-Mechanics CL21B154KBFNNNE (Pre-Flight, LCSC Extended)",capacitor 150nF 0805 samsung electro-mechanics samsung cl pre-flight general purpose,2003,0.0438
C 220nF 0805 100V X7R 10% Samsung,220nF,C307542,Extended,CL21B224KCFSFNE,Samsung Electro-Mechanics,Samsung CL,0805,10%,,100V,X7R,,,,,E24,Pre-Flight,General Purpose,Device:C,Capacitor_SMD:C_0805_2012Metric,https://wmsc.lcsc.com/wmsc/upload/file/pdf/v2/lcsc/2304140030_Samsung-Electro-Mechanics-CL21B224KCFSFNE_C307542.pdf,https://www.lcsc.com/product-detail/multilayer-ceramic-capacitors-mlcc-smd-smt_samsung-electro-mechanics-cl21b224kcfsfne_C307542.html,"Capacitor 220nF 10% 100V X7R 0805 Multilayer Ceramic Capacitors (CL Series), Samsung Electro-Mechanics CL21B224KCFSFNE (Pre-Flight, LCSC Extended)",capacitor 220nF 0805 samsung electro-mechanics samsung cl pre-flight general purpose,20437,0.0687
C 220nF 0805 25V X7R 10% Samsung,220nF,C5153,Extended,CL21B224KAFNNNE,Samsung Electro-Mechanics,Samsung CL,0805,10%,,25V,X7R,,,,,E24,Pre-Flight,General Purpose,Device:C,Capacitor_SMD:C_0805_2012Metric,https://www.lcsc.com/datasheet/lcsc_datasheet_2304140030_Samsung-Electro-Mechanics-CL21B224KAFNNNE_C5153.pdf,https://www.lcsc.com/product-detail/multilayer-ceramic-capacitors-mlcc-smd-smt_samsung-electro-mechanics-cl21b224kafnnne_C5153.html,"Capacitor 220nF 10% 25V X7R 0805 Multilayer Ceramic Capacitors (CL Series), Samsung Electro-Mechanics CL21B224KAFNNNE (Pre-Flight, LCSC Extended)",capacitor 220nF 0805 samsung electro-mechanics samsung cl pre-flight general purpose,15370,0.0166
C 330nF 0805 16V X7R 10% Samsung,330nF,C318723,Extended,CL21B334KOCNNNC,Samsung Electro-Mechanics,Samsung CL,0805,10%,,16V,X7R,,,,,E24,Pre-Flight,General Purpose,Device:C,Capacitor_SMD:C_0805_2012Metric,https://wmsc.lcsc.com/wmsc/upload/file/pdf/v2/lcsc/2304140030_Samsung-Electro-Mechanics-CL21B334KOCNNNC_C318723.pdf,https://www.lcsc.com/product-detail/multilayer-ceramic-capacitors-mlcc-smd-smt_samsung-electro-mechanics-cl21b334kocnnnc_C318723.html,"Capacitor 330nF 10% 16V X7R 0805 Multilayer Ceramic Capacitors (CL Series), Samsung Electro-Mechanics CL21B334KOCNNNC (Pre-Flight, LCSC Extended)",capacitor 330nF 0805 samsung electro-mechanics samsung cl pre-flight general purpose,11669,0.0271
C 330nF 0805 50V X7R 10% Samsung,330nF,C73142,Extended,CL21B334KBFNNNE,Samsung Electro-Mechanics,Samsung CL,0805,10%,,50V,X7R,,,,,E24,Pre-Flight,General Purpose,Device:C,Capacitor_SMD:C_0805_2012Metric,https://www.lcsc.com/datasheet/lcsc_datasheet_1810191226_Samsung-Electro-Mechanics-CL21B334KBFNNNE_C73142.pdf,https://www.lcsc.com/product-detail/multilayer-ceramic-capacitors-mlcc-smd-smt_samsung-electro-mechanics-cl21b334kbfnnne_C73142.html,"Capacitor 330nF 10% 50V X7R 0805 Multilayer Ceramic Capacitors (CL Series), Samsung Electro-Mechanics CL21B334KBFNNNE (Pre-Flight, LCSC Extended)",capacitor 330nF 0805 samsung electro-mechanics samsung cl pre-flight general purpose,108765,0.028
C 470nF 0805 25V X7R 10% Samsung,470nF,C15972,Extended,CL21B474KAFNNNE,Samsung Electro-Mechanics,Samsung CL,0805,10%,,25V,X7R,,,,,E24,Pre-Flight,General Purpose,Device:C,Capacitor_SMD:C_0805_2012Metric,https://www.lcsc.com/datasheet/lcsc_datasheet_2304140030_Samsung-Electro-Mechanics-CL21B474KAFNNNE_C15972.pdf,https://www.lcsc.com/product-detail/multilayer-ceramic-capacitors-mlcc-smd-smt_samsung-electro-mechanics-cl21b474kafnnne_C15972.html,"Capacitor 470nF 10% 25V X7R 0805 Multilayer Ceramic Capacitors (CL Series), Samsung Electro-Mechanics CL21B474KAFNNNE (Pre-Flight, LCSC Extended)",capacitor 470nF 0805 samsung electro-mechanics samsung cl pre-flight general purpose,29005,0.0301
C 680nF 0805 16V X7R 10% Samsung,680nF,C71069,Extended,CL21B684KOFNNNE,Samsung Electro-Mechanics,Samsung CL,0805,10%,,16V,X7R,,,,,E24,Pre-Flight,General Purpose,Device:C,Capacitor_SMD:C_0805_2012Metric,https://www.lcsc.com/datasheet/lcsc_datasheet_2304140030_Samsung-Electro-Mechanics-CL21B684KOFNNNE_C71069.pdf,https://www.lcsc.com/product-detail/multilayer-ceramic-capacitors-mlcc-smd-smt_samsung-electro-mechanics-cl21b684kofnnne_C71069.html,"Capacitor 680nF 10% 16V X7R 0805 Multilayer Ceramic Capacitors (CL Series), Samsung Electro-Mechanics CL21B684KOFNNNE (Pre-Flight, LCSC Extended)",capacitor 680nF 0805 samsung electro-mechanics samsung cl pre-flight general purpose,1056,0.0345
C 680nF 0805 50V X7R 10% Samsung,680nF,C472832,Extended,CL21B684KBFVPNE,Samsung Electro-Mechanics,Samsung CL,0805,10%,,50V,X7R,,,,,E24,Pre-Flight,General Purpose,Device:C,Capacitor_SMD:C_0805_2012Metric,https://www.lcsc.com/datasheet/lcsc_datasheet_2304140030_Samsung-Electro-Mechanics-CL21B684KBFVPNE_C472832.pdf,https://www.lcsc.com/product-detail/multilayer-ceramic-capacitors-mlcc-smd-smt_samsung-electro-mechanics-cl21b684kbfvpne_C472832.html,"Capacitor 680nF 10% 50V X7R 0805 Multilayer Ceramic Capacitors (CL Series), Samsung Electro-Mechanics CL21B684KBFVPNE (Pre-Flight, LCSC Extended)",capacitor 680nF 0805 samsung electro-mechanics samsung cl pre-flight general purpose,4570,0.0744
C 1uF 0805 50V Y5V -20%~+80% Samsung,1uF,C5422,Extended,CL21F105ZBFNNNE,Samsung Electro-Mechanics,Samsung CL,0805,-20%~+80%,,50V,Y5V,,,,,E24,Pre-Flight,General Purpose,Device:C,Capacitor_SMD:C_0805_2012Metric,https://www.lcsc.com/datasheet/lcsc_datasheet_2304140030_Samsung-Electro-Mechanics-CL21F105ZBFNNNE_C5422.pdf,https://www.lcsc.com/product-detail/multilayer-ceramic-capacitors-mlcc-smd-smt_samsung-electro-mechanics-cl21f105zbfnnne_C5422.html,"Capacitor 1uF -20%~+80% 50V Y5V 0805 Multilayer Ceramic Capacitors (CL Series), Samsung Electro-Mechanics CL21F105ZBFNNNE (Pre-Flight, LCSC Extended)",capacitor 1uF 0805 samsung electro-mechanics samsung cl pre-flight general purpose,14860,0.0466
C 1uF 0805 100V X7S 10% Samsung,1uF,C3887708,Extended,CL21Y105KCYVPNE,Samsung Electro-Mechanics,Samsung CL,0805,10%,,100V,X7S,,,,,E24,Pre-Flight,General Purpose,Device:C,Capacitor_SMD:C_0805_2012Metric,https://wmsc.lcsc.com/wmsc/upload/file/pdf/v2/lcsc/2309061354_Samsung-Electro-Mechanics-CL21Y105KCYVPNE_C3887708.pdf,https://www.lcsc.com/product-detail/multilayer-ceramic-capacitors-mlcc-smd-smt_samsung-electro-mechanics-cl21y105kcyvpne_C3887708.html,"Capacitor 1uF 10% 100V X7S 0805 Multilayer Ceramic Capacitors (CL Series), Samsung Electro-Mechanics CL21Y105KCYVPNE (Pre-Flight, LCSC Extended)",capacitor 1uF 0805 samsung electro-mechanics samsung cl pre-flight general purpose,4890,0.1824
C 1uF 0805 10V X7R 10% Samsung,1uF,C107367,Extended,CL21B105KPFNNNE,Samsung Electro-Mechanics,Samsung CL,0805,10%,,10V,X7R,,,,,E24,Pre-Flight,General Purpose,Device:C,Capacitor_SMD:C_0805_2012Metric,https://www.lcsc.com/datasheet/lcsc_datasheet_2304140030_Samsung-Electro-Mechanics-CL21B105KPFNNNE_C107367.pdf,https://www.lcsc.com/product-detail/multilayer-ceramic-capacitors-mlcc-smd-smt_samsung-electro-mechanics-cl21b105kpfnnne_C107367.html,"Capacitor 1uF 10% 10V X7R 0805 Multilayer Ceramic Capacitors (CL Series), Samsung Electro-Mechanics CL21B105KPFNNNE (Pre-Flight, LCSC Extended)",capacitor 1uF 0805 samsung electro-mechanics samsung cl pre-flight general purpose,26170,0.0389
C 1uF 0805 16V X7R 10% Samsung,1uF,C24123,Extended,CL21B105KOFNNNE,Samsung Electro-Mechanics,Samsung CL,0805,10%,,16V,X7R,,,,,E24,Pre-Flight,General Purpose,Device:C,Capacitor_SMD:C_0805_2012Metric,https://www.lcsc.com/datasheet/lcsc_datasheet_2304140030_Samsung-Electro-Mechanics-CL21B105KOFNNNE_C24123.pdf,https://www.lcsc.com/product-detail/multilayer-ceramic-capacitors-mlcc-smd-smt_samsung-electro-mechanics-cl21b105kofnnne_C24123.html,"Capacitor 1uF 10% 16V X7R 0805 Multilayer Ceramic Capacitors (CL Series), Samsung Electro-Mechanics CL21B105KOFNNNE (Pre-Flight, LCSC Extended)",capacitor 1uF 0805 samsung electro-mechanics samsung cl pre-flight general purpose,91734,0.0256
C 1uF 0805 25V X7R 10% Samsung,1uF,C116352,Extended,CL21B105KAFNNNE,Samsung Electro-Mechanics,Samsung CL,0805,10%,,25V,X7R,,,,,E24,Pre-Flight,General Purpose,Device:C,Capacitor_SMD:C_0805_2012Metric,https://www.lcsc.com/datasheet/lcsc_datasheet_1809221114_Samsung-Electro-Mechanics-CL21B105KAFNNNE_C116352.pdf,https://www.lcsc.com/product-detail/multilayer-ceramic-capacitors-mlcc-smd-smt_samsung-electro-mechanics-cl21b105kafnnne_C116352.html,"Capacitor 1uF 10% 25V X7R 0805 Multilayer Ceramic Capacitors (CL Series), Samsung Electro-Mechanics CL21B105KAFNNNE (Pre-Flight, LCSC Extended)",capacitor 1uF 0805 samsung electro-mechanics samsung cl pre-flight general purpose,430147,0.0404
C 1uF 0805 50V X5R 10% Samsung,1uF,C318694,Extended,CL21A105KBCLNNC,Samsung Electro-Mechanics,Samsung CL,0805,10%,,50V,X5R,,,,,E24,Pre-Flight,General Purpose,Device:C,Capacitor_SMD:C_0805_2012Metric,https://www.lcsc.com/datasheet/lcsc_datasheet_2304140030_Samsung-Electro-Mechanics-CL21A105KBCLNNC_C318694.pdf,https://www.lcsc.com/product-detail/multilayer-ceramic-capacitors-mlcc-smd-smt_samsung-electro-mechanics-cl21a105kbclnnc_C318694.html,"Capacitor 1uF 10% 50V X5R 0805 Multilayer Ceramic Capacitors (CL Series), Samsung Electro-Mechanics CL21A105KBCLNNC (Pre-Flight, LCSC Extended)",capacitor 1uF 0805 samsung electro-mechanics samsung cl pre-flight general purpose,38609,0.0597
C 1uF 0805 50V X7R 20% Samsung,1uF,C2798196,Extended,CL21B105MBFNNNE,Samsung Electro-Mechanics,Samsung CL,0805,20%,,50V,X7R,,,,,E24,Pre-Flight,General Purpose,Device:C,Capacitor_SMD:C_0805_2012Metric,https://wmsc.lcsc.com/wmsc/upload/file/pdf/v2/lcsc/2106041634_Samsung-Electro-Mechanics-CL21B105MBFNNNE_C2798196.pdf,https://www.lcsc.com/product-detail/multilayer-ceramic-capacitors-mlcc-smd-smt_samsung-electro-mechanics-cl21b105mbfnnne_C2798196.html,"Capacitor 1uF 20% 50V X7R 0805 Multilayer Ceramic Capacitors (CL Series), Samsung Electro-Mechanics CL21B105MBFNNNE (Pre-Flight, LCSC Extended)",capacitor 1uF 0805 samsung electro-mechanics samsung cl pre-flight general purpose,62223,0.036
C 2.2uF 0805 16V Y5V -20%~+80% Samsung,2.2uF,C87995,Extended,CL21F225ZOFNNNE,Samsung Electro-Mechanics,Samsung CL,0805,-20%~+80%,,16V,Y5V,,,,,E24,Pre-Flight,General Purpose,Device:C,Capacitor_SMD:C_0805_2012Metric,https://www.lcsc.com/datasheet/lcsc_datasheet_1810191217_Samsung-Electro-Mechanics-CL21F225ZOFNNNE_C87995.pdf,https://www.lcsc.com/product-detail/multilayer-ceramic-capacitors-mlcc-smd-smt_samsung-electro-mechanics-cl21f225zofnnne_C87995.html,"Capacitor 2.2uF -20%~+80% 16V Y5V 0805 Multilayer Ceramic Capacitors (CL Series), Samsung Electro-Mechanics CL21F225ZOFNNNE (Pre-Flight, LCSC Extended)",capacitor 2.2uF 0805 samsung electro-mechanics samsung cl pre-flight general purpose,3034,0.0456
C 2.2uF 0805 10V X5R 10% Samsung,2.2uF,C84716,Extended,CL21A225KPFNNNE,Samsung Electro-Mechanics,Samsung CL,0805,10%,,10V,X5R,,,,,E24,Pre-Flight,General Purpose,Device:C,Capacitor_SMD:C_0805_2012Metric,https://www.lcsc.com/datasheet/lcsc_datasheet_2304140030_Samsung-Electro-Mechanics-CL21A225KPFNNNE_C84716.pdf,https://www.lcsc.com/product-detail/multilayer-ceramic-capacitors-mlcc-smd-smt_samsung-electro-mechanics-cl21a225kpfnnne_C84716.html,"Capacitor 2.2uF 10% 10V X5R 0805 Multilayer Ceramic Capacitors (CL Series), Samsung Electro-Mechanics CL21A225KPFNNNE (Pre-Flight, LCSC Extended)",capacitor 2.2uF 0805 samsung electro-mechanics samsung cl pre-flight general purpose,7932,0.0363
C 2.2uF 0805 10V X7R 10% Samsung,2.2uF,C107366,Extended,CL21B225KPFNNNE,Samsung Electro-Mechanics,Samsung CL,0805,10%,,10V,X7R,,,,,E24,Pre-Flight,General Purpose,Device:C,Capacitor_SMD:C_0805_2012Metric,https://www.lcsc.com/datasheet/lcsc_datasheet_2304140030_Samsung-Electro-Mechanics-CL21B225KPFNNNE_C107366.pdf,https://www.lcsc.com/product-detail/multilayer-ceramic-capacitors-mlcc-smd-smt_samsung-electro-mechanics-cl21b225kpfnnne_C107366.html,"Capacitor 2.2uF 10% 10V X7R 0805 Multilayer Ceramic Capacitors (CL Series), Samsung Electro-Mechanics CL21B225KPFNNNE (Pre-Flight, LCSC Extended)",capacitor 2.2uF 0805 samsung electro-mechanics samsung cl pre-flight general purpose,10362,0.0511
C 2.2uF 0805 16V X5R 10% Samsung,2.2uF,C1731,Extended,CL21A225KOFNNNE,Samsung Electro-Mechanics,Samsung CL,0805,10%,,16V,X5R,,,,,E24,Pre-Flight,General Purpose,Device:C,Capacitor_SMD:C_0805_2012Metric,https://www.lcsc.com/datasheet/lcsc_datasheet_2304140030_Samsung-Electro-Mechanics-CL21A225KOFNNNE_C1731.pdf,https://www.lcsc.com/product-detail/multilayer-ceramic-capacitors-mlcc-smd-smt_samsung-electro-mechanics-cl21a225kofnnne_C1731.html,"Capacitor 2.2uF 10% 16V X5R 0805 Multilayer Ceramic Capacitors (CL Series), Samsung Electro-Mechanics CL21A225KOFNNNE (Pre-Flight, LCSC Extended)",capacitor 2.2uF 0805 samsung electro-mechanics samsung cl pre-flight general purpose,8802,0.0349
C 2.2uF 0805 16V X7R 10% Samsung,2.2uF,C28234,Extended,CL21B225KOFNNNE,Samsung Electro-Mechanics,Samsung CL,0805,10%,,16V,X7R,,,,,E24,Pre-Flight,General Purpose,Device:C,Capacitor_SMD:C_0805_2012Metric,https://www.lcsc.com/datasheet/lcsc_datasheet_2304140030_Samsung-Electro-Mechanics-CL21B225KOFNNNE_C28234.pdf,https://www.lcsc.com/product-detail/multilayer-ceramic-capacitors-mlcc-smd-smt_samsung-electro-mechanics-cl21b225kofnnne_C28234.html,"Capacitor 2.2uF 10% 16V X7R 0805 Multilayer Ceramic Capacitors (CL Series), Samsung Electro-Mechanics CL21B225KOFNNNE (Pre-Flight, LCSC Extended)",capacitor 2.2uF 0805 samsung electro-mechanics samsung cl pre-flight general purpose,95890,0.0425
C 2.2uF 0805 25V X5R 10% Samsung,2.2uF,C87994,Extended,CL21A225KAFNNNE,Samsung Electro-Mechanics,Samsung CL,0805,10%,,25V,X5R,,,,,E24,Pre-Flight,General Purpose,Device:C,Capacitor_SMD:C_0805_2012Metric,https://www.lcsc.com/datasheet/lcsc_datasheet_1811151223_Samsung-Electro-Mechanics-CL21A225KAFNNNE_C87994.pdf,https://www.lcsc.com/product-detail/multilayer-ceramic-capacitors-mlcc-smd-smt_samsung-electro-mechanics-cl21a225kafnnne_C87994.html,"Capacitor 2.2uF 10% 25V X5R 0805 Multilayer Ceramic Capacitors (CL Series), Samsung Electro-Mechanics CL21A225KAFNNNE (Pre-Flight, LCSC Extended)",capacitor 2.2uF 0805 samsung electro-mechanics samsung cl pre-flight general purpose,54226,0.0415
C 2.2uF 0805 25V X7R 10% Samsung,2.2uF,C19110,Extended,CL21B225KAFNNNE,Samsung Electro-Mechanics,Samsung CL,0805,10%,,25V,X7R,,,,,E24,Pre-Flight,General Purpose,Device:C,Capacitor_SMD:C_0805_2012Metric,https://www.lcsc.com/datasheet/lcsc_datasheet_2304140030_Samsung-Electro-Mechanics-CL21B225KAFNNNE_C19110.pdf,https://www.lcsc.com/product-detail/multilayer-ceramic-capacitors-mlcc-smd-smt_samsung-electro-mechanics-cl21b225kafnnne_C19110.html,"Capacitor 2.2uF 10% 25V X7R 0805 Multilayer Ceramic Capacitors (CL Series), Samsung Electro-Mechanics CL21B225KAFNNNE (Pre-Flight, LCSC Extended)",capacitor 2.2uF 0805 samsung electro-mechanics samsung cl pre-flight general purpose,89382,0.0375
C 2.2uF 0805 35V X7R 10% Samsung,2.2uF,C16195013,Extended,CL21B225KLYVPNE,Samsung Electro-Mechanics,Samsung CL,0805,10%,,35V,X7R,,,,,E24,Pre-Flight,General Purpose,Device:C,Capacitor_SMD:C_0805_2012Metric,https://wmsc.lcsc.com/wmsc/upload/file/pdf/v2/lcsc/2309051747_Samsung-Electro-Mechanics-CL21B225KLYVPNE_C16195013.pdf,https://www.lcsc.com/product-detail/multilayer-ceramic-capacitors-mlcc-smd-smt_samsung-electro-mechanics-cl21b225klyvpne_C16195013.html,"Capacitor 2.2uF 10% 35V X7R 0805 Multilayer Ceramic Capacitors (CL Series), Samsung Electro-Mechanics CL21B225KLYVPNE (Pre-Flight, LCSC Extended)",capacitor 2.2uF 0805 samsung electro-mechanics samsung cl pre-flight general purpose,1232,0.1733
C 2.2uF 0805 50V X7R 10% Samsung,2.2uF,C2762602,Extended,CL21B225KBYNNNE,Samsung Electro-Mechanics,Samsung CL,0805,10%,,50V,X7R,,,,,E24,Pre-Flight,General Purpose,Device:C,Capacitor_SMD:C_0805_2012Metric,https://wmsc.lcsc.com/wmsc/upload/file/pdf/v2/lcsc/2304140030_Samsung-Electro-Mechanics-CL21B225KBYNNNE_C2762602.pdf,https://www.lcsc.com/product-detail/multilayer-ceramic-capacitors-mlcc-smd-smt_samsung-electro-mechanics-cl21b225kbynnne_C2762602.html,"Capacitor 2.2uF 10% 50V X7R 0805 Multilayer Ceramic Capacitors (CL Series), Samsung Electro-Mechanics CL21B225KBYNNNE (Pre-Flight, LCSC Extended)",capacitor 2.2uF 0805 samsung electro-mechanics samsung cl pre-flight general purpose,29507,0.1167
C 2.2uF 0805 50V X7S 10% Samsung,2.2uF,C6882751,Extended,CL21Y225KBYVPNE,Samsung Electro-Mechanics,Samsung CL,0805,10%,,50V,X7S,,,,,E24,Pre-Flight,General Purpose,Device:C,Capacitor_SMD:C_0805_2012Metric,https://www.lcsc.com/datasheet/C1705.pdf,https://www.lcsc.com/product-detail/multilayer-ceramic-capacitors-mlcc-smd-smt_samsung-electro-mechanics-cl21y225kbyvpne_C6882751.html,"Capacitor 2.2uF 10% 50V X7S 0805 Multilayer Ceramic Capacitors (CL Series), Samsung Electro-Mechanics CL21Y225KBYVPNE (Pre-Flight, LCSC Extended)",capacitor 2.2uF 0805 samsung electro-mechanics samsung cl pre-flight general purpose,2096,0.1238
C 3.3uF 0805 10V X5R 10% Samsung,3.3uF,C159781,Extended,CL21A335KPFNNNE,Samsung Electro-Mechanics,Samsung CL,0805,10%,,10V,X5R,,,,,E24,Pre-Flight,General Purpose,Device:C,Capacitor_SMD:C_0805_2012Metric,https://www.lcsc.com/datasheet/lcsc_datasheet_2304140030_Samsung-Electro-Mechanics-CL21A335KPFNNNE_C159781.pdf,https://www.lcsc.com/product-detail/multilayer-ceramic-capacitors-mlcc-smd-smt_samsung-electro-mechanics-cl21a335kpfnnne_C159781.html,"Capacitor 3.3uF 10% 10V X5R 0805 Multilayer Ceramic Capacitors (CL Series), Samsung Electro-Mechanics CL21A335KPFNNNE (Pre-Flight, LCSC Extended)",capacitor 3.3uF 0805 samsung electro-mechanics samsung cl pre-flight general purpose,11274,0.0892
C 3.3uF 0805 25V X7R 10% Samsung,3.3uF,C16194987,Extended,CL21B335KAFNFNE,Samsung Electro-Mechanics,Samsung CL,0805,10%,,25V,X7R,,,,,E24,Pre-Flight,General Purpose,Device:C,Capacitor_SMD:C_0805_2012Metric,https://wmsc.lcsc.com/wmsc/upload/file/pdf/v2/lcsc/2309051746_Samsung-Electro-Mechanics-CL21B335KAFNFNE_C16194987.pdf,https://www.lcsc.com/product-detail/multilayer-ceramic-capacitors-mlcc-smd-smt_samsung-electro-mechanics-cl21b335kafnfne_C16194987.html,"Capacitor 3.3uF 10% 25V X7R 0805 Multilayer Ceramic Capacitors (CL Series), Samsung Electro-Mechanics CL21B335KAFNFNE (Pre-Flight, LCSC Extended)",capacitor 3.3uF 0805 samsung electro-mechanics samsung cl pre-flight general purpose,20373,0.0724
C 4.7uF 0805 10V X7R 10% Samsung,4.7uF,C87998,Extended,CL21B475KPFNNNE,Samsung Electro-Mechanics,Samsung CL,0805,10%,,10V,X7R,,,,,E24,Pre-Flight,General Purpose,Device:C,Capacitor_SMD:C_0805_2012Metric,https://www.lcsc.com/datasheet/lcsc_datasheet_2304140030_Samsung-Electro-Mechanics-CL21B475KPFNNNE_C87998.pdf,https://www.lcsc.com/product-detail/multilayer-ceramic-capacitors-mlcc-smd-smt_samsung-electro-mechanics-cl21b475kpfnnne_C87998.html,"Capacitor 4.7uF 10% 10V X7R 0805 Multilayer Ceramic Capacitors (CL Series), Samsung Electro-Mechanics CL21B475KPFNNNE (Pre-Flight, LCSC Extended)",capacitor 4.7uF 0805 samsung electro-mechanics samsung cl pre-flight general purpose,42748,0.0461
C 4.7uF 0805 16V X5R 10% Samsung,4.7uF,C1746,Extended,CL21A475KOFNNNE,Samsung Electro-Mechanics,Samsung CL,0805,10%,,16V,X5R,,,,,E24,Pre-Flight,General Purpose,Device:C,Capacitor_SMD:C_0805_2012Metric,https://www.lcsc.com/datasheet/lcsc_datasheet_2304140030_Samsung-Electro-Mechanics-CL21A475KOFNNNE_C1746.pdf,https://www.lcsc.com/product-detail/multilayer-ceramic-capacitors-mlcc-smd-smt_samsung-electro-mechanics-cl21a475kofnnne_C1746.html,"Capacitor 4.7uF 10% 16V X5R 0805 Multilayer Ceramic Capacitors (CL Series), Samsung Electro-Mechanics CL21A475KOFNNNE (Pre-Flight, LCSC Extended)",capacitor 4.7uF 0805 samsung electro-mechanics samsung cl pre-flight general purpose,44260,0.0448
C 4.7uF 0805 16V X7R 10% Samsung,4.7uF,C107365,Extended,CL21B475KOFNNNE,Samsung Electro-Mechanics,Samsung CL,0805,10%,,16V,X7R,,,,,E24,Pre-Flight,General Purpose,Device:C,Capacitor_SMD:C_0805_2012Metric,https://www.lcsc.com/datasheet/lcsc_datasheet_2304140030_Samsung-Electro-Mechanics-CL21B475KOFNNNE_C107365.pdf,https://www.lcsc.com/product-detail/multilayer-ceramic-capacitors-mlcc-smd-smt_samsung-electro-mechanics-cl21b475kofnnne_C107365.html,"Capacitor 4.7uF 10% 16V X7R 0805 Multilayer Ceramic Capacitors (CL Series), Samsung Electro-Mechanics CL21B475KOFNNNE (Pre-Flight, LCSC Extended)",capacitor 4.7uF 0805 samsung electro-mechanics samsung cl pre-flight general purpose,72970,0.0519
C 4.7uF 0805 25V X7R 10% Samsung,4.7uF,C98195,Extended,CL21B475KAFNNNE,Samsung Electro-Mechanics,Samsung CL,0805,10%,,25V,X7R,,,,,E24,Pre-Flight,General Purpose,Device:C,Capacitor_SMD:C_0805_2012Metric,https://www.lcsc.com/datasheet/lcsc_datasheet_2304140030_Samsung-Electro-Mechanics-CL21B475KAFNNNE_C98195.pdf,https://www.lcsc.com/product-detail/multilayer-ceramic-capacitors-mlcc-smd-smt_samsung-electro-mechanics-cl21b475kafnnne_C98195.html,"Capacitor 4.7uF 10% 25V X7R 0805 Multilayer Ceramic Capacitors (CL Series), Samsung Electro-Mechanics CL21B475KAFNNNE (Pre-Flight, LCSC Extended)",capacitor 4.7uF 0805 samsung electro-mechanics samsung cl pre-flight general purpose,165561,0.0536
C 4.7uF 0805 25V X7S 10% Samsung,4.7uF,C3032398,Extended,CL21Y475KABVPNE,Samsung Electro-Mechanics,Samsung CL,0805,10%,,25V,X7S,,,,,E24,Pre-Flight,General Purpose,Device:C,Capacitor_SMD:C_0805_2012Metric,https://wmsc.lcsc.com/wmsc/upload/file/pdf/v2/lcsc/2206061716_Samsung-Electro-Mechanics-CL21Y475KABVPNE_C3032398.pdf,https://www.lcsc.com/product-detail/multilayer-ceramic-capacitors-mlcc-smd-smt_samsung-electro-mechanics-cl21y475kabvpne_C3032398.html,"Capacitor 4.7uF 10% 25V X7S 0805 Multilayer Ceramic Capacitors (CL Series), Samsung Electro-Mechanics CL21Y475KABVPNE (Pre-Flight, LCSC Extended)",capacitor 4.7uF 0805 samsung electro-mechanics samsung cl pre-flight general purpose,1240,0.0871
C 4.7uF 0805 35V X5R 10% Samsung,4.7uF,C3841405,Extended,CL21A475KLCLQNC,Samsung Electro-Mechanics,Samsung CL,0805,10%,,35V,X5R,,,,,E24,Pre-Flight,General Purpose,Device:C,Capacitor_SMD:C_0805_2012Metric,https://wmsc.lcsc.com/wmsc/upload/file/pdf/v2/lcsc/2309061354_Samsung-Electro-Mechanics-CL21A475KLCLQNC_C3841405.pdf,https://www.lcsc.com/product-detail/multilayer-ceramic-capacitors-mlcc-smd-smt_samsung-electro-mechanics-cl21a475klclqnc_C3841405.html,"Capacitor 4.7uF 10% 35V X5R 0805 Multilayer Ceramic Capacitors (CL Series), Samsung Electro-Mechanics CL21A475KLCLQNC (Pre-Flight, LCSC Extended)",capacitor 4.7uF 0805 samsung electro-mechanics samsung cl pre-flight general purpose,8677,0.1033
C 4.7uF 0805 50V X5R 10% Samsung,4.7uF,C98192,Extended,CL21A475KBQNNNE,Samsung Electro-Mechanics,Samsung CL,0805,10%,,50V,X5R,,,,,E24,Pre-Flight,General Purpose,Device:C,Capacitor_SMD:C_0805_2012Metric,https://www.lcsc.com/datasheet/lcsc_datasheet_2304140030_Samsung-Electro-Mechanics-CL21A475KBQNNNE_C98192.pdf,https://www.lcsc.com/product-detail/multilayer-ceramic-capacitors-mlcc-smd-smt_samsung-electro-mechanics-cl21a475kbqnnne_C98192.html,"Capacitor 4.7uF 10% 50V X5R 0805 Multilayer Ceramic Capacitors (CL Series), Samsung Electro-Mechanics CL21A475KBQNNNE (Pre-Flight, LCSC Extended)",capacitor 4.7uF 0805 samsung electro-mechanics samsung cl pre-flight general purpose,487766,0.0954
C 4.7uF 0805 50V X7S 10% Samsung,4.7uF,C3882018,Extended,CL21Y475KBBVPNE,Samsung Electro-Mechanics,Samsung CL,0805,10%,,50V,X7S,,,,,E24,Pre-Flight,General Purpose,Device:C,Capacitor_SMD:C_0805_2012Metric,https://www.lcsc.com/datasheet/C1705.pdf,https://www.lcsc.com/product-detail/multilayer-ceramic-capacitors-mlcc-smd-smt_samsung-electro-mechanics-cl21y475kbbvpne_C3882018.html,"Capacitor 4.7uF 10% 50V X7S 0805 Multilayer Ceramic Capacitors (CL Series), Samsung Electro-Mechanics CL21Y475KBBVPNE (Pre-Flight, LCSC Extended)",capacitor 4.7uF 0805 samsung electro-mechanics samsung cl pre-flight general purpose,8195,0.1821
C 4.7uF 0805 6.3V X7R 10% Samsung,4.7uF,C16194958,Extended,CL21B475KQQVPNE,Samsung Electro-Mechanics,Samsung CL,0805,10%,,6.3V,X7R,,,,,E24,Pre-Flight,General Purpose,Device:C,Capacitor_SMD:C_0805_2012Metric,https://wmsc.lcsc.com/wmsc/upload/file/pdf/v2/lcsc/2309051746_Samsung-Electro-Mechanics-CL21B475KQQVPNE_C16194958.pdf,https://www.lcsc.com/product-detail/multilayer-ceramic-capacitors-mlcc-smd-smt_samsung-electro-mechanics-cl21b475kqqvpne_C16194958.html,"Capacitor 4.7uF 10% 6.3V X7R 0805 Multilayer Ceramic Capacitors (CL Series), Samsung Electro-Mechanics CL21B475KQQVPNE (Pre-Flight, LCSC Extended)",capacitor 4.7uF 0805 samsung electro-mechanics samsung cl pre-flight general purpose,1746,0.0397
C 10uF 0805 10V X5R 10% Samsung,10uF,C17024,Extended,CL21A106KPFNNNE,Samsung Electro-Mechanics,Samsung CL,0805,10%,,10V,X5R,,,,,E24,Pre-Flight,General Purpose,Device:C,Capacitor_SMD:C_0805_2012Metric,https://www.lcsc.com/datasheet/lcsc_datasheet_2304140030_Samsung-Electro-Mechanics-CL21A106KPFNNNE_C17024.pdf,https://www.lcsc.com/product-detail/multilayer-ceramic-capacitors-mlcc-smd-smt_samsung-electro-mechanics-cl21a106kpfnnne_C17024.html,"Capacitor 10uF 10% 10V X5R 0805 Multilayer Ceramic Capacitors (CL Series), Samsung Electro-Mechanics CL21A106KPFNNNE (Pre-Flight, LCSC Extended)",capacitor 10uF 0805 samsung electro-mechanics samsung cl pre-flight general purpose,318634,0.0658
C 10uF 0805 10V X7R 10% Samsung,10uF,C32635,Extended,CL21B106KPQNNNE,Samsung Electro-Mechanics,Samsung CL,0805,10%,,10V,X7R,,,,,E24,Pre-Flight,General Purpose,Device:C,Capacitor_SMD:C_0805_2012Metric,https://www.lcsc.com/datasheet/lcsc_datasheet_2304140030_Samsung-Electro-Mechanics-CL21B106KPQNNNE_C32635.pdf,https://www.lcsc.com/product-detail/multilayer-ceramic-capacitors-mlcc-smd-smt_samsung-electro-mechanics-cl21b106kpqnnne_C32635.html,"Capacitor 10uF 10% 10V X7R 0805 Multilayer Ceramic Capacitors (CL Series), Samsung Electro-Mechanics CL21B106KPQNNNE (Pre-Flight, LCSC Extended)",capacitor 10uF 0805 samsung electro-mechanics samsung cl pre-flight general purpose,355680,0.0996
C 10uF 0805 10V X7S 10% Samsung,10uF,C346229,Extended,CL21Y106KPQVPNE,Samsung Electro-Mechanics,Samsung CL,0805,10%,,10V,X7S,,,,,E24,Pre-Flight,General Purpose,Device:C,Capacitor_SMD:C_0805_2012Metric,https://wmsc.lcsc.com/wmsc/upload/file/pdf/v2/lcsc/2304140030_Samsung-Electro-Mechanics-CL21Y106KPQVPNE_C346229.pdf,https://www.lcsc.com/product-detail/multilayer-ceramic-capacitors-mlcc-smd-smt_samsung-electro-mechanics-cl21y106kpqvpne_C346229.html,"Capacitor 10uF 10% 10V X7S 0805 Multilayer Ceramic Capacitors (CL Series), Samsung Electro-Mechanics CL21Y106KPQVPNE (Pre-Flight, LCSC Extended)",capacitor 10uF 0805 samsung electro-mechanics samsung cl pre-flight general purpose,9037,0.1193
C 10uF 0805 16V X5R 10% Samsung,10uF,C1713,Extended,CL21A106KOQNNNE,Samsung Electro-Mechanics,Samsung CL,0805,10%,,16V,X5R,,,,,E24,Pre-Flight,General Purpose,Device:C,Capacitor_SMD:C_0805_2012Metric,https://www.lcsc.com/datasheet/lcsc_datasheet_2304140030_Samsung-Electro-Mechanics-CL21A106KOQNNNE_C1713.pdf,https://www.lcsc.com/product-detail/multilayer-ceramic-capacitors-mlcc-smd-smt_samsung-electro-mechanics-cl21a106koqnnne_C1713.html,"Capacitor 10uF 10% 16V X5R 0805 Multilayer Ceramic Capacitors (CL Series), Samsung Electro-Mechanics CL21A106KOQNNNE (Pre-Flight, LCSC Extended)",capacitor 10uF 0805 samsung electro-mechanics samsung cl pre-flight general purpose,793774,0.063
C 10uF 0805 16V X7R 10% Samsung,10uF,C95841,Extended,CL21B106KOQNNNE,Samsung Electro-Mechanics,Samsung CL,0805,10%,,16V,X7R,,,,,E24,Pre-Flight,General Purpose,Device:C,Capacitor_SMD:C_0805_2012Metric,https://www.lcsc.com/datasheet/lcsc_datasheet_2304140030_Samsung-Electro-Mechanics-CL21B106KOQNNNE_C95841.pdf,https://www.lcsc.com/product-detail/multilayer-ceramic-capacitors-mlcc-smd-smt_samsung-electro-mechanics-cl21b106koqnnne_C95841.html,"Capacitor 10uF 10% 16V X7R 0805 Multilayer Ceramic Capacitors (CL Series), Samsung Electro-Mechanics CL21B106KOQNNNE (Pre-Flight, LCSC Extended)",capacitor 10uF 0805 samsung electro-mechanics samsung cl pre-flight general purpose,575810,0.1048
C 10uF 0805 16V X6S 10% Samsung,10uF,C307561,Extended,CL21X106KOQNNNE,Samsung Electro-Mechanics,Samsung CL,0805,10%,,16V,X6S,,,,,E24,Pre-Flight,General Purpose,Device:C,Capacitor_SMD:C_0805_2012Metric,https://www.lcsc.com/datasheet/lcsc_datasheet_2304140030_Samsung-Electro-Mechanics-CL21X106KOQNNNE_C307561.pdf,https://www.lcsc.com/product-detail/multilayer-ceramic-capacitors-mlcc-smd-smt_samsung-electro-mechanics-cl21x106koqnnne_C307561.html,"Capacitor 10uF 10% 16V X6S 0805 Multilayer Ceramic Capacitors (CL Series), Samsung Electro-Mechanics CL21X106KOQNNNE (Pre-Flight, LCSC Extended)",capacitor 10uF 0805 samsung electro-mechanics samsung cl pre-flight general purpose,1645,0.1149
C 10uF 0805 16V X7S 10% Samsung,10uF,C472845,Extended,CL21Y106KOQ4PNE,Samsung Electro-Mechanics,Samsung CL,0805,10%,,16V,X7S,,,,,E24,Pre-Flight,General Purpose,Device:C,Capacitor_SMD:C_0805_2012Metric,https://wmsc.lcsc.com/wmsc/upload/file/pdf/v2/lcsc/2304140030_Samsung-Electro-Mechanics-CL21Y106KOQ4PNE_C472845.pdf,https://www.lcsc.com/product-detail/multilayer-ceramic-capacitors-mlcc-smd-smt_samsung-electro-mechanics-cl21y106koq4pne_C472845.html,"Capacitor 10uF 10% 16V X7S 0805 Multilayer Ceramic Capacitors (CL Series), Samsung Electro-Mechanics CL21Y106KOQ4PNE (Pre-Flight, LCSC Extended)",capacitor 10uF 0805 samsung electro-mechanics samsung cl pre-flight general purpose,11157,0.2164
C 10uF 0805 25V X7R 10% Samsung,10uF,C3039694,Extended,CL21B106KAYQNNE,Samsung Electro-Mechanics,Samsung CL,0805,10%,,25V,X7R,,,,,E24,Pre-Flight,General Purpose,Device:C,Capacitor_SMD:C_0805_2012Metric,https://wmsc.lcsc.com/wmsc/upload/file/pdf/v2/lcsc/2206222030_Samsung-Electro-Mechanics-CL21B106KAYQNNE_C3039694.pdf,https://www.lcsc.com/product-detail/multilayer-ceramic-capacitors-mlcc-smd-smt_samsung-electro-mechanics-cl21b106kayqnne_C3039694.html,"Capacitor 10uF 10% 25V X7R 0805 Multilayer Ceramic Capacitors (CL Series), Samsung Electro-Mechanics CL21B106KAYQNNE (Pre-Flight, LCSC Extended)",capacitor 10uF 0805 samsung electro-mechanics samsung cl pre-flight general purpose,130934,0.1212
C 10uF 0805 25V X6S 10% Samsung,10uF,C307560,Extended,CL21X106KAYNNNE,Samsung Electro-Mechanics,Samsung CL,0805,10%,,25V,X6S,,,,,E24,Pre-Flight,General Purpose,Device:C,Capacitor_SMD:C_0805_2012Metric,https://wmsc.lcsc.com/wmsc/upload/file/pdf/v2/lcsc/2304140030_Samsung-Electro-Mechanics-CL21X106KAYNNNE_C307560.pdf,https://www.lcsc.com/product-detail/multilayer-ceramic-capacitors-mlcc-smd-smt_samsung-electro-mechanics-cl21x106kaynnne_C307560.html,"Capacitor 10uF 10% 25V X6S 0805 Multilayer Ceramic Capacitors (CL Series), Samsung Electro-Mechanics CL21X106KAYNNNE (Pre-Flight, LCSC Extended)",capacitor 10uF 0805 samsung electro-mechanics samsung cl pre-flight general purpose,28647,0.1269
C 10uF 0805 25V X7S 10% Samsung,10uF,C16194907,Extended,CL21Y106KABVPNE,Samsung Electro-Mechanics,Samsung CL,0805,10%,,25V,X7S,,,,,E24,Pre-Flight,General Purpose,Device:C,Capacitor_SMD:C_0805_2012Metric,https://wmsc.lcsc.com/wmsc/upload/file/pdf/v2/lcsc/2309051745_Samsung-Electro-Mechanics-CL21Y106KABVPNE_C16194907.pdf,https://www.lcsc.com/product-detail/multilayer-ceramic-capacitors-mlcc-smd-smt_samsung-electro-mechanics-cl21y106kabvpne_C16194907.html,"Capacitor 10uF 10% 25V X7S 0805 Multilayer Ceramic Capacitors (CL Series), Samsung Electro-Mechanics CL21Y106KABVPNE (Pre-Flight, LCSC Extended)",capacitor 10uF 0805 samsung electro-mechanics samsung cl pre-flight general purpose,2400,0.1486
C 10uF 0805 50V X5R 10% Samsung,10uF,C2932476,Extended,CL21A106KBYQNNE,Samsung Electro-Mechanics,Samsung CL,0805,10%,,50V,X5R,,,,,E24,Pre-Flight,General Purpose,Device:C,Capacitor_SMD:C_0805_2012Metric,https://wmsc.lcsc.com/wmsc/upload/file/pdf/v2/lcsc/2201121530_Samsung-Electro-Mechanics-CL21A106KBYQNNE_C2932476.pdf,https://www.lcsc.com/product-detail/multilayer-ceramic-capacitors-mlcc-smd-smt_samsung-electro-mechanics-cl21a106kbyqnne_C2932476.html,"Capacitor 10uF 10% 50V X5R 0805 Multilayer Ceramic Capacitors (CL Series), Samsung Electro-Mechanics CL21A106KBYQNNE (Pre-Flight, LCSC Extended)",capacitor 10uF 0805 samsung electro-mechanics samsung cl pre-flight general purpose,478275,0.1832
C 10uF 0805 6.3V X5R 10% Samsung,10uF,C307525,Extended,CL21A106KQFNNNE,Samsung Electro-Mechanics,Samsung CL,0805,10%,,6.3V,X5R,,,,,E24,Pre-Flight,General Purpose,Device:C,Capacitor_SMD:C_0805_2012Metric,https://wmsc.lcsc.com/wmsc/upload/file/pdf/v2/lcsc/2304140030_Samsung-Electro-Mechanics-CL21A106KQFNNNE_C307525.pdf,https://www.lcsc.com/product-detail/multilayer-ceramic-capacitors-mlcc-smd-smt_samsung-electro-mechanics-cl21a106kqfnnne_C307525.html,"Capacitor 10uF 10% 6.3V X5R 0805 Multilayer Ceramic Capacitors (CL Series), Samsung Electro-Mechanics CL21A106KQFNNNE (Pre-Flight, LCSC Extended)",capacitor 10uF 0805 samsung electro-mechanics samsung cl pre-flight general purpose,221215,0.0544
C 10uF 0805 6.3V X7R 10% Samsung,10uF,C100083,Extended,CL21B106KQQNNNE,Samsung Electro-Mechanics,Samsung CL,0805,10%,,6.3V,X7R,,,,,E24,Pre-Flight,General Purpose,Device:C,Capacitor_SMD:C_0805_2012Metric,https://www.lcsc.com/datasheet/lcsc_datasheet_2304140030_Samsung-Electro-Mechanics-CL21B106KQQNNNE_C100083.pdf,https://www.lcsc.com/product-detail/multilayer-ceramic-capacitors-mlcc-smd-smt_samsung-electro-mechanics-cl21b106kqqnnne_C100083.html,"Capacitor 10uF 10% 6.3V X7R 0805 Multilayer Ceramic Capacitors (CL Series), Samsung Electro-Mechanics CL21B106KQQNNNE (Pre-Flight, LCSC Extended)",capacitor 10uF 0805 samsung electro-mechanics samsung cl pre-flight general purpose,132214,0.064
C 10uF 0805 10V X5R 20% Samsung,10uF,C91245,Extended,CL21A106MPFNNNE,Samsung Electro-Mechanics,Samsung CL,0805,20%,,10V,X5R,,,,,E24,Pre-Flight,General Purpose,Device:C,Capacitor_SMD:C_0805_2012Metric,https://www.lcsc.com/datasheet/lcsc_datasheet_1811021410_Samsung-Electro-Mechanics-CL21A106MPFNNNE_C91245.pdf,https://www.lcsc.com/product-detail/multilayer-ceramic-capacitors-mlcc-smd-smt_samsung-electro-mechanics-cl21a106mpfnnne_C91245.html,"Capacitor 10uF 20% 10V X5R 0805 Multilayer Ceramic Capacitors (CL Series), Samsung Electro-Mechanics CL21A106MPFNNNE (Pre-Flight, LCSC Extended)",capacitor 10uF 0805 samsung electro-mechanics samsung cl pre-flight general purpose,1486,0.1079
C 10uF 0805 6.3V X5R 20% Samsung,10uF,C41893,Extended,CL21A106MQFNNNE,Samsung Electro-Mechanics,Samsung CL,0805,20%,,6.3V,X5R,,,,,E24,Pre-Flight,General Purpose,Device:C,Capacitor_SMD:C_0805_2012Metric,https://www.lcsc.com/datasheet/lcsc_datasheet_2304140030_Samsung-Electro-Mechanics-CL21A106MQFNNNE_C41893.pdf,https://www.lcsc.com/product-detail/multilayer-ceramic-capacitors-mlcc-smd-smt_samsung-electro-mechanics-cl21a106mqfnnne_C41893.html,"Capacitor 10uF 20% 6.3V X5R 0805 Multilayer Ceramic Capacitors (CL Series), Samsung Electro-Mechanics CL21A106MQFNNNE (Pre-Flight, LCSC Extended)",capacitor 10uF 0805 samsung electro-mechanics samsung cl pre-flight general purpose,1138,0.0676
C 22uF 0805 10V X5R 10% Samsung,22uF,C318688,Extended,CL21A226KPCLRNC,Samsung Electro-Mechanics,Samsung CL,0805,10%,,10V,X5R,,,,,E24,Pre-Flight,General Purpose,Device:C,Capacitor_SMD:C_0805_2012Metric,https://wmsc.lcsc.com/wmsc/upload/file/pdf/v2/lcsc/2304140030_Samsung-Electro-Mechanics-CL21A226KPCLRNC_C318688.pdf,https://www.lcsc.com/product-detail/multilayer-ceramic-capacitors-mlcc-smd-smt_samsung-electro-mechanics-cl21a226kpclrnc_C318688.html,"Capacitor 22uF 10% 10V X5R 0805 Multilayer Ceramic Capacitors (CL Series), Samsung Electro-Mechanics CL21A226KPCLRNC (Pre-Flight, LCSC Extended)",capacitor 22uF 0805 samsung electro-mechanics samsung cl pre-flight general purpose,184161,0.1058
C 22uF 0805 16V X5R 10% Samsung,22uF,C296720,Extended,CL21A226KOQNNNE,Samsung Electro-Mechanics,Samsung CL,0805,10%,,16V,X5R,,,,,E24,Pre-Flight,General Purpose,Device:C,Capacitor_SMD:C_0805_2012Metric,https://wmsc.lcsc.com/wmsc/upload/file/pdf/v2/lcsc/2304140030_Samsung-Electro-Mechanics-CL21A226KOQNNNE_C296720.pdf,https://www.lcsc.com/product-detail/multilayer-ceramic-capacitors-mlcc-smd-smt_samsung-electro-mechanics-cl21a226koqnnne_C296720.html,"Capacitor 22uF 10% 16V X5R 0805 Multilayer Ceramic Capacitors (CL Series), Samsung Electro-Mechanics CL21A226KOQNNNE (Pre-Flight, LCSC Extended)",capacitor 22uF 0805 samsung electro-mechanics samsung cl pre-flight general purpose,371372,0.1659
C 22uF 0805 6.3V X5R 10% Samsung,22uF,C3909963,Extended,CL21A226KQCLRNC,Samsung Electro-Mechanics,Samsung CL,0805,10%,,6.3V,X5R,,,,,E24,Pre-Flight,General Purpose,Device:C,Capacitor_SMD:C_0805_2012Metric,https://www.lcsc.com/datasheet/C1705.pdf,https://www.lcsc.com/product-detail/multilayer-ceramic-capacitors-mlcc-smd-smt_samsung-electro-mechanics-cl21a226kqclrnc_C3909963.html,"Capacitor 22uF 10% 6.3V X5R 0805 Multilayer Ceramic Capacitors (CL Series), Samsung Electro-Mechanics CL21A226KQCLRNC (Pre-Flight, LCSC Extended)",capacitor 22uF 0805 samsung electro-mechanics samsung cl pre-flight general purpose,3957,0.0786
C 22uF 0805 10V X5R 20% Samsung,22uF,C29277,Extended,CL21A226MPQNNNE,Samsung Electro-Mechanics,Samsung CL,0805,20%,,10V,X5R,,,,,E24,Pre-Flight,General Purpose,Device:C,Capacitor_SMD:C_0805_2012Metric,https://www.lcsc.com/datasheet/lcsc_datasheet_2304140030_Samsung-Electro-Mechanics-CL21A226MPQNNNE_C29277.pdf,https://www.lcsc.com/product-detail/multilayer-ceramic-capacitors-mlcc-smd-smt_samsung-electro-mechanics-cl21a226mpqnnne_C29277.html,"Capacitor 22uF 20% 10V X5R 0805 Multilayer Ceramic Capacitors (CL Series), Samsung Electro-Mechanics CL21A226MPQNNNE (Pre-Flight, LCSC Extended)",capacitor 22uF 0805 samsung electro-mechanics samsung cl pre-flight general purpose,862256,0.1032
C 22uF 0805 16V X5R 20% Samsung,22uF,C98190,Extended,CL21A226MOQNNNE,Samsung Electro-Mechanics,Samsung CL,0805,20%,,16V,X5R,,,,,E24,Pre-Flight,General Purpose,Device:C,Capacitor_SMD:C_0805_2012Metric,https://www.lcsc.com/datasheet/lcsc_datasheet_2304140030_Samsung-Electro-Mechanics-CL21A226MOQNNNE_C98190.pdf,https://www.lcsc.com/product-detail/multilayer-ceramic-capacitors-mlcc-smd-smt_samsung-electro-mechanics-cl21a226moqnnne_C98190.html,"Capacitor 22uF 20% 16V X5R 0805 Multilayer Ceramic Capacitors (CL Series), Samsung Electro-Mechanics CL21A226MOQNNNE (Pre-Flight, LCSC Extended)",capacitor 22uF 0805 samsung electro-mechanics samsung cl pre-flight general purpose,1317347,0.1048
C 22uF 0805 16V X6S 20% Samsung,22uF,C3039691,Extended,CL21X226MOYNNWE,Samsung Electro-Mechanics,Samsung CL,0805,20%,,16V,X6S,,,,,E24,Pre-Flight,General Purpose,Device:C,Capacitor_SMD:C_0805_2012Metric,https://wmsc.lcsc.com/wmsc/upload/file/pdf/v2/lcsc/2206222045_Samsung-Electro-Mechanics-CL21X226MOYNNWE_C3039691.pdf,https://www.lcsc.com/product-detail/multilayer-ceramic-capacitors-mlcc-smd-smt_samsung-electro-mechanics-cl21x226moynnwe_C3039691.html,"Capacitor 22uF 20% 16V X6S 0805 Multilayer Ceramic Capacitors (CL Series), Samsung Electro-Mechanics CL21X226MOYNNWE (Pre-Flight, LCSC Extended)",capacitor 22uF 0805 samsung electro-mechanics samsung cl pre-flight general purpose,5204,0.2732
C 22uF 0805 6.3V X5R 20% Samsung,22uF,C5674,Extended,CL21A226MQQNNNE,Samsung Electro-Mechanics,Samsung CL,0805,20%,,6.3V,X5R,,,,,E24,Pre-Flight,General Purpose,Device:C,Capacitor_SMD:C_0805_2012Metric,https://www.lcsc.com/datasheet/lcsc_datasheet_2304140030_Samsung-Electro-Mechanics-CL21A226MQQNNNE_C5674.pdf,https://www.lcsc.com/product-detail/multilayer-ceramic-capacitors-mlcc-smd-smt_samsung-electro-mechanics-cl21a226mqqnnne_C5674.html,"Capacitor 22uF 20% 6.3V X5R 0805 Multilayer Ceramic Capacitors (CL Series), Samsung Electro-Mechanics CL21A226MQQNNNE (Pre-Flight, LCSC Extended)",capacitor 22uF 0805 samsung electro-mechanics samsung cl pre-flight general purpose,4475528,0.0487
C 22uF 0805 6.3V X6S 20% Samsung,22uF,C307562,Extended,CL21X226MQQNNNE,Samsung Electro-Mechanics,Samsung CL,0805,20%,,6.3V,X6S,,,,,E24,Pre-Flight,General Purpose,Device:C,Capacitor_SMD:C_0805_2012Metric,https://wmsc.lcsc.com/wmsc/upload/file/pdf/v2/lcsc/2304140030_Samsung-Electro-Mechanics-CL21X226MQQNNNE_C307562.pdf,https://www.lcsc.com/product-detail/multilayer-ceramic-capacitors-mlcc-smd-smt_samsung-electro-mechanics-cl21x226mqqnnne_C307562.html,"Capacitor 22uF 20% 6.3V X6S 0805 Multilayer Ceramic Capacitors (CL Series), Samsung Electro-Mechanics CL21X226MQQNNNE (Pre-Flight, LCSC Extended)",capacitor 22uF 0805 samsung electro-mechanics samsung cl pre-flight general purpose,44700,0.0793
C 22uF 0805 6.3V X7T 20% Samsung,22uF,C6150103,Extended,CL21Z226MQYVPNE,Samsung Electro-Mechanics,Samsung CL,0805,20%,,6.3V,X7T,,,,,E24,Pre-Flight,General Purpose,Device:C,Capacitor_SMD:C_0805_2012Metric,https://www.lcsc.com/datasheet/C1705.pdf,https://www.lcsc.com/product-detail/multilayer-ceramic-capacitors-mlcc-smd-smt_samsung-electro-mechanics-cl21z226mqyvpne_C6150103.html,"Capacitor 22uF 20% 6.3V X7T 0805 Multilayer Ceramic Capacitors (CL Series), Samsung Electro-Mechanics CL21Z226MQYVPNE (Pre-Flight, LCSC Extended)",capacitor 22uF 0805 samsung electro-mechanics samsung cl pre-flight general purpose,2121,0.3506
C 47uF 0805 10V X5R 20% Samsung,47uF,C5596752,Extended,CL21A476MPYNNWE,Samsung Electro-Mechanics,Samsung CL,0805,20%,,10V,X5R,,,,,E24,Pre-Flight,General Purpose,Device:C,Capacitor_SMD:C_0805_2012Metric,https://www.lcsc.com/datasheet/C1705.pdf,https://www.lcsc.com/product-detail/multilayer-ceramic-capacitors-mlcc-smd-smt_samsung-electro-mechanics-cl21a476mpynnwe_C5596752.html,"Capacitor 47uF 20% 10V X5R 0805 Multilayer Ceramic Capacitors (CL Series), Samsung Electro-Mechanics CL21A476MPYNNWE (Pre-Flight, LCSC Extended)",capacitor 47uF 0805 samsung electro-mechanics samsung cl pre-flight general purpose,1954,0.1946
C 47uF 0805 4V X5R 20% Samsung,47uF,C377776,Extended,CL21A476MRYNNNE,Samsung Electro-Mechanics,Samsung CL,0805,20%,,4V,X5R,,,,,E24,Pre-Flight,General Purpose,Device:C,Capacitor_SMD:C_0805_2012Metric,https://wmsc.lcsc.com/wmsc/upload/file/pdf/v2/lcsc/2304140030_Samsung-Electro-Mechanics-CL21A476MRYNNNE_C377776.pdf,https://www.lcsc.com/product-detail/multilayer-ceramic-capacitors-mlcc-smd-smt_samsung-electro-mechanics-cl21a476mrynnne_C377776.html,"Capacitor 47uF 20% 4V X5R 0805 Multilayer Ceramic Capacitors (CL Series), Samsung Electro-Mechanics CL21A476MRYNNNE (Pre-Flight, LCSC Extended)",capacitor 47uF 0805 samsung electro-mechanics samsung cl pre-flight general purpose,2015,0.281
C 100uF 0805 6.3V X5R 20% Samsung,100uF,C6882730,Extended,CL21A107MQYNNWE,Samsung Electro-Mechanics,Samsung CL,0805,20%,,6.3V,X5R,,,,,E24,Pre-Flight,General Purpose,Device:C,Capacitor_SMD:C_0805_2012Metric,https://www.lcsc.com/datasheet/lcsc_datasheet_2309061404_Samsung-Electro-Mechanics-CL21A107MQYNNWE_C6882730.pdf,https://www.lcsc.com/product-detail/multilayer-ceramic-capacitors-mlcc-smd-smt_samsung-electro-mechanics-cl21a107mqynnwe_C6882730.html,"Capacitor 100uF 20% 6.3V X5R 0805 Multilayer Ceramic Capacitors (CL Series), Samsung Electro-Mechanics CL21A107MQYNNWE (Pre-Flight, LCSC Extended)",capacitor 100uF 0805 samsung electro-mechanics samsung cl pre-flight general purpose,4216,0.7402
C 1nF 1206 2000V X7R 10% Samsung,1nF,C16196254,Extended,CL31B102KJHNNNE,Samsung Electro-Mechanics,Samsung CL,1206,10%,,2000V,X7R,,,,,E24,Pre-Flight,General Purpose,Device:C,Capacitor_SMD:C_1206_3216Metric,https://www.lcsc.com/datasheet/C1705.pdf,https://www.lcsc.com/product-detail/C16196254.html,"Capacitor 1nF 10% 2000V X7R 1206 Multilayer Ceramic Capacitors (CL Series), Samsung Electro-Mechanics CL31B102KJHNNNE (Pre-Flight, LCSC Extended)",capacitor 1nF 1206 samsung electro-mechanics samsung cl pre-flight general purpose,1434,0.197
C 1nF 1206 200V X7R 10% Samsung,1nF,C515163,Extended,CL31B102KDCNNNC,Samsung Electro-Mechanics,Samsung CL,1206,10%,,200V,X7R,,,,,E24,Pre-Flight,General Purpose,Device:C,Capacitor_SMD:C_1206_3216Metric,https://wmsc.lcsc.com/wmsc/upload/file/pdf/v2/lcsc/2304140030_Samsung-Electro-Mechanics-CL31B102KDCNNNC_C515163.pdf,https://www.lcsc.com/product-detail/multilayer-ceramic-capacitors-mlcc-smd-smt_samsung-electro-mechanics-cl31b102kdcnnnc_C515163.html,"Capacitor 1nF 10% 200V X7R 1206 Multilayer Ceramic Capacitors (CL Series), Samsung Electro-Mechanics CL31B102KDCNNNC (Pre-Flight, LCSC Extended)",capacitor 1nF 1206 samsung electro-mechanics samsung cl pre-flight general purpose,1363,0.0223
C 1nF 1206 50V X7R 10% Samsung,1nF,C153290,Extended,CL31B102KBCNNNC,Samsung Electro-Mechanics,Samsung CL,1206,10%,,50V,X7R,,,,,E24,Pre-Flight,General Purpose,Device:C,Capacitor_SMD:C_1206_3216Metric,https://www.lcsc.com/datasheet/lcsc_datasheet_2304140030_Samsung-Electro-Mechanics-CL31B102KBCNNNC_C153290.pdf,https://www.lcsc.com/product-detail/multilayer-ceramic-capacitors-mlcc-smd-smt_samsung-electro-mechanics-cl31b102kbcnnnc_C153290.html,"Capacitor 1nF 10% 50V X7R 1206 Multilayer Ceramic Capacitors (CL Series), Samsung Electro-Mechanics CL31B102KBCNNNC (Pre-Flight, LCSC Extended)",capacitor 1nF 1206 samsung electro-mechanics samsung cl pre-flight general purpose,11452,0.0646
C 2.2nF 1206 100V X7R 10% Samsung,2.2nF,C307570,Extended,CL31B222KCCNNNC,Samsung Electro-Mechanics,Samsung CL,1206,10%,,100V,X7R,,,,,E24,Pre-Flight,General Purpose,Device:C,Capacitor_SMD:C_1206_3216Metric,https://www.lcsc.com/datasheet/lcsc_datasheet_2304140030_Samsung-Electro-Mechanics-CL31B222KCCNNNC_C307570.pdf,https://www.lcsc.com/product-detail/multilayer-ceramic-capacitors-mlcc-smd-smt_samsung-electro-mechanics-cl31b222kccnnnc_C307570.html,"Capacitor 2.2nF 10% 100V X7R 1206 Multilayer Ceramic Capacitors (CL Series), Samsung Electro-Mechanics CL31B222KCCNNNC (Pre-Flight, LCSC Extended)",capacitor 2.2nF 1206 samsung electro-mechanics samsung cl pre-flight general purpose,3889,0.1042
C 4.7nF 1206 630V X7R 10% Samsung,4.7nF,C730482,Extended,CL31B472KHFSFNE,Samsung Electro-Mechanics,Samsung CL,1206,10%,,630V,X7R,,,,,E24,Pre-Flight,General Purpose,Device:C,Capacitor_SMD:C_1206_3216Metric,https://wmsc.lcsc.com/wmsc/upload/file/pdf/v2/lcsc/2008252037_Samsung-Electro-Mechanics-CL31B472KHFSFNE_C730482.pdf,https://www.lcsc.com/product-detail/multilayer-ceramic-capacitors-mlcc-smd-smt_samsung-electro-mechanics-cl31b472khfsfne_C730482.html,"Capacitor 4.7nF 10% 630V X7R 1206 Multilayer Ceramic Capacitors (CL Series), Samsung Electro-Mechanics CL31B472KHFSFNE (Pre-Flight, LCSC Extended)",capacitor 4.7nF 1206 samsung electro-mechanics samsung cl pre-flight general purpose,1219,0.0266
C 47nF 1206 50V X7R 10% Samsung,47nF,C307574,Extended,CL31B473KBCNNNC,Samsung Electro-Mechanics,Samsung CL,1206,10%,,50V,X7R,,,,,E24,Pre-Flight,General Purpose,Device:C,Capacitor_SMD:C_1206_3216Metric,https://www.lcsc.com/datasheet/lcsc_datasheet_2304140030_Samsung-Electro-Mechanics-CL31B473KBCNNNC_C307574.pdf,https://www.lcsc.com/product-detail/multilayer-ceramic-capacitors-mlcc-smd-smt_samsung-electro-mechanics-cl31b473kbcnnnc_C307574.html,"Capacitor 47nF 10% 50V X7R 1206 Multilayer Ceramic Capacitors (CL Series), Samsung Electro-Mechanics CL31B473KBCNNNC (Pre-Flight, LCSC Extended)",capacitor 47nF 1206 samsung electro-mechanics samsung cl pre-flight general purpose,8430,0.0376
C 100nF 1206 100V X7R 10% Samsung,100nF,C1945,Extended,CL31B104KCFNNNE,Samsung Electro-Mechanics,Samsung CL,1206,10%,,100V,X7R,,,,,E24,Pre-Flight,General Purpose,Device:C,Capacitor_SMD:C_1206_3216Metric,https://www.lcsc.com/datasheet/lcsc_datasheet_2304140030_Samsung-Electro-Mechanics-CL31B104KCFNNNE_C1945.pdf,https://www.lcsc.com/product-detail/multilayer-ceramic-capacitors-mlcc-smd-smt_samsung-electro-mechanics-cl31b104kcfnnne_C1945.html,"Capacitor 100nF 10% 100V X7R 1206 Multilayer Ceramic Capacitors (CL Series), Samsung Electro-Mechanics CL31B104KCFNNNE (Pre-Flight, LCSC Extended)",capacitor 100nF 1206 samsung electro-mechanics samsung cl pre-flight general purpose,502539,0.0256
C 100nF 1206 250V X7R 10% Samsung,100nF,C346235,Extended,CL31B104KEHNNNE,Samsung Electro-Mechanics,Samsung CL,1206,10%,,250V,X7R,,,,,E24,Pre-Flight,General Purpose,Device:C,Capacitor_SMD:C_1206_3216Metric,https://wmsc.lcsc.com/wmsc/upload/file/pdf/v2/lcsc/2304140030_Samsung-Electro-Mechanics-CL31B104KEHNNNE_C346235.pdf,https://www.lcsc.com/product-detail/multilayer-ceramic-capacitors-mlcc-smd-smt_samsung-electro-mechanics-cl31b104kehnnne_C346235.html,"Capacitor 100nF 10% 250V X7R 1206 Multilayer Ceramic Capacitors (CL Series), Samsung Electro-Mechanics CL31B104KEHNNNE (Pre-Flight, LCSC Extended)",capacitor 100nF 1206 samsung electro-mechanics samsung cl pre-flight general purpose,1107,0.1194
C 220nF 1206 50V X7R 10% Samsung,220nF,C318764,Extended,CL31B224KBFNNNE,Samsung Electro-Mechanics,Samsung CL,1206,10%,,50V,X7R,,,,,E24,Pre-Flight,General Purpose,Device:C,Capacitor_SMD:C_1206_3216Metric,https://wmsc.lcsc.com/wmsc/upload/file/pdf/v2/lcsc/2304140030_Samsung-Electro-Mechanics-CL31B224KBFNNNE_C318764.pdf,https://www.lcsc.com/product-detail/multilayer-ceramic-capacitors-mlcc-smd-smt_samsung-electro-mechanics-cl31b224kbfnnne_C318764.html,"Capacitor 220nF 10% 50V X7R 1206 Multilayer Ceramic Capacitors (CL Series), Samsung Electro-Mechanics CL31B224KBFNNNE (Pre-Flight, LCSC Extended)",capacitor 220nF 1206 samsung electro-mechanics samsung cl pre-flight general purpose,2714,0.0381
C 330nF 1206 50V X7R 10% Samsung,330nF,C307572,Extended,CL31B334KBFNNNE,Samsung Electro-Mechanics,Samsung CL,1206,10%,,50V,X7R,,,,,E24,Pre-Flight,General Purpose,Device:C,Capacitor_SMD:C_1206_3216Metric,https://www.lcsc.com/datasheet/lcsc_datasheet_2304140030_Samsung-Electro-Mechanics-CL31B334KBFNNNE_C307572.pdf,https://www.lcsc.com/product-detail/multilayer-ceramic-capacitors-mlcc-smd-smt_samsung-electro-mechanics-cl31b334kbfnnne_C307572.html,"Capacitor 330nF 10% 50V X7R 1206 Multilayer Ceramic Capacitors (CL Series), Samsung Electro-Mechanics CL31B334KBFNNNE (Pre-Flight, LCSC Extended)",capacitor 330nF 1206 samsung electro-mechanics samsung cl pre-flight general purpose,3294,0.0728
C 470nF 1206 50V X7R 10% Samsung,470nF,C71084,Extended,CL31B474KBHNNNE,Samsung Electro-Mechanics,Samsung CL,1206,10%,,50V,X7R,,,,,E24,Pre-Flight,General Purpose,Device:C,Capacitor_SMD:C_1206_3216Metric,https://www.lcsc.com/datasheet/C1705.pdf,https://www.lcsc.com/product-detail/C71084.html,"Capacitor 470nF 10% 50V X7R 1206 Multilayer Ceramic Capacitors (CL Series), Samsung Electro-Mechanics CL31B474KBHNNNE (Pre-Flight, LCSC Extended)",capacitor 470nF 1206 samsung electro-mechanics samsung cl pre-flight general purpose,38615,0.0545
C 1uF 1206 100V X7R 10% Samsung,1uF,C13832,Extended,CL31B105KCHNNNE,Samsung Electro-Mechanics,Samsung CL,1206,10%,,100V,X7R,,,,,E24,Pre-Flight,General Purpose,Device:C,Capacitor_SMD:C_1206_3216Metric,https://www.lcsc.com/datasheet/lcsc_datasheet_2304140030_Samsung-Electro-Mechanics-CL31B105KCHNNNE_C13832.pdf,https://www.lcsc.com/product-detail/multilayer-ceramic-capacitors-mlcc-smd-smt_samsung-electro-mechanics-cl31b105kchnnne_C13832.html,"Capacitor 1uF 10% 100V X7R 1206 Multilayer Ceramic Capacitors (CL Series), Samsung Electro-Mechanics CL31B105KCHNNNE (Pre-Flight, LCSC Extended)",capacitor 1uF 1206 samsung electro-mechanics samsung cl pre-flight general purpose,1252043,0.0692
C 1uF 1206 16V X7R 10% Samsung,1uF,C318771,Extended,CL31B105KOFNNNE,Samsung Electro-Mechanics,Samsung CL,1206,10%,,16V,X7R,,,,,E24,Pre-Flight,General Purpose,Device:C,Capacitor_SMD:C_1206_3216Metric,https://wmsc.lcsc.com/wmsc/upload/file/pdf/v2/lcsc/2304140030_Samsung-Electro-Mechanics-CL31B105KOFNNNE_C318771.pdf,https://www.lcsc.com/product-detail/multilayer-ceramic-capacitors-mlcc-smd-smt_samsung-electro-mechanics-cl31b105kofnnne_C318771.html,"Capacitor 1uF 10% 16V X7R 1206 Multilayer Ceramic Capacitors (CL Series), Samsung Electro-Mechanics CL31B105KOFNNNE (Pre-Flight, LCSC Extended)",capacitor 1uF 1206 samsung electro-mechanics samsung cl pre-flight general purpose,3262,0.0484
C 1uF 1206 25V X7R 10% Samsung,1uF,C28322,Extended,CL31B105KAHNNNE,Samsung Electro-Mechanics,Samsung CL,1206,10%,,25V,X7R,,,,,E24,Pre-Flight,General Purpose,Device:C,Capacitor_SMD:C_1206_3216Metric,https://www.lcsc.com/datasheet/lcsc_datasheet_2304140030_Samsung-Electro-Mechanics-CL31B105KAHNNNE_C28322.pdf,https://www.lcsc.com/product-detail/multilayer-ceramic-capacitors-mlcc-smd-smt_samsung-electro-mechanics-cl31b105kahnnne_C28322.html,"Capacitor 1uF 10% 25V X7R 1206 Multilayer Ceramic Capacitors (CL Series), Samsung Electro-Mechanics CL31B105KAHNNNE (Pre-Flight, LCSC Extended)",capacitor 1uF 1206 samsung electro-mechanics samsung cl pre-flight general purpose,22571,0.0375
C 1uF 1206 50V X5R 10% Samsung,1uF,C444884,Extended,CL31A105KB9LNNC,Samsung Electro-Mechanics,Samsung CL,1206,10%,,50V,X5R,,,,,E24,Pre-Flight,General Purpose,Device:C,Capacitor_SMD:C_1206_3216Metric,https://www.lcsc.com/datasheet/lcsc_datasheet_2304140030_Samsung-Electro-Mechanics-CL31A105KB9LNNC_C444884.pdf,https://www.lcsc.com/product-detail/multilayer-ceramic-capacitors-mlcc-smd-smt_samsung-electro-mechanics-cl31a105kb9lnnc_C444884.html,"Capacitor 1uF 10% 50V X5R 1206 Multilayer Ceramic Capacitors (CL Series), Samsung Electro-Mechanics CL31A105KB9LNNC (Pre-Flight, LCSC Extended)",capacitor 1uF 1206 samsung electro-mechanics samsung cl pre-flight general purpose,53776,0.0575
C 2.2uF 1206 100V X7R 10% Samsung,2.2uF,C170101,Extended,CL31B225KCHSNNE,Samsung Electro-Mechanics,Samsung CL,1206,10%,,100V,X7R,,,,,E24,Pre-Flight,General Purpose,Device:C,Capacitor_SMD:C_1206_3216Metric,https://www.lcsc.com/datasheet/lcsc_datasheet_2304140030_Samsung-Electro-Mechanics-CL31B225KCHSNNE_C170101.pdf,https://www.lcsc.com/product-detail/multilayer-ceramic-capacitors-mlcc-smd-smt_samsung-electro-mechanics-cl31b225kchsnne_C170101.html,"Capacitor 2.2uF 10% 100V X7R 1206 Multilayer Ceramic Capacitors (CL Series), Samsung Electro-Mechanics CL31B225KCHSNNE (Pre-Flight, LCSC Extended)",capacitor 2.2uF 1206 samsung electro-mechanics samsung cl pre-flight general purpose,74183,0.1775
C 2.2uF 1206 100V X7S 10% Samsung,2.2uF,C2803390,Extended,CL31Y225KCHVPNE,Samsung Electro-Mechanics,Samsung CL,1206,10%,,100V,X7S,,,,,E24,Pre-Flight,General Purpose,Device:C,Capacitor_SMD:C_1206_3216Metric,https://wmsc.lcsc.com/wmsc/upload/file/pdf/v2/lcsc/2304140030_Samsung-Electro-Mechanics-CL31Y225KCHVPNE_C2803390.pdf,https://www.lcsc.com/product-detail/multilayer-ceramic-capacitors-mlcc-smd-smt_samsung-electro-mechanics-cl31y225kchvpne_C2803390.html,"Capacitor 2.2uF 10% 100V X7S 1206 Multilayer Ceramic Capacitors (CL Series), Samsung Electro-Mechanics CL31Y225KCHVPNE (Pre-Flight, LCSC Extended)",capacitor 2.2uF 1206 samsung electro-mechanics samsung cl pre-flight general purpose,19792,0.2096
C 2.2uF 1206 16V X7R 10% Samsung,2.2uF,C53655,Extended,CL31B225KOHNNNE,Samsung Electro-Mechanics,Samsung CL,1206,10%,,16V,X7R,,,,,E24,Pre-Flight,General Purpose,Device:C,Capacitor_SMD:C_1206_3216Metric,https://www.lcsc.com/datasheet/lcsc_datasheet_2304140030_Samsung-Electro-Mechanics-CL31B225KOHNNNE_C53655.pdf,https://www.lcsc.com/product-detail/multilayer-ceramic-capacitors-mlcc-smd-smt_samsung-electro-mechanics-cl31b225kohnnne_C53655.html,"Capacitor 2.2uF 10% 16V X7R 1206 Multilayer Ceramic Capacitors (CL Series), Samsung Electro-Mechanics CL31B225KOHNNNE (Pre-Flight, LCSC Extended)",capacitor 2.2uF 1206 samsung electro-mechanics samsung cl pre-flight general purpose,2773,0.0511
C 2.2uF 1206 25V X7R 10% Samsung,2.2uF,C170102,Extended,CL31B225KAHNNNE,Samsung Electro-Mechanics,Samsung CL,1206,10%,,25V,X7R,,,,,E24,Pre-Flight,General Purpose,Device:C,Capacitor_SMD:C_1206_3216Metric,https://www.lcsc.com/datasheet/lcsc_datasheet_2304140030_Samsung-Electro-Mechanics-CL31B225KAHNNNE_C170102.pdf,https://www.lcsc.com/product-detail/multilayer-ceramic-capacitors-mlcc-smd-smt_samsung-electro-mechanics-cl31b225kahnnne_C170102.html,"Capacitor 2.2uF 10% 25V X7R 1206 Multilayer Ceramic Capacitors (CL Series), Samsung Electro-Mechanics CL31B225KAHNNNE (Pre-Flight, LCSC Extended)",capacitor 2.2uF 1206 samsung electro-mechanics samsung cl pre-flight general purpose,38400,0.0894
C 2.2uF 1206 50V X5R 10% Samsung,2.2uF,C318758,Extended,CL31A225KB9LNNC,Samsung Electro-Mechanics,Samsung CL,1206,10%,,50V,X5R,,,,,E24,Pre-Flight,General Purpose,Device:C,Capacitor_SMD:C_1206_3216Metric,https://wmsc.lcsc.com/wmsc/upload/file/pdf/v2/lcsc/2304140030_Samsung-Electro-Mechanics-CL31A225KB9LNNC_C318758.pdf,https://www.lcsc.com/product-detail/multilayer-ceramic-capacitors-mlcc-smd-smt_samsung-electro-mechanics-cl31a225kb9lnnc_C318758.html,"Capacitor 2.2uF 10% 50V X5R 1206 Multilayer Ceramic Capacitors (CL Series), Samsung Electro-Mechanics CL31A225KB9LNNC (Pre-Flight, LCSC Extended)",capacitor 2.2uF 1206 samsung electro-mechanics samsung cl pre-flight general purpose,5008,0.1095
C 3.3uF 1206 16V X7R 10% Samsung,3.3uF,C3908730,Extended,CL31B335KOHNNNE,Samsung Electro-Mechanics,Samsung CL,1206,10%,,16V,X7R,,,,,E24,Pre-Flight,General Purpose,Device:C,Capacitor_SMD:C_1206_3216Metric,https://www.lcsc.com/datasheet/C1705.pdf,https://www.lcsc.com/product-detail/multilayer-ceramic-capacitors-mlcc-smd-smt_samsung-electro-mechanics-cl31b335kohnnne_C3908730.html,"Capacitor 3.3uF 10% 16V X7R 1206 Multilayer Ceramic Capacitors (CL Series), Samsung Electro-Mechanics CL31B335KOHNNNE (Pre-Flight, LCSC Extended)",capacitor 3.3uF 1206 samsung electro-mechanics samsung cl pre-flight general purpose,3172,0.1393
C 4.7uF 1206 100V X7S 10% Samsung,4.7uF,C44363939,Extended,CL31Y475KCK6PNE,Samsung Electro-Mechanics,Samsung CL,1206,10%,,100V,X7S,,,,,E24,Pre-Flight,General Purpose,Device:C,Capacitor_SMD:C_1206_3216Metric,https://www.lcsc.com/datasheet/C1705.pdf,https://www.lcsc.com/product-detail/C44363939.html,"Capacitor 4.7uF 10% 100V X7S 1206 Multilayer Ceramic Capacitors (CL Series), Samsung Electro-Mechanics CL31Y475KCK6PNE (Pre-Flight, LCSC Extended)",capacitor 4.7uF 1206 samsung electro-mechanics samsung cl pre-flight general purpose,2190,0.7906
C 4.7uF 1206 16V X7R 10% Samsung,4.7uF,C23461,Extended,CL31B475KOHNNNE,Samsung Electro-Mechanics,Samsung CL,1206,10%,,16V,X7R,,,,,E24,Pre-Flight,General Purpose,Device:C,Capacitor_SMD:C_1206_3216Metric,https://www.lcsc.com/datasheet/lcsc_datasheet_2304140030_Samsung-Electro-Mechanics-CL31B475KOHNNNE_C23461.pdf,https://www.lcsc.com/product-detail/multilayer-ceramic-capacitors-mlcc-smd-smt_samsung-electro-mechanics-cl31b475kohnnne_C23461.html,"Capacitor 4.7uF 10% 16V X7R 1206 Multilayer Ceramic Capacitors (CL Series), Samsung Electro-Mechanics CL31B475KOHNNNE (Pre-Flight, LCSC Extended)",capacitor 4.7uF 1206 samsung electro-mechanics samsung cl pre-flight general purpose,5649,0.0905
C 4.7uF 1206 25V X5R 10% Samsung,4.7uF,C11044,Extended,CL31A475KAHNNNE,Samsung Electro-Mechanics,Samsung CL,1206,10%,,25V,X5R,,,,,E24,Pre-Flight,General Purpose,Device:C,Capacitor_SMD:C_1206_3216Metric,https://www.lcsc.com/datasheet/lcsc_datasheet_2304140030_Samsung-Electro-Mechanics-CL31A475KAHNNNE_C11044.pdf,https://www.lcsc.com/product-detail/multilayer-ceramic-capacitors-mlcc-smd-smt_samsung-electro-mechanics-cl31a475kahnnne_C11044.html,"Capacitor 4.7uF 10% 25V X5R 1206 Multilayer Ceramic Capacitors (CL Series), Samsung Electro-Mechanics CL31A475KAHNNNE (Pre-Flight, LCSC Extended)",capacitor 4.7uF 1206 samsung electro-mechanics samsung cl pre-flight general purpose,6506,0.1878
C 4.7uF 1206 25V X7R 10% Samsung,4.7uF,C1872,Extended,CL31B475KAHNNNE,Samsung Electro-Mechanics,Samsung CL,1206,10%,,25V,X7R,,,,,E24,Pre-Flight,General Purpose,Device:C,Capacitor_SMD:C_1206_3216Metric,https://www.lcsc.com/datasheet/lcsc_datasheet_2304140030_Samsung-Electro-Mechanics-CL31B475KAHNNNE_C1872.pdf,https://www.lcsc.com/product-detail/multilayer-ceramic-capacitors-mlcc-smd-smt_samsung-electro-mechanics-cl31b475kahnnne_C1872.html,"Capacitor 4.7uF 10% 25V X7R 1206 Multilayer Ceramic Capacitors (CL Series), Samsung Electro-Mechanics CL31B475KAHNNNE (Pre-Flight, LCSC Extended)",capacitor 4.7uF 1206 samsung electro-mechanics samsung cl pre-flight general purpose,86690,0.0793
C 4.7uF 1206 35V X5R 10% Samsung,4.7uF,C444885,Extended,CL31A475KL9LNNC,Samsung Electro-Mechanics,Samsung CL,1206,10%,,35V,X5R,,,,,E24,Pre-Flight,General Purpose,Device:C,Capacitor_SMD:C_1206_3216Metric,https://wmsc.lcsc.com/wmsc/upload/file/pdf/v2/lcsc/2304140030_Samsung-Electro-Mechanics-CL31A475KL9LNNC_C444885.pdf,https://www.lcsc.com/product-detail/multilayer-ceramic-capacitors-mlcc-smd-smt_samsung-electro-mechanics-cl31a475kl9lnnc_C444885.html,"Capacitor 4.7uF 10% 35V X5R 1206 Multilayer Ceramic Capacitors (CL Series), Samsung Electro-Mechanics CL31A475KL9LNNC (Pre-Flight, LCSC Extended)",capacitor 4.7uF 1206 samsung electro-mechanics samsung cl pre-flight general purpose,35239,0.241
C 4.7uF 1206 50V X5R 10% Samsung,4.7uF,C318753,Extended,CL31A475KB9LNNC,Samsung Electro-Mechanics,Samsung CL,1206,10%,,50V,X5R,,,,,E24,Pre-Flight,General Purpose,Device:C,Capacitor_SMD:C_1206_3216Metric,https://www.lcsc.com/datasheet/lcsc_datasheet_2304140030_Samsung-Electro-Mechanics-CL31A475KB9LNNC_C318753.pdf,https://www.lcsc.com/product-detail/multilayer-ceramic-capacitors-mlcc-smd-smt_samsung-electro-mechanics-cl31a475kb9lnnc_C318753.html,"Capacitor 4.7uF 10% 50V X5R 1206 Multilayer Ceramic Capacitors (CL Series), Samsung Electro-Mechanics CL31A475KB9LNNC (Pre-Flight, LCSC Extended)",capacitor 4.7uF 1206 samsung electro-mechanics samsung cl pre-flight general purpose,2978,0.1791
C 4.7uF 1206 50V X7R 10% Samsung,4.7uF,C51205,Extended,CL31B475KBHNNNE,Samsung Electro-Mechanics,Samsung CL,1206,10%,,50V,X7R,,,,,E24,Pre-Flight,General Purpose,Device:C,Capacitor_SMD:C_1206_3216Metric,https://www.lcsc.com/datasheet/lcsc_datasheet_2304140030_Samsung-Electro-Mechanics-CL31B475KBHNNNE_C51205.pdf,https://www.lcsc.com/product-detail/multilayer-ceramic-capacitors-mlcc-smd-smt_samsung-electro-mechanics-cl31b475kbhnnne_C51205.html,"Capacitor 4.7uF 10% 50V X7R 1206 Multilayer Ceramic Capacitors (CL Series), Samsung Electro-Mechanics CL31B475KBHNNNE (Pre-Flight, LCSC Extended)",capacitor 4.7uF 1206 samsung electro-mechanics samsung cl pre-flight general purpose,631319,0.0752
C 10uF 1206 10V X7R 10% Samsung,10uF,C96449,Extended,CL31B106KPHNNNE,Samsung Electro-Mechanics,Samsung CL,1206,10%,,10V,X7R,,,,,E24,Pre-Flight,General Purpose,Device:C,Capacitor_SMD:C_1206_3216Metric,https://www.lcsc.com/datasheet/lcsc_datasheet_2304140030_Samsung-Electro-Mechanics-CL31B106KPHNNNE_C96449.pdf,https://www.lcsc.com/product-detail/multilayer-ceramic-capacitors-mlcc-smd-smt_samsung-electro-mechanics-cl31b106kphnnne_C96449.html,"Capacitor 10uF 10% 10V X7R 1206 Multilayer Ceramic Capacitors (CL Series), Samsung Electro-Mechanics CL31B106KPHNNNE (Pre-Flight, LCSC Extended)",capacitor 10uF 1206 samsung electro-mechanics samsung cl pre-flight general purpose,24426,0.1276
C 10uF 1206 16V X5R 10% Samsung,10uF,C1849,Extended,CL31A106KOHNNNE,Samsung Electro-Mechanics,Samsung CL,1206,10%,,16V,X5R,,,,,E24,Pre-Flight,General Purpose,Device:C,Capacitor_SMD:C_1206_3216Metric,https://www.lcsc.com/datasheet/lcsc_datasheet_2304140030_Samsung-Electro-Mechanics-CL31A106KOHNNNE_C1849.pdf,https://www.lcsc.com/product-detail/multilayer-ceramic-capacitors-mlcc-smd-smt_samsung-electro-mechanics-cl31a106kohnnne_C1849.html,"Capacitor 10uF 10% 16V X5R 1206 Multilayer Ceramic Capacitors (CL Series), Samsung Electro-Mechanics CL31A106KOHNNNE (Pre-Flight, LCSC Extended)",capacitor 10uF 1206 samsung electro-mechanics samsung cl pre-flight general purpose,270978,0.1468
C 10uF 1206 16V X7R 10% Samsung,10uF,C47971,Extended,CL31B106KOHNNNE,Samsung Electro-Mechanics,Samsung CL,1206,10%,,16V,X7R,,,,,E24,Pre-Flight,General Purpose,Device:C,Capacitor_SMD:C_1206_3216Metric,https://www.lcsc.com/datasheet/lcsc_datasheet_2304140030_Samsung-Electro-Mechanics-CL31B106KOHNNNE_C47971.pdf,https://www.lcsc.com/product-detail/multilayer-ceramic-capacitors-mlcc-smd-smt_samsung-electro-mechanics-cl31b106kohnnne_C47971.html,"Capacitor 10uF 10% 16V X7R 1206 Multilayer Ceramic Capacitors (CL Series), Samsung Electro-Mechanics CL31B106KOHNNNE (Pre-Flight, LCSC Extended)",capacitor 10uF 1206 samsung electro-mechanics samsung cl pre-flight general purpose,151520,0.2328
C 10uF 1206 25V X5R 10% Samsung,10uF,C9807,Extended,CL31A106KAHNNNE,Samsung Electro-Mechanics,Samsung CL,1206,10%,,25V,X5R,,,,,E24,Pre-Flight,General Purpose,Device:C,Capacitor_SMD:C_1206_3216Metric,https://www.lcsc.com/datasheet/lcsc_datasheet_2304140030_Samsung-Electro-Mechanics-CL31A106KAHNNNE_C9807.pdf,https://www.lcsc.com/product-detail/multilayer-ceramic-capacitors-mlcc-smd-smt_samsung-electro-mechanics-cl31a106kahnnne_C9807.html,"Capacitor 10uF 10% 25V X5R 1206 Multilayer Ceramic Capacitors (CL Series), Samsung Electro-Mechanics CL31A106KAHNNNE (Pre-Flight, LCSC Extended)",capacitor 10uF 1206 samsung electro-mechanics samsung cl pre-flight general purpose,215097,0.0703
C 10uF 1206 25V X7R 10% Samsung,10uF,C14860,Extended,CL31B106KAHNNNE,Samsung Electro-Mechanics,Samsung CL,1206,10%,,25V,X7R,,,,,E24,Pre-Flight,General Purpose,Device:C,Capacitor_SMD:C_1206_3216Metric,https://www.lcsc.com/datasheet/lcsc_datasheet_2304140030_Samsung-Electro-Mechanics-CL31B106KAHNNNE_C14860.pdf,https://www.lcsc.com/product-detail/multilayer-ceramic-capacitors-mlcc-smd-smt_samsung-electro-mechanics-cl31b106kahnnne_C14860.html,"Capacitor 10uF 10% 25V X7R 1206 Multilayer Ceramic Capacitors (CL Series), Samsung Electro-Mechanics CL31B106KAHNNNE (Pre-Flight, LCSC Extended)",capacitor 10uF 1206 samsung electro-mechanics samsung cl pre-flight general purpose,1005674,0.194
C 10uF 1206 35V X7R 10% Samsung,10uF,C16195875,Extended,CL31B106KLHNNNE,Samsung Electro-Mechanics,Samsung CL,1206,10%,,35V,X7R,,,,,E24,Pre-Flight,General Purpose,Device:C,Capacitor_SMD:C_1206_3216Metric,https://www.lcsc.com/datasheet/lcsc_datasheet_2309051759_Samsung-Electro-Mechanics-CL31B106KLHNNNE_C16195875.pdf,https://www.lcsc.com/product-detail/multilayer-ceramic-capacitors-mlcc-smd-smt_samsung-electro-mechanics-cl31b106klhnnne_C16195875.html,"Capacitor 10uF 10% 35V X7R 1206 Multilayer Ceramic Capacitors (CL Series), Samsung Electro-Mechanics CL31B106KLHNNNE (Pre-Flight, LCSC Extended)",capacitor 10uF 1206 samsung electro-mechanics samsung cl pre-flight general purpose,73569,0.253
C 10uF 1206 50V X7R 10% Samsung,10uF,C89632,Extended,CL31B106KBHNNNE,Samsung Electro-Mechanics,Samsung CL,1206,10%,,50V,X7R,,,,,E24,Pre-Flight,General Purpose,Device:C,Capacitor_SMD:C_1206_3216Metric,https://www.lcsc.com/datasheet/lcsc_datasheet_1810221111_Samsung-Electro-Mechanics-CL31B106KBHNNNE_C89632.pdf,https://www.lcsc.com/product-detail/multilayer-ceramic-capacitors-mlcc-smd-smt_samsung-electro-mechanics-cl31b106kbhnnne_C89632.html,"Capacitor 10uF 10% 50V X7R 1206 Multilayer Ceramic Capacitors (CL Series), Samsung Electro-Mechanics CL31B106KBHNNNE (Pre-Flight, LCSC Extended)",capacitor 10uF 1206 samsung electro-mechanics samsung cl pre-flight general purpose,169447,0.3506
C 10uF 1206 50V X7S 10% Samsung,10uF,C2803389,Extended,CL31Y106KBKVPNE,Samsung Electro-Mechanics,Samsung CL,1206,10%,,50V,X7S,,,,,E24,Pre-Flight,General Purpose,Device:C,Capacitor_SMD:C_1206_3216Metric,https://wmsc.lcsc.com/wmsc/upload/file/pdf/v2/lcsc/2304140030_Samsung-Electro-Mechanics-CL31Y106KBKVPNE_C2803389.pdf,https://www.lcsc.com/product-detail/multilayer-ceramic-capacitors-mlcc-smd-smt_samsung-electro-mechanics-cl31y106kbkvpne_C2803389.html,"Capacitor 10uF 10% 50V X7S 1206 Multilayer Ceramic Capacitors (CL Series), Samsung Electro-Mechanics CL31Y106KBKVPNE (Pre-Flight, LCSC Extended)",capacitor 10uF 1206 samsung electro-mechanics samsung cl pre-flight general purpose,19390,0.4149
C 10uF 1206 16V X5R 20% Samsung,10uF,C318765,Extended,CL31A106MOHNNNE,Samsung Electro-Mechanics,Samsung CL,1206,20%,,16V,X5R,,,,,E24,Pre-Flight,General Purpose,Device:C,Capacitor_SMD:C_1206_3216Metric,https://wmsc.lcsc.com/wmsc/upload/file/pdf/v2/lcsc/1912111437_Samsung-Electro-Mechanics-CL31A106MOHNNNE_C318765.pdf,https://www.lcsc.com/product-detail/multilayer-ceramic-capacitors-mlcc-smd-smt_samsung-electro-mechanics-cl31a106mohnnne_C318765.html,"Capacitor 10uF 20% 16V X5R 1206 Multilayer Ceramic Capacitors (CL Series), Samsung Electro-Mechanics CL31A106MOHNNNE (Pre-Flight, LCSC Extended)",capacitor 10uF 1206 samsung electro-mechanics samsung cl pre-flight general purpose,1958,0.2224
C 22uF 1206 10V X7R 10% Samsung,22uF,C87996,Extended,CL31B226KPHNNNE,Samsung Electro-Mechanics,Samsung CL,1206,10%,,10V,X7R,,,,,E24,Pre-Flight,General Purpose,Device:C,Capacitor_SMD:C_1206_3216Metric,https://www.lcsc.com/datasheet/lcsc_datasheet_2304140030_Samsung-Electro-Mechanics-CL31B226KPHNNNE_C87996.pdf,https://www.lcsc.com/product-detail/multilayer-ceramic-capacitors-mlcc-smd-smt_samsung-electro-mechanics-cl31b226kphnnne_C87996.html,"Capacitor 22uF 10% 10V X7R 1206 Multilayer Ceramic Capacitors (CL Series), Samsung Electro-Mechanics CL31B226KPHNNNE (Pre-Flight, LCSC Extended)",capacitor 22uF 1206 samsung electro-mechanics samsung cl pre-flight general purpose,315411,0.1781
C 22uF 1206 16V X5R 10% Samsung,22uF,C90146,Extended,CL31A226KOHNNNE,Samsung Electro-Mechanics,Samsung CL,1206,10%,,16V,X5R,,,,,E24,Pre-Flight,General Purpose,Device:C,Capacitor_SMD:C_1206_3216Metric,https://www.lcsc.com/datasheet/lcsc_datasheet_1810311713_Samsung-Electro-Mechanics-CL31A226KOHNNNE_C90146.pdf,https://www.lcsc.com/product-detail/multilayer-ceramic-capacitors-mlcc-smd-smt_samsung-electro-mechanics-cl31a226kohnnne_C90146.html,"Capacitor 22uF 10% 16V X5R 1206 Multilayer Ceramic Capacitors (CL Series), Samsung Electro-Mechanics CL31A226KOHNNNE (Pre-Flight, LCSC Extended)",capacitor 22uF 1206 samsung electro-mechanics samsung cl pre-flight general purpose,358189,0.1123
C 22uF 1206 25V X6S 10% Samsung,22uF,C478862,Extended,CL31X226KAHN3NE,Samsung Electro-Mechanics,Samsung CL,1206,10%,,25V,X6S,,,,,E24,Pre-Flight,General Purpose,Device:C,Capacitor_SMD:C_1206_3216Metric,https://wmsc.lcsc.com/wmsc/upload/file/pdf/v2/lcsc/2304140030_Samsung-Electro-Mechanics-CL31X226KAHN3NE_C478862.pdf,https://www.lcsc.com/product-detail/multilayer-ceramic-capacitors-mlcc-smd-smt_samsung-electro-mechanics-cl31x226kahn3ne_C478862.html,"Capacitor 22uF 10% 25V X6S 1206 Multilayer Ceramic Capacitors (CL Series), Samsung Electro-Mechanics CL31X226KAHN3NE (Pre-Flight, LCSC Extended)",capacitor 22uF 1206 samsung electro-mechanics samsung cl pre-flight general purpose,13000,0.4539
C 22uF 1206 6.3V X5R 10% Samsung,22uF,C159759,Extended,CL31A226KQHNNNE,Samsung Electro-Mechanics,Samsung CL,1206,10%,,6.3V,X5R,,,,,E24,Pre-Flight,General Purpose,Device:C,Capacitor_SMD:C_1206_3216Metric,https://www.lcsc.com/datasheet/lcsc_datasheet_2304140030_Samsung-Electro-Mechanics-CL31A226KQHNNNE_C159759.pdf,https://www.lcsc.com/product-detail/multilayer-ceramic-capacitors-mlcc-smd-smt_samsung-electro-mechanics-cl31a226kqhnnne_C159759.html,"Capacitor 22uF 10% 6.3V X5R 1206 Multilayer Ceramic Capacitors (CL Series), Samsung Electro-Mechanics CL31A226KQHNNNE (Pre-Flight, LCSC Extended)",capacitor 22uF 1206 samsung electro-mechanics samsung cl pre-flight general purpose,4625,0.1043
C 22uF 1206 6.3V X7R 10% Samsung,22uF,C5370056,Extended,CL31B226KQHNNNE,Samsung Electro-Mechanics,Samsung CL,1206,10%,,6.3V,X7R,,,,,E24,Pre-Flight,General Purpose,Device:C,Capacitor_SMD:C_1206_3216Metric,https://wmsc.lcsc.com/wmsc/upload/file/pdf/v2/lcsc/2303141000_Samsung-Electro-Mechanics-CL31B226KQHNNNE_C5370056.pdf,https://www.lcsc.com/product-detail/multilayer-ceramic-capacitors-mlcc-smd-smt_samsung-electro-mechanics-cl31b226kqhnnne_C5370056.html,"Capacitor 22uF 10% 6.3V X7R 1206 Multilayer Ceramic Capacitors (CL Series), Samsung Electro-Mechanics CL31B226KQHNNNE (Pre-Flight, LCSC Extended)",capacitor 22uF 1206 samsung electro-mechanics samsung cl pre-flight general purpose,1283,0.1694
C 22uF 1206 10V X7R 20% Samsung,22uF,C6142744,Extended,CL31B226MPHNNNE,Samsung Electro-Mechanics,Samsung CL,1206,20%,,10V,X7R,,,,,E24,Pre-Flight,General Purpose,Device:C,Capacitor_SMD:C_1206_3216Metric,https://wmsc.lcsc.com/wmsc/upload/file/pdf/v2/lcsc/2309061403_Samsung-Electro-Mechanics-CL31B226MPHNNNE_C6142744.pdf,https://www.lcsc.com/product-detail/multilayer-ceramic-capacitors-mlcc-smd-smt_samsung-electro-mechanics-cl31b226mphnnne_C6142744.html,"Capacitor 22uF 20% 10V X7R 1206 Multilayer Ceramic Capacitors (CL Series), Samsung Electro-Mechanics CL31B226MPHNNNE (Pre-Flight, LCSC Extended)",capacitor 22uF 1206 samsung electro-mechanics samsung cl pre-flight general purpose,4027,0.3872
C 22uF 1206 16V X5R 20% Samsung,22uF,C159758,Extended,CL31A226MOCLNNC,Samsung Electro-Mechanics,Samsung CL,1206,20%,,16V,X5R,,,,,E24,Pre-Flight,General Purpose,Device:C,Capacitor_SMD:C_1206_3216Metric,https://www.lcsc.com/datasheet/lcsc_datasheet_2304140030_Samsung-Electro-Mechanics-CL31A226MOCLNNC_C159758.pdf,https://www.lcsc.com/product-detail/multilayer-ceramic-capacitors-mlcc-smd-smt_samsung-electro-mechanics-cl31a226moclnnc_C159758.html,"Capacitor 22uF 20% 16V X5R 1206 Multilayer Ceramic Capacitors (CL Series), Samsung Electro-Mechanics CL31A226MOCLNNC (Pre-Flight, LCSC Extended)",capacitor 22uF 1206 samsung electro-mechanics samsung cl pre-flight general purpose,38495,0.1855
C 22uF 1206 6.3V X5R 20% Samsung,22uF,C159757,Extended,CL31A226MQHNNNE,Samsung Electro-Mechanics,Samsung CL,1206,20%,,6.3V,X5R,,,,,E24,Pre-Flight,General Purpose,Device:C,Capacitor_SMD:C_1206_3216Metric,https://www.lcsc.com/datasheet/lcsc_datasheet_2304140030_Samsung-Electro-Mechanics-CL31A226MQHNNNE_C159757.pdf,https://www.lcsc.com/product-detail/multilayer-ceramic-capacitors-mlcc-smd-smt_samsung-electro-mechanics-cl31a226mqhnnne_C159757.html,"Capacitor 22uF 20% 6.3V X5R 1206 Multilayer Ceramic Capacitors (CL Series), Samsung Electro-Mechanics CL31A226MQHNNNE (Pre-Flight, LCSC Extended)",capacitor 22uF 1206 samsung electro-mechanics samsung cl pre-flight general purpose,18999,0.1404
C 47uF 1206 6.3V X5R 20% Samsung,47uF,C68361,Extended,CL31A476MQHNNNE,Samsung Electro-Mechanics,Samsung CL,1206,20%,,6.3V,X5R,,,,,E24,Pre-Flight,General Purpose,Device:C,Capacitor_SMD:C_1206_3216Metric,https://www.lcsc.com/datasheet/lcsc_datasheet_1810221121_Samsung-Electro-Mechanics-CL31A476MQHNNNE_C68361.pdf,https://www.lcsc.com/product-detail/multilayer-ceramic-capacitors-mlcc-smd-smt_samsung-electro-mechanics-cl31a476mqhnnne_C68361.html,"Capacitor 47uF 20% 6.3V X5R 1206 Multilayer Ceramic Capacitors (CL Series), Samsung Electro-Mechanics CL31A476MQHNNNE (Pre-Flight, LCSC Extended)",capacitor 47uF 1206 samsung electro-mechanics samsung cl pre-flight general purpose,832382,0.1642
C 100uF 1206 10V X5R 20% Samsung,100uF,C7588440,Extended,CL31A107MPKNNWE,Samsung Electro-Mechanics,Samsung CL,1206,20%,,10V,X5R,,,,,E24,Pre-Flight,General Purpose,Device:C,Capacitor_SMD:C_1206_3216Metric,https://wmsc.lcsc.com/wmsc/upload/file/pdf/v2/lcsc/2309010929_Samsung-Electro-Mechanics-CL31A107MPKNNWE_C7588440.pdf,https://www.lcsc.com/product-detail/multilayer-ceramic-capacitors-mlcc-smd-smt_samsung-electro-mechanics-cl31a107mpknnwe_C7588440.html,"Capacitor 100uF 20% 10V X5R 1206 Multilayer Ceramic Capacitors (CL Series), Samsung Electro-Mechanics CL31A107MPKNNWE (Pre-Flight, LCSC Extended)",capacitor 100uF 1206 samsung electro-mechanics samsung cl pre-flight general purpose,17308,0.3117
C 1uF 1210 100V X7R 10% Samsung,1uF,C444847,Extended,CL32B105KCJNNNE,Samsung Electro-Mechanics,Samsung CL,1210,10%,,100V,X7R,,,,,E24,Pre-Flight,General Purpose,Device:C,Capacitor_SMD:C_1210_3225Metric,https://www.lcsc.com/datasheet/lcsc_datasheet_2304140030_Samsung-Electro-Mechanics-CL32B105KCJNNNE_C444847.pdf,https://www.lcsc.com/product-detail/multilayer-ceramic-capacitors-mlcc-smd-smt_samsung-electro-mechanics-cl32b105kcjnnne_C444847.html,"Capacitor 1uF 10% 100V X7R 1210 Multilayer Ceramic Capacitors (CL Series), Samsung Electro-Mechanics CL32B105KCJNNNE (Pre-Flight, LCSC Extended)",capacitor 1uF 1210 samsung electro-mechanics samsung cl pre-flight general purpose,4910,0.1609
C 1uF 1210 50V X7R 10% Samsung,1uF,C40708,Extended,CL32B105KBHNNNE,Samsung Electro-Mechanics,Samsung CL,1210,10%,,50V,X7R,,,,,E24,Pre-Flight,General Purpose,Device:C,Capacitor_SMD:C_1210_3225Metric,https://www.lcsc.com/datasheet/lcsc_datasheet_2304140030_Samsung-Electro-Mechanics-CL32B105KBHNNNE_C40708.pdf,https://www.lcsc.com/product-detail/multilayer-ceramic-capacitors-mlcc-smd-smt_samsung-electro-mechanics-cl32b105kbhnnne_C40708.html,"Capacitor 1uF 10% 50V X7R 1210 Multilayer Ceramic Capacitors (CL Series), Samsung Electro-Mechanics CL32B105KBHNNNE (Pre-Flight, LCSC Extended)",capacitor 1uF 1210 samsung electro-mechanics samsung cl pre-flight general purpose,17176,0.1408
C 2.2uF 1210 100V X7R 10% Samsung,2.2uF,C55151,Extended,CL32B225KCJSNNE,Samsung Electro-Mechanics,Samsung CL,1210,10%,,100V,X7R,,,,,E24,Pre-Flight,General Purpose,Device:C,Capacitor_SMD:C_1210_3225Metric,https://www.lcsc.com/datasheet/lcsc_datasheet_2304140030_Samsung-Electro-Mechanics-CL32B225KCJSNNE_C55151.pdf,https://www.lcsc.com/product-detail/multilayer-ceramic-capacitors-mlcc-smd-smt_samsung-electro-mechanics-cl32b225kcjsnne_C55151.html,"Capacitor 2.2uF 10% 100V X7R 1210 Multilayer Ceramic Capacitors (CL Series), Samsung Electro-Mechanics CL32B225KCJSNNE (Pre-Flight, LCSC Extended)",capacitor 2.2uF 1210 samsung electro-mechanics samsung cl pre-flight general purpose,10863,0.1596
C 4.7uF 1210 100V X7S 10% Samsung,4.7uF,C2803397,Extended,CL32Y475KCIVPNE,Samsung Electro-Mechanics,Samsung CL,1210,10%,,100V,X7S,,,,,E24,Pre-Flight,General Purpose,Device:C,Capacitor_SMD:C_1210_3225Metric,https://wmsc.lcsc.com/wmsc/upload/file/pdf/v2/lcsc/2202131900_Samsung-Electro-Mechanics-CL32Y475KCIVPNE_C2803397.pdf,https://www.lcsc.com/product-detail/multilayer-ceramic-capacitors-mlcc-smd-smt_samsung-electro-mechanics-cl32y475kcivpne_C2803397.html,"Capacitor 4.7uF 10% 100V X7S 1210 Multilayer Ceramic Capacitors (CL Series), Samsung Electro-Mechanics CL32Y475KCIVPNE (Pre-Flight, LCSC Extended)",capacitor 4.7uF 1210 samsung electro-mechanics samsung cl pre-flight general purpose,5298,0.6019
C 4.7uF 1210 50V X7R 10% Samsung,4.7uF,C170099,Extended,CL32B475KBUYNNE,Samsung Electro-Mechanics,Samsung CL,1210,10%,,50V,X7R,,,,,E24,Pre-Flight,General Purpose,Device:C,Capacitor_SMD:C_1210_3225Metric,https://www.lcsc.com/datasheet/lcsc_datasheet_2304140030_Samsung-Electro-Mechanics-CL32B475KBUYNNE_C170099.pdf,https://www.lcsc.com/product-detail/multilayer-ceramic-capacitors-mlcc-smd-smt_samsung-electro-mechanics-cl32b475kbuynne_C170099.html,"Capacitor 4.7uF 10% 50V X7R 1210 Multilayer Ceramic Capacitors (CL Series), Samsung Electro-Mechanics CL32B475KBUYNNE (Pre-Flight, LCSC Extended)",capacitor 4.7uF 1210 samsung electro-mechanics samsung cl pre-flight general purpose,85797,0.1362
C 10uF 1210 100V X7S 10% Samsung,10uF,C3840810,Extended,CL32Y106KCVZNWE,Samsung Electro-Mechanics,Samsung CL,1210,10%,,100V,X7S,,,,,E24,Pre-Flight,General Purpose,Device:C,Capacitor_SMD:C_1210_3225Metric,https://wmsc.lcsc.com/wmsc/upload/file/pdf/v2/lcsc/2309061354_Samsung-Electro-Mechanics-CL32Y106KCVZNWE_C3840810.pdf,https://www.lcsc.com/product-detail/multilayer-ceramic-capacitors-mlcc-smd-smt_samsung-electro-mechanics-cl32y106kcvznwe_C3840810.html,"Capacitor 10uF 10% 100V X7S 1210 Multilayer Ceramic Capacitors (CL Series), Samsung Electro-Mechanics CL32Y106KCVZNWE (Pre-Flight, LCSC Extended)",capacitor 10uF 1210 samsung electro-mechanics samsung cl pre-flight general purpose,1832,1.033
C 10uF 1210 16V X7R 10% Samsung,10uF,C318782,Extended,CL32B106KOJNNNE,Samsung Electro-Mechanics,Samsung CL,1210,10%,,16V,X7R,,,,,E24,Pre-Flight,General Purpose,Device:C,Capacitor_SMD:C_1210_3225Metric,https://wmsc.lcsc.com/wmsc/upload/file/pdf/v2/lcsc/2304140030_Samsung-Electro-Mechanics-CL32B106KOJNNNE_C318782.pdf,https://www.lcsc.com/product-detail/multilayer-ceramic-capacitors-mlcc-smd-smt_samsung-electro-mechanics-cl32b106kojnnne_C318782.html,"Capacitor 10uF 10% 16V X7R 1210 Multilayer Ceramic Capacitors (CL Series), Samsung Electro-Mechanics CL32B106KOJNNNE (Pre-Flight, LCSC Extended)",capacitor 10uF 1210 samsung electro-mechanics samsung cl pre-flight general purpose,8116,0.2528
C 10uF 1210 25V X5R 10% Samsung,10uF,C5338891,Extended,CL32A106KAULNNE,Samsung Electro-Mechanics,Samsung CL,1210,10%,,25V,X5R,,,,,E24,Pre-Flight,General Purpose,Device:C,Capacitor_SMD:C_1210_3225Metric,https://www.lcsc.com/datasheet/C1705.pdf,https://www.lcsc.com/product-detail/C5338891.html,"Capacitor 10uF 10% 25V X5R 1210 Multilayer Ceramic Capacitors (CL Series), Samsung Electro-Mechanics CL32A106KAULNNE (Pre-Flight, LCSC Extended)",capacitor 10uF 1210 samsung electro-mechanics samsung cl pre-flight general purpose,9068,0.1998
C 10uF 1210 25V X7R 10% Samsung,10uF,C39232,Extended,CL32B106KAJNNNE,Samsung Electro-Mechanics,Samsung CL,1210,10%,,25V,X7R,,,,,E24,Pre-Flight,General Purpose,Device:C,Capacitor_SMD:C_1210_3225Metric,https://www.lcsc.com/datasheet/lcsc_datasheet_2304140030_Samsung-Electro-Mechanics-CL32B106KAJNNNE_C39232.pdf,https://www.lcsc.com/product-detail/multilayer-ceramic-capacitors-mlcc-smd-smt_samsung-electro-mechanics-cl32b106kajnnne_C39232.html,"Capacitor 10uF 10% 25V X7R 1210 Multilayer Ceramic Capacitors (CL Series), Samsung Electro-Mechanics CL32B106KAJNNNE (Pre-Flight, LCSC Extended)",capacitor 10uF 1210 samsung electro-mechanics samsung cl pre-flight general purpose,87176,0.146
C 10uF 1210 35V X5R 10% Samsung,10uF,C2980162,Extended,CL32A106KLULNNE,Samsung Electro-Mechanics,Samsung CL,1210,10%,,35V,X5R,,,,,E24,Pre-Flight,General Purpose,Device:C,Capacitor_SMD:C_1210_3225Metric,https://wmsc.lcsc.com/wmsc/upload/file/pdf/v2/lcsc/2203081130_Samsung-Electro-Mechanics-CL32A106KLULNNE_C2980162.pdf,https://www.lcsc.com/product-detail/multilayer-ceramic-capacitors-mlcc-smd-smt_samsung-electro-mechanics-cl32a106klulnne_C2980162.html,"Capacitor 10uF 10% 35V X5R 1210 Multilayer Ceramic Capacitors (CL Series), Samsung Electro-Mechanics CL32A106KLULNNE (Pre-Flight, LCSC Extended)",capacitor 10uF 1210 samsung electro-mechanics samsung cl pre-flight general purpose,21479,0.2881
C 10uF 1210 50V X5R 10% Samsung,10uF,C380537,Extended,CL32A106KBJNNNE,Samsung Electro-Mechanics,Samsung CL,1210,10%,,50V,X5R,,,,,E24,Pre-Flight,General Purpose,Device:C,Capacitor_SMD:C_1210_3225Metric,https://www.lcsc.com/datasheet/lcsc_datasheet_1912111437_Samsung-Electro-Mechanics-CL32A106KBJNNNE_C380537.pdf,https://www.lcsc.com/product-detail/multilayer-ceramic-capacitors-mlcc-smd-smt_samsung-electro-mechanics-cl32a106kbjnnne_C380537.html,"Capacitor 10uF 10% 50V X5R 1210 Multilayer Ceramic Capacitors (CL Series), Samsung Electro-Mechanics CL32A106KBJNNNE (Pre-Flight, LCSC Extended)",capacitor 10uF 1210 samsung electro-mechanics samsung cl pre-flight general purpose,56349,0.2086
C 10uF 1210 50V X7R 10% Samsung,10uF,C138687,Extended,CL32B106KBJNNNE,Samsung Electro-Mechanics,Samsung CL,1210,10%,,50V,X7R,,,,,E24,Pre-Flight,General Purpose,Device:C,Capacitor_SMD:C_1210_3225Metric,https://datasheet.lcsc.com/lcsc/1912112237_Samsung-Electro-Mechanics-CL32B106KBJNNNE_C138687.pdf,https://lcsc.com/product-detail/Multilayer-Ceramic-Capacitors-MLCC-SMD-SMT_Samsung-Electro-Mechanics-CL32B106KBJNNNE_C138687.html,"Capacitor 10uF 10% 50V X7R 1210 Multilayer Ceramic Capacitors (CL Series), Samsung Electro-Mechanics CL32B106KBJNNNE (Pre-Flight, LCSC Extended)",capacitor 10uF 1210 samsung electro-mechanics samsung cl pre-flight general purpose,142854,0.3229
C 10uF 1210 50V X7S 10% Samsung,10uF,C307374,Extended,CL32Y106KBJ4PNE,Samsung Electro-Mechanics,Samsung CL,1210,10%,,50V,X7S,,,,,E24,Pre-Flight,General Purpose,Device:C,Capacitor_SMD:C_1210_3225Metric,https://wmsc.lcsc.com/wmsc/upload/file/pdf/v2/lcsc/2304140030_Samsung-Electro-Mechanics-CL32Y106KBJ4PNE_C307374.pdf,https://www.lcsc.com/product-detail/multilayer-ceramic-capacitors-mlcc-smd-smt_samsung-electro-mechanics-cl32y106kbj4pne_C307374.html,"Capacitor 10uF 10% 50V X7S 1210 Multilayer Ceramic Capacitors (CL Series), Samsung Electro-Mechanics CL32Y106KBJ4PNE (Pre-Flight, LCSC Extended)",capacitor 10uF 1210 samsung electro-mechanics samsung cl pre-flight general purpose,13809,0.2997
C 22uF 1210 10V X5R 10% Samsung,22uF,C318780,Extended,CL32A226KPJNNNE,Samsung Electro-Mechanics,Samsung CL,1210,10%,,10V,X5R,,,,,E24,Pre-Flight,General Purpose,Device:C,Capacitor_SMD:C_1210_3225Metric,https://wmsc.lcsc.com/wmsc/upload/file/pdf/v2/lcsc/1912111437_Samsung-Electro-Mechanics-CL32A226KPJNNNE_C318780.pdf,https://www.lcsc.com/product-detail/multilayer-ceramic-capacitors-mlcc-smd-smt_samsung-electro-mechanics-cl32a226kpjnnne_C318780.html,"Capacitor 22uF 10% 10V X5R 1210 Multilayer Ceramic Capacitors (CL Series), Samsung Electro-Mechanics CL32A226KPJNNNE (Pre-Flight, LCSC Extended)",capacitor 22uF 1210 samsung electro-mechanics samsung cl pre-flight general purpose,3661,0.2632
C 22uF 1210 16V X5R 10% Samsung,22uF,C19659,Extended,CL32A226KOJNNNE,Samsung Electro-Mechanics,Samsung CL,1210,10%,,16V,X5R,,,,,E24,Pre-Flight,General Purpose,Device:C,Capacitor_SMD:C_1210_3225Metric,https://www.lcsc.com/datasheet/lcsc_datasheet_2304140030_Samsung-Electro-Mechanics-CL32A226KOJNNNE_C19659.pdf,https://www.lcsc.com/product-detail/multilayer-ceramic-capacitors-mlcc-smd-smt_samsung-electro-mechanics-cl32a226kojnnne_C19659.html,"Capacitor 22uF 10% 16V X5R 1210 Multilayer Ceramic Capacitors (CL Series), Samsung Electro-Mechanics CL32A226KOJNNNE (Pre-Flight, LCSC Extended)",capacitor 22uF 1210 samsung electro-mechanics samsung cl pre-flight general purpose,40284,0.2257
C 22uF 1210 16V X7R 10% Samsung,22uF,C472858,Extended,CL32B226KOJVPNE,Samsung Electro-Mechanics,Samsung CL,1210,10%,,16V,X7R,,,,,E24,Pre-Flight,General Purpose,Device:C,Capacitor_SMD:C_1210_3225Metric,https://wmsc.lcsc.com/wmsc/upload/file/pdf/v2/lcsc/2304140030_Samsung-Electro-Mechanics-CL32B226KOJVPNE_C472858.pdf,https://www.lcsc.com/product-detail/multilayer-ceramic-capacitors-mlcc-smd-smt_samsung-electro-mechanics-cl32b226kojvpne_C472858.html,"Capacitor 22uF 10% 16V X7R 1210 Multilayer Ceramic Capacitors (CL Series), Samsung Electro-Mechanics CL32B226KOJVPNE (Pre-Flight, LCSC Extended)",capacitor 22uF 1210 samsung electro-mechanics samsung cl pre-flight general purpose,49638,0.3789
C 22uF 1210 25V X5R 10% Samsung,22uF,C52306,Extended,CL32A226KAJNNNE,Samsung Electro-Mechanics,Samsung CL,1210,10%,,25V,X5R,,,,,E24,Pre-Flight,General Purpose,Device:C,Capacitor_SMD:C_1210_3225Metric,https://www.lcsc.com/datasheet/lcsc_datasheet_2304140030_Samsung-Electro-Mechanics-CL32A226KAJNNNE_C52306.pdf,https://www.lcsc.com/product-detail/multilayer-ceramic-capacitors-mlcc-smd-smt_samsung-electro-mechanics-cl32a226kajnnne_C52306.html,"Capacitor 22uF 10% 25V X5R 1210 Multilayer Ceramic Capacitors (CL Series), Samsung Electro-Mechanics CL32A226KAJNNNE (Pre-Flight, LCSC Extended)",capacitor 22uF 1210 samsung electro-mechanics samsung cl pre-flight general purpose,329126,0.3054
C 22uF 1210 25V X7R 10% Samsung,22uF,C309062,Extended,CL32B226KAJNNNE,Samsung Electro-Mechanics,Samsung CL,1210,10%,,25V,X7R,,,,,E24,Pre-Flight,General Purpose,Device:C,Capacitor_SMD:C_1210_3225Metric,https://www.lcsc.com/datasheet/lcsc_datasheet_2304140030_Samsung-Electro-Mechanics-CL32B226KAJNNNE_C309062.pdf,https://www.lcsc.com/product-detail/multilayer-ceramic-capacitors-mlcc-smd-smt_samsung-electro-mechanics-cl32b226kajnnne_C309062.html,"Capacitor 22uF 10% 25V X7R 1210 Multilayer Ceramic Capacitors (CL Series), Samsung Electro-Mechanics CL32B226KAJNNNE (Pre-Flight, LCSC Extended)",capacitor 22uF 1210 samsung electro-mechanics samsung cl pre-flight general purpose,186599,0.3532
C 22uF 1210 25V X7S 10% Samsung,22uF,C2803395,Extended,CL32Y226KAVVPNE,Samsung Electro-Mechanics,Samsung CL,1210,10%,,25V,X7S,,,,,E24,Pre-Flight,General Purpose,Device:C,Capacitor_SMD:C_1210_3225Metric,https://wmsc.lcsc.com/wmsc/upload/file/pdf/v2/lcsc/2304140030_Samsung-Electro-Mechanics-CL32Y226KAVVPNE_C2803395.pdf,https://www.lcsc.com/product-detail/multilayer-ceramic-capacitors-mlcc-smd-smt_samsung-electro-mechanics-cl32y226kavvpne_C2803395.html,"Capacitor 22uF 10% 25V X7S 1210 Multilayer Ceramic Capacitors (CL Series), Samsung Electro-Mechanics CL32Y226KAVVPNE (Pre-Flight, LCSC Extended)",capacitor 22uF 1210 samsung electro-mechanics samsung cl pre-flight general purpose,2616,0.4978
C 22uF 1210 16V X5R 20% Samsung,22uF,C100086,Extended,CL32A226MOJNNNE,Samsung Electro-Mechanics,Samsung CL,1210,20%,,16V,X5R,,,,,E24,Pre-Flight,General Purpose,Device:C,Capacitor_SMD:C_1210_3225Metric,https://www.lcsc.com/datasheet/lcsc_datasheet_2304140030_Samsung-Electro-Mechanics-CL32A226MOJNNNE_C100086.pdf,https://www.lcsc.com/product-detail/multilayer-ceramic-capacitors-mlcc-smd-smt_samsung-electro-mechanics-cl32a226mojnnne_C100086.html,"Capacitor 22uF 20% 16V X5R 1210 Multilayer Ceramic Capacitors (CL Series), Samsung Electro-Mechanics CL32A226MOJNNNE (Pre-Flight, LCSC Extended)",capacitor 22uF 1210 samsung electro-mechanics samsung cl pre-flight general purpose,1209,0.3142
C 47uF 1210 10V X7R 10% Samsung,47uF,C2932478,Extended,CL32B476KPJNNNE,Samsung Electro-Mechanics,Samsung CL,1210,10%,,10V,X7R,,,,,E24,Pre-Flight,General Purpose,Device:C,Capacitor_SMD:C_1210_3225Metric,https://wmsc.lcsc.com/wmsc/upload/file/pdf/v2/lcsc/2201121530_Samsung-Electro-Mechanics-CL32B476KPJNNNE_C2932478.pdf,https://www.lcsc.com/product-detail/multilayer-ceramic-capacitors-mlcc-smd-smt_samsung-electro-mechanics-cl32b476kpjnnne_C2932478.html,"Capacitor 47uF 10% 10V X7R 1210 Multilayer Ceramic Capacitors (CL Series), Samsung Electro-Mechanics CL32B476KPJNNNE (Pre-Flight, LCSC Extended)",capacitor 47uF 1210 samsung electro-mechanics samsung cl pre-flight general purpose,1476,0.3381
C 47uF 1210 16V X5R 10% Samsung,47uF,C2932477,Extended,CL32A476KOJNNNE,Samsung Electro-Mechanics,Samsung CL,1210,10%,,16V,X5R,,,,,E24,Pre-Flight,General Purpose,Device:C,Capacitor_SMD:C_1210_3225Metric,https://wmsc.lcsc.com/wmsc/upload/file/pdf/v2/lcsc/2201121530_Samsung-Electro-Mechanics-CL32A476KOJNNNE_C2932477.pdf,https://www.lcsc.com/product-detail/multilayer-ceramic-capacitors-mlcc-smd-smt_samsung-electro-mechanics-cl32a476kojnnne_C2932477.html,"Capacitor 47uF 10% 16V X5R 1210 Multilayer Ceramic Capacitors (CL Series), Samsung Electro-Mechanics CL32A476KOJNNNE (Pre-Flight, LCSC Extended)",capacitor 47uF 1210 samsung electro-mechanics samsung cl pre-flight general purpose,78351,0.4441
C 47uF 1210 16V X5R 20% Samsung,47uF,C3039702,Extended,CL32A476MOJNNNE,Samsung Electro-Mechanics,Samsung CL,1210,20%,,16V,X5R,,,,,E24,Pre-Flight,General Purpose,Device:C,Capacitor_SMD:C_1210_3225Metric,https://wmsc.lcsc.com/wmsc/upload/file/pdf/v2/lcsc/2206221845_Samsung-Electro-Mechanics-CL32A476MOJNNNE_C3039702.pdf,https://www.lcsc.com/product-detail/multilayer-ceramic-capacitors-mlcc-smd-smt_samsung-electro-mechanics-cl32a476mojnnne_C3039702.html,"Capacitor 47uF 20% 16V X5R 1210 Multilayer Ceramic Capacitors (CL Series), Samsung Electro-Mechanics CL32A476MOJNNNE (Pre-Flight, LCSC Extended)",capacitor 47uF 1210 samsung electro-mechanics samsung cl pre-flight general purpose,2732,0.8573
C 100uF 1210 10V X5R 20% Samsung,100uF,C23742,Extended,CL32A107MPVNNNE,Samsung Electro-Mechanics,Samsung CL,1210,20%,,10V,X5R,,,,,E24,Pre-Flight,General Purpose,Device:C,Capacitor_SMD:C_1210_3225Metric,https://www.lcsc.com/datasheet/lcsc_datasheet_2304140030_Samsung-Electro-Mechanics-CL32A107MPVNNNE_C23742.pdf,https://www.lcsc.com/product-detail/multilayer-ceramic-capacitors-mlcc-smd-smt_samsung-electro-mechanics-cl32a107mpvnnne_C23742.html,"Capacitor 100uF 20% 10V X5R 1210 Multilayer Ceramic Capacitors (CL Series), Samsung Electro-Mechanics CL32A107MPVNNNE (Pre-Flight, LCSC Extended)",capacitor 100uF 1210 samsung electro-mechanics samsung cl pre-flight general purpose,44655,0.4458
C 100uF 1210 6.3V X5R 20% Samsung,100uF,C49066,Extended,CL32A107MQVNNNE,Samsung Electro-Mechanics,Samsung CL,1210,20%,,6.3V,X5R,,,,,E24,Pre-Flight,General Purpose,Device:C,Capacitor_SMD:C_1210_3225Metric,https://www.lcsc.com/datasheet/lcsc_datasheet_2304140030_Samsung-Electro-Mechanics-CL32A107MQVNNNE_C49066.pdf,https://www.lcsc.com/product-detail/multilayer-ceramic-capacitors-mlcc-smd-smt_samsung-electro-mechanics-cl32a107mqvnnne_C49066.html,"Capacitor 100uF 20% 6.3V X5R 1210 Multilayer Ceramic Capacitors (CL Series), Samsung Electro-Mechanics CL32A107MQVNNNE (Pre-Flight, LCSC Extended)",capacitor 100uF 1210 samsung electro-mechanics samsung cl pre-flight general purpose,101101,0.3446
C 100uF 1210 6.3V X6S 20% Samsung,100uF,C3039693,Extended,CL32X107MQVNNNE,Samsung Electro-Mechanics,Samsung CL,1210,20%,,6.3V,X6S,,,,,E24,Pre-Flight,General Purpose,Device:C,Capacitor_SMD:C_1210_3225Metric,https://wmsc.lcsc.com/wmsc/upload/file/pdf/v2/lcsc/2206221801_Samsung-Electro-Mechanics-CL32X107MQVNNNE_C3039693.pdf,https://www.lcsc.com/product-detail/multilayer-ceramic-capacitors-mlcc-smd-smt_samsung-electro-mechanics-cl32x107mqvnnne_C3039693.html,"Capacitor 100uF 20% 6.3V X6S 1210 Multilayer Ceramic Capacitors (CL Series), Samsung Electro-Mechanics CL32X107MQVNNNE (Pre-Flight, LCSC Extended)",capacitor 100uF 1210 samsung electro-mechanics samsung cl pre-flight general purpose,1006,0.6589
C 220uF 1210 6.3V X5R 20% Samsung,220uF,C400951,Extended,CL32A227MQVNNNE,Samsung Electro-Mechanics,Samsung CL,1210,20%,,6.3V,X5R,,,,,E24,Pre-Flight,General Purpose,Device:C,Capacitor_SMD:C_1210_3225Metric,https://wmsc.lcsc.com/wmsc/upload/file/pdf/v2/lcsc/2301301130_Samsung-Electro-Mechanics-CL32A227MQVNNNE_C400951.pdf,https://www.lcsc.com/product-detail/multilayer-ceramic-capacitors-mlcc-smd-smt_samsung-electro-mechanics-cl32a227mqvnnne_C400951.html,"Capacitor 220uF 20% 6.3V X5R 1210 Multilayer Ceramic Capacitors (CL Series), Samsung Electro-Mechanics CL32A227MQVNNNE (Pre-Flight, LCSC Extended)",capacitor 220uF 1210 samsung electro-mechanics samsung cl pre-flight general purpose,32545,0.8524
