Part_ID,Value,LCSC,LCSC_Type,MPN,Manufacturer,Series,Package,Tolerance,Power,Voltage,Dielectric,Current,Isat,DCR,TempCo,Value_Series,Standard,Use_Case,Symbol,Footprint,Datasheet,LCSC_URL,Description,Keywords,Stock,Unit_Price_USD
C 12pF 0201 50V C0G 5% TDK,12pF,C432934,Extended,CGA1A2C0G1H120JT0YNN,TDK,TDK CGA,0201,5%,,50V,C0G,,,,,E24,Flight,General Purpose,Device:C,Capacitor_SMD:C_0201_0603Metric,https://wmsc.lcsc.com/wmsc/upload/file/pdf/v2/lcsc/2304140030_TDK-CGA1A2C0G1H120JT0YNN_C432934.pdf,https://www.lcsc.com/product-detail/multilayer-ceramic-capacitors-mlcc-smd-smt_tdk-cga1a2c0g1h120jt0ynn_C432934.html,"Capacitor 12pF 5% 50V C0G 0201 Automotive Grade MLCC (CGA Series), TDK CGA1A2C0G1H120JT0YNN (Flight, LCSC Extended)",capacitor 12pF 0201 tdk tdk cga flight general purpose,8,0.0146
C 220pF 0201 16V X7R 10% TDK,220pF,C343030,Extended,CGA1A2X7R1C221KT0YNN,TDK,TDK CGA,0201,10%,,16V,X7R,,,,,E24,Flight,General Purpose,Device:C,Capacitor_SMD:C_0201_0603Metric,https://wmsc.lcsc.com/wmsc/upload/file/pdf/v2/lcsc/2209271730_TDK-CGA1A2X7R1C221KT0YNN_C343030.pdf,https://www.lcsc.com/product-detail/multilayer-ceramic-capacitors-mlcc-smd-smt_tdk-cga1a2x7r1c221kt0ynn_C343030.html,"Capacitor 220pF 10% 16V X7R 0201 Automotive Grade MLCC (CGA Series), TDK CGA1A2X7R1C221KT0YNN (Flight, LCSC Extended)",capacitor 220pF 0201 tdk tdk cga flight general purpose,7243,0.0076
C 220pF 0201 50V X7R 10% TDK,220pF,C338115,Extended,CGA1A2X7R1H221KT0YNN,TDK,TDK CGA,0201,10%,,50V,X7R,,,,,E24,Flight,General Purpose,Device:C,Capacitor_SMD:C_0201_0603Metric,https://wmsc.lcsc.com/wmsc/upload/file/pdf/v2/lcsc/2304140030_TDK-CGA1A2X7R1H221KT0YNN_C338115.pdf,https://www.lcsc.com/product-detail/multilayer-ceramic-capacitors-mlcc-smd-smt_tdk-cga1a2x7r1h221kt0ynn_C338115.html,"Capacitor 220pF 10% 50V X7R 0201 Automotive Grade MLCC (CGA Series), TDK CGA1A2X7R1H221KT0YNN (Flight, LCSC Extended)",capacitor 220pF 0201 tdk tdk cga flight general purpose,2394,0.0161
C 470pF 0201 16V X7R 10% TDK,470pF,C3868054,Extended,CGA1A2X7R1C471K030BA,TDK,TDK CGA,0201,10%,,16V,X7R,,,,,E24,Flight,General Purpose,Device:C,Capacitor_SMD:C_0201_0603Metric,https://wmsc.lcsc.com/wmsc/upload/file/pdf/v2/lcsc/2401221322_TDK-CGA1A2X7R1C471K030BA_C3868054.pdf,https://www.lcsc.com/product-detail/multilayer-ceramic-capacitors-mlcc-smd-smt_tdk-cga1a2x7r1c471k030ba_C3868054.html,"Capacitor 470pF 10% 16V X7R 0201 Automotive Grade MLCC (CGA Series), TDK CGA1A2X7R1C471K030BA (Flight, LCSC Extended)",capacitor 470pF 0201 tdk tdk cga flight general purpose,80,0.0884
C 470pF 0201 50V X7R 10% TDK,470pF,C694489,Extended,CGA1A2X7R1H471KT0YNN,TDK,TDK CGA,0201,10%,,50V,X7R,,,,,E24,Flight,General Purpose,Device:C,Capacitor_SMD:C_0201_0603Metric,https://wmsc.lcsc.com/wmsc/upload/file/pdf/v2/lcsc/2204151015_TDK-CGA1A2X7R1H471KT0YNN_C694489.pdf,https://www.lcsc.com/product-detail/multilayer-ceramic-capacitors-mlcc-smd-smt_tdk-cga1a2x7r1h471kt0ynn_C694489.html,"Capacitor 470pF 10% 50V X7R 0201 Automotive Grade MLCC (CGA Series), TDK CGA1A2X7R1H471KT0YNN (Flight, LCSC Extended)",capacitor 470pF 0201 tdk tdk cga flight general purpose,5172,0.0071
C 1nF 0201 16V X7R 10% TDK,1nF,C2168712,Extended,CGA1A2X7R1C102K030BA,TDK,TDK CGA,0201,10%,,16V,X7R,,,,,E24,Flight,General Purpose,Device:C,Capacitor_SMD:C_0201_0603Metric,https://wmsc.lcsc.com/wmsc/upload/file/pdf/v2/lcsc/2304140030_TDK-CGA1A2X7R1C102K030BA_C2168712.pdf,https://www.lcsc.com/product-detail/multilayer-ceramic-capacitors-mlcc-smd-smt_tdk-cga1a2x7r1c102k030ba_C2168712.html,"Capacitor 1nF 10% 16V X7R 0201 Automotive Grade MLCC (CGA Series), TDK CGA1A2X7R1C102K030BA (Flight, LCSC Extended)",capacitor 1nF 0201 tdk tdk cga flight general purpose,18,0.0937
C 1nF 0201 25V X7R 10% TDK,1nF,C445749,Extended,CGA1A2X7R1E102KT0YNN,TDK,TDK CGA,0201,10%,,25V,X7R,,,,,E24,Flight,General Purpose,Device:C,Capacitor_SMD:C_0201_0603Metric,https://wmsc.lcsc.com/wmsc/upload/file/pdf/v2/lcsc/2304140030_TDK-CGA1A2X7R1E102KT0YNN_C445749.pdf,https://www.lcsc.com/product-detail/multilayer-ceramic-capacitors-mlcc-smd-smt_tdk-cga1a2x7r1e102kt0ynn_C445749.html,"Capacitor 1nF 10% 25V X7R 0201 Automotive Grade MLCC (CGA Series), TDK CGA1A2X7R1E102KT0YNN (Flight, LCSC Extended)",capacitor 1nF 0201 tdk tdk cga flight general purpose,8671,0.0077
C 10nF 0201 10V X7R 10% TDK,10nF,C343028,Extended,CGA1A2X7R1A103KT0YNN,TDK,TDK CGA,0201,10%,,10V,X7R,,,,,E24,Flight,General Purpose,Device:C,Capacitor_SMD:C_0201_0603Metric,https://wmsc.lcsc.com/wmsc/upload/file/pdf/v2/lcsc/2208230930_TDK-CGA1A2X7R1A103KT0YNN_C343028.pdf,https://www.lcsc.com/product-detail/multilayer-ceramic-capacitors-mlcc-smd-smt_tdk-cga1a2x7r1a103kt0ynn_C343028.html,"Capacitor 10nF 10% 10V X7R 0201 Automotive Grade MLCC (CGA Series), TDK CGA1A2X7R1A103KT0YNN (Flight, LCSC Extended)",capacitor 10nF 0201 tdk tdk cga flight general purpose,548,0.0175
C 12pF 0402 50V C0G 5% TDK,12pF,C76700,Extended,CGA2B2C0G1H120JT0Y0F,TDK,TDK CGA,0402,5%,,50V,C0G,,,,,E24,Flight,General Purpose,Device:C,Capacitor_SMD:C_0402_1005Metric,https://wmsc.lcsc.com/wmsc/upload/file/pdf/v2/lcsc/2304140030_TDK-CGA2B2C0G1H120JT0Y0F_C76700.pdf,https://www.lcsc.com/product-detail/multilayer-ceramic-capacitors-mlcc-smd-smt_tdk-cga2b2c0g1h120jt0y0f_C76700.html,"Capacitor 12pF 5% 50V C0G 0402 Automotive Grade MLCC (CGA Series), TDK CGA2B2C0G1H120JT0Y0F (Flight, LCSC Extended)",capacitor 12pF 0402 tdk tdk cga flight general purpose,787,0.0102
C 15pF 0402 50V C0G 5% TDK,15pF,C338103,Extended,CGA2B2C0G1H150JT0Y0F,TDK,TDK CGA,0402,5%,,50V,C0G,,,,,E24,Flight,General Purpose,Device:C,Capacitor_SMD:C_0402_1005Metric,https://wmsc.lcsc.com/wmsc/upload/file/pdf/v2/lcsc/2304140030_TDK-CGA2B2C0G1H150JT0Y0F_C338103.pdf,https://www.lcsc.com/product-detail/multilayer-ceramic-capacitors-mlcc-smd-smt_tdk-cga2b2c0g1h150jt0y0f_C338103.html,"Capacitor 15pF 5% 50V C0G 0402 Automotive Grade MLCC (CGA Series), TDK CGA2B2C0G1H150JT0Y0F (Flight, LCSC Extended)",capacitor 15pF 0402 tdk tdk cga flight general purpose,8371,0.0083
C 18pF 0402 50V C0G 5% TDK,18pF,C76701,Extended,CGA2B2C0G1H180JT0Y0F,TDK,TDK CGA,0402,5%,,50V,C0G,,,,,E24,Flight,General Purpose,Device:C,Capacitor_SMD:C_0402_1005Metric,https://wmsc.lcsc.com/wmsc/upload/file/pdf/v2/lcsc/2304140030_TDK-CGA2B2C0G1H180JT0Y0F_C76701.pdf,https://www.lcsc.com/product-detail/multilayer-ceramic-capacitors-mlcc-smd-smt_tdk-cga2b2c0g1h180jt0y0f_C76701.html,"Capacitor 18pF 5% 50V C0G 0402 Automotive Grade MLCC (CGA Series), TDK CGA2B2C0G1H180JT0Y0F (Flight, LCSC Extended)",capacitor 18pF 0402 tdk tdk cga flight general purpose,341,0.0108
C 22pF 0402 50V C0G 5% TDK,22pF,C342943,Extended,CGA2B2C0G1H220JT0Y0F,TDK,TDK CGA,0402,5%,,50V,C0G,,,,,E24,Flight,General Purpose,Device:C,Capacitor_SMD:C_0402_1005Metric,https://wmsc.lcsc.com/wmsc/upload/file/pdf/v2/lcsc/2304140030_TDK-CGA2B2C0G1H220JT0Y0F_C342943.pdf,https://www.lcsc.com/product-detail/multilayer-ceramic-capacitors-mlcc-smd-smt_tdk-cga2b2c0g1h220jt0y0f_C342943.html,"Capacitor 22pF 5% 50V C0G 0402 Automotive Grade MLCC (CGA Series), TDK CGA2B2C0G1H220JT0Y0F (Flight, LCSC Extended)",capacitor 22pF 0402 tdk tdk cga flight general purpose,37014,0.0094
C 27pF 0402 50V C0G 5% TDK,27pF,C342944,Extended,CGA2B2C0G1H270JT0Y0F,TDK,TDK CGA,0402,5%,,50V,C0G,,,,,E24,Flight,General Purpose,Device:C,Capacitor_SMD:C_0402_1005Metric,https://wmsc.lcsc.com/wmsc/upload/file/pdf/v2/lcsc/2304140030_TDK-CGA2B2C0G1H270JT0Y0F_C342944.pdf,https://www.lcsc.com/product-detail/multilayer-ceramic-capacitors-mlcc-smd-smt_tdk-cga2b2c0g1h270jt0y0f_C342944.html,"Capacitor 27pF 5% 50V C0G 0402 Automotive Grade MLCC (CGA Series), TDK CGA2B2C0G1H270JT0Y0F (Flight, LCSC Extended)",capacitor 27pF 0402 tdk tdk cga flight general purpose,9039,0.0065
C 33pF 0402 50V C0G 5% TDK,33pF,C342945,Extended,CGA2B2C0G1H330JT0Y0F,TDK,TDK CGA,0402,5%,,50V,C0G,,,,,E24,Flight,General Purpose,Device:C,Capacitor_SMD:C_0402_1005Metric,https://wmsc.lcsc.com/wmsc/upload/file/pdf/v2/lcsc/2304140030_TDK-CGA2B2C0G1H330JT0Y0F_C342945.pdf,https://www.lcsc.com/product-detail/multilayer-ceramic-capacitors-mlcc-smd-smt_tdk-cga2b2c0g1h330jt0y0f_C342945.html,"Capacitor 33pF 5% 50V C0G 0402 Automotive Grade MLCC (CGA Series), TDK CGA2B2C0G1H330JT0Y0F (Flight, LCSC Extended)",capacitor 33pF 0402 tdk tdk cga flight general purpose,19033,0.0107
C 39pF 0402 50V C0G 5% TDK,39pF,C342946,Extended,CGA2B2C0G1H390JT0Y0F,TDK,TDK CGA,0402,5%,,50V,C0G,,,,,E24,Flight,General Purpose,Device:C,Capacitor_SMD:C_0402_1005Metric,https://wmsc.lcsc.com/wmsc/upload/file/pdf/v2/lcsc/2304140030_TDK-CGA2B2C0G1H390JT0Y0F_C342946.pdf,https://www.lcsc.com/product-detail/multilayer-ceramic-capacitors-mlcc-smd-smt_tdk-cga2b2c0g1h390jt0y0f_C342946.html,"Capacitor 39pF 5% 50V C0G 0402 Automotive Grade MLCC (CGA Series), TDK CGA2B2C0G1H390JT0Y0F (Flight, LCSC Extended)",capacitor 39pF 0402 tdk tdk cga flight general purpose,79,0.0081
C 47pF 0402 50V C0G 5% TDK,47pF,C432937,Extended,CGA2B2C0G1H470JT0Y0F,TDK,TDK CGA,0402,5%,,50V,C0G,,,,,E24,Flight,General Purpose,Device:C,Capacitor_SMD:C_0402_1005Metric,https://wmsc.lcsc.com/wmsc/upload/file/pdf/v2/lcsc/2304140030_TDK-CGA2B2C0G1H470JT0Y0F_C432937.pdf,https://www.lcsc.com/product-detail/multilayer-ceramic-capacitors-mlcc-smd-smt_tdk-cga2b2c0g1h470jt0y0f_C432937.html,"Capacitor 47pF 5% 50V C0G 0402 Automotive Grade MLCC (CGA Series), TDK CGA2B2C0G1H470JT0Y0F (Flight, LCSC Extended)",capacitor 47pF 0402 tdk tdk cga flight general purpose,4169,0.0149
C 56pF 0402 50V C0G 5% TDK,56pF,C342947,Extended,CGA2B2C0G1H560JT0Y0F,TDK,TDK CGA,0402,5%,,50V,C0G,,,,,E24,Flight,General Purpose,Device:C,Capacitor_SMD:C_0402_1005Metric,https://wmsc.lcsc.com/wmsc/upload/file/pdf/v2/lcsc/2304140030_TDK-CGA2B2C0G1H560JT0Y0F_C342947.pdf,https://www.lcsc.com/product-detail/multilayer-ceramic-capacitors-mlcc-smd-smt_tdk-cga2b2c0g1h560jt0y0f_C342947.html,"Capacitor 56pF 5% 50V C0G 0402 Automotive Grade MLCC (CGA Series), TDK CGA2B2C0G1H560JT0Y0F (Flight, LCSC Extended)",capacitor 56pF 0402 tdk tdk cga flight general purpose,9628,0.0109
C 68pF 0402 50V C0G 5% TDK,68pF,C342948,Extended,CGA2B2C0G1H680JT0Y0F,TDK,TDK CGA,0402,5%,,50V,C0G,,,,,E24,Flight,General Purpose,Device:C,Capacitor_SMD:C_0402_1005Metric,https://wmsc.lcsc.com/wmsc/upload/file/pdf/v2/lcsc/2304140030_TDK-CGA2B2C0G1H680JT0Y0F_C342948.pdf,https://www.lcsc.com/product-detail/multilayer-ceramic-capacitors-mlcc-smd-smt_tdk-cga2b2c0g1h680jt0y0f_C342948.html,"Capacitor 68pF 5% 50V C0G 0402 Automotive Grade MLCC (CGA Series), TDK CGA2B2C0G1H680JT0Y0F (Flight, LCSC Extended)",capacitor 68pF 0402 tdk tdk cga flight general purpose,1920,0.0066
C 68pF 0402 50V NP0 5% TDK,68pF,C694213,Extended,CGA2B2NP01H680JT0Y0F,TDK,TDK CGA,0402,5%,,50V,NP0,,,,,E24,Flight,General Purpose,Device:C,Capacitor_SMD:C_0402_1005Metric,https://wmsc.lcsc.com/wmsc/upload/file/pdf/v2/lcsc/2304140030_TDK-CGA2B2NP01H680JT0Y0F_C694213.pdf,https://www.lcsc.com/product-detail/multilayer-ceramic-capacitors-mlcc-smd-smt_tdk-cga2b2np01h680jt0y0f_C694213.html,"Capacitor 68pF 5% 50V NP0 0402 Automotive Grade MLCC (CGA Series), TDK CGA2B2NP01H680JT0Y0F (Flight, LCSC Extended)",capacitor 68pF 0402 tdk tdk cga flight general purpose,1070,0.0143
C 100pF 0402 100V C0G 5% TDK,100pF,C531423,Extended,CGA2B2C0G2A101JT0Y0F,TDK,TDK CGA,0402,5%,,100V,C0G,,,,,E24,Flight,General Purpose,Device:C,Capacitor_SMD:C_0402_1005Metric,https://product.tdk.com/en/system/files/dam/doc/product/capacitor/ceramic/mlcc/catalog/mlcc_automotive_general_en.pdf,https://www.lcsc.com/product-detail/multilayer-ceramic-capacitors-mlcc-smd-smt_tdk-cga2b2c0g2a101jt0y0f_C531423.html,"Capacitor 100pF 5% 100V C0G 0402 Automotive Grade MLCC (CGA Series), TDK CGA2B2C0G2A101JT0Y0F (Flight, LCSC Extended)",capacitor 100pF 0402 tdk tdk cga flight general purpose,8843,0.035
C 100pF 0402 100V NP0 5% TDK,100pF,C5139604,Extended,CGA2B2NP02A101JT0Y0F,TDK,TDK CGA,0402,5%,,100V,NP0,,,,,E24,Flight,General Purpose,Device:C,Capacitor_SMD:C_0402_1005Metric,https://wmsc.lcsc.com/wmsc/upload/file/pdf/v2/lcsc/2208240930_TDK-CGA2B2NP02A101JT0Y0F_C5139604.pdf,https://www.lcsc.com/product-detail/multilayer-ceramic-capacitors-mlcc-smd-smt_tdk-cga2b2np02a101jt0y0f_C5139604.html,"Capacitor 100pF 5% 100V NP0 0402 Automotive Grade MLCC (CGA Series), TDK CGA2B2NP02A101JT0Y0F (Flight, LCSC Extended)",capacitor 100pF 0402 tdk tdk cga flight general purpose,104,0.077
C 100pF 0402 50V C0G 5% TDK,100pF,C76699,Extended,CGA2B2C0G1H101JT0Y0F,TDK,TDK CGA,0402,5%,,50V,C0G,,,,,E24,Flight,General Purpose,Device:C,Capacitor_SMD:C_0402_1005Metric,https://wmsc.lcsc.com/wmsc/upload/file/pdf/v2/lcsc/2304140030_TDK-CGA2B2C0G1H101JT0Y0F_C76699.pdf,https://www.lcsc.com/product-detail/multilayer-ceramic-capacitors-mlcc-smd-smt_tdk-cga2b2c0g1h101jt0y0f_C76699.html,"Capacitor 100pF 5% 50V C0G 0402 Automotive Grade MLCC (CGA Series), TDK CGA2B2C0G1H101JT0Y0F (Flight, LCSC Extended)",capacitor 100pF 0402 tdk tdk cga flight general purpose,27126,0.0184
C 120pF 0402 50V C0G 5% TDK,120pF,C695379,Extended,CGA2B2C0G1H121JT0Y0F,TDK,TDK CGA,0402,5%,,50V,C0G,,,,,E24,Flight,General Purpose,Device:C,Capacitor_SMD:C_0402_1005Metric,https://wmsc.lcsc.com/wmsc/upload/file/pdf/v2/lcsc/2304140030_TDK-CGA2B2C0G1H121JT0Y0F_C695379.pdf,https://www.lcsc.com/product-detail/multilayer-ceramic-capacitors-mlcc-smd-smt_tdk-cga2b2c0g1h121jt0y0f_C695379.html,"Capacitor 120pF 5% 50V C0G 0402 Automotive Grade MLCC (CGA Series), TDK CGA2B2C0G1H121JT0Y0F (Flight, LCSC Extended)",capacitor 120pF 0402 tdk tdk cga flight general purpose,17,0.0126
C 150pF 0402 50V C0G 5% TDK,150pF,C343061,Extended,CGA2B2C0G1H151JT0Y0F,TDK,TDK CGA,0402,5%,,50V,C0G,,,,,E24,Flight,General Purpose,Device:C,Capacitor_SMD:C_0402_1005Metric,https://wmsc.lcsc.com/wmsc/upload/file/pdf/v2/lcsc/2208230930_TDK-CGA2B2C0G1H151JT0Y0F_C343061.pdf,https://www.lcsc.com/product-detail/multilayer-ceramic-capacitors-mlcc-smd-smt_tdk-cga2b2c0g1h151jt0y0f_C343061.html,"Capacitor 150pF 5% 50V C0G 0402 Automotive Grade MLCC (CGA Series), TDK CGA2B2C0G1H151JT0Y0F (Flight, LCSC Extended)",capacitor 150pF 0402 tdk tdk cga flight general purpose,10,0.0267
C 220pF 0402 100V X8R 10% TDK,220pF,C2176993,Extended,CGA2B2X8R2A221K050BA,TDK,TDK CGA,0402,10%,,100V,X8R,,,,,E24,Flight,General Purpose,Device:C,Capacitor_SMD:C_0402_1005Metric,https://wmsc.lcsc.com/wmsc/upload/file/pdf/v2/lcsc/2304140030_TDK-CGA2B2X8R2A221K050BA_C2176993.pdf,https://www.lcsc.com/product-detail/multilayer-ceramic-capacitors-mlcc-smd-smt_tdk-cga2b2x8r2a221k050ba_C2176993.html,"Capacitor 220pF 10% 100V X8R 0402 Automotive Grade MLCC (CGA Series), TDK CGA2B2X8R2A221K050BA (Flight, LCSC Extended)",capacitor 220pF 0402 tdk tdk cga flight general purpose,4,0.0269
C 220pF 0402 50V C0G 5% TDK,220pF,C343058,Extended,CGA2B2C0G1H221JT0Y0F,TDK,TDK CGA,0402,5%,,50V,C0G,,,,,E24,Flight,General Purpose,Device:C,Capacitor_SMD:C_0402_1005Metric,https://wmsc.lcsc.com/wmsc/upload/file/pdf/v2/lcsc/2205121145_TDK-CGA2B2C0G1H221JT0Y0F_C343058.pdf,https://www.lcsc.com/product-detail/multilayer-ceramic-capacitors-mlcc-smd-smt_tdk-cga2b2c0g1h221jt0y0f_C343058.html,"Capacitor 220pF 5% 50V C0G 0402 Automotive Grade MLCC (CGA Series), TDK CGA2B2C0G1H221JT0Y0F (Flight, LCSC Extended)",capacitor 220pF 0402 tdk tdk cga flight general purpose,12726,0.0175
C 270pF 0402 50V C0G 5% TDK,270pF,C695156,Extended,CGA2B2C0G1H271JT0Y0F,TDK,TDK CGA,0402,5%,,50V,C0G,,,,,E24,Flight,General Purpose,Device:C,Capacitor_SMD:C_0402_1005Metric,https://wmsc.lcsc.com/wmsc/upload/file/pdf/v2/lcsc/2008101534_TDK-CGA2B2C0G1H271JT0Y0F_C695156.pdf,https://www.lcsc.com/product-detail/multilayer-ceramic-capacitors-mlcc-smd-smt_tdk-cga2b2c0g1h271jt0y0f_C695156.html,"Capacitor 270pF 5% 50V C0G 0402 Automotive Grade MLCC (CGA Series), TDK CGA2B2C0G1H271JT0Y0F (Flight, LCSC Extended)",capacitor 270pF 0402 tdk tdk cga flight general purpose,5956,0.0129
C 330pF 0402 50V X7R 10% TDK,330pF,C343062,Extended,CGA2B2X7R1H331KT0Y0F,TDK,TDK CGA,0402,10%,,50V,X7R,,,,,E24,Flight,General Purpose,Device:C,Capacitor_SMD:C_0402_1005Metric,https://product.tdk.com/en/system/files/dam/doc/product/capacitor/ceramic/mlcc/catalog/mlcc_automotive_general_en.pdf,https://www.lcsc.com/product-detail/pre-ordered products_tdk_cga2b2x7r1h331kt0y0f_C343062.html,"Capacitor 330pF 10% 50V X7R 0402 Automotive Grade MLCC (CGA Series), TDK CGA2B2X7R1H331KT0Y0F (Flight, LCSC Extended)",capacitor 330pF 0402 tdk tdk cga flight general purpose,4852,0.0036
C 330pF 0402 100V C0G 5% TDK,330pF,C5139514,Extended,CGA2B2C0G2A331JT0Y0F,TDK,TDK CGA,0402,5%,,100V,C0G,,,,,E24,Flight,General Purpose,Device:C,Capacitor_SMD:C_0402_1005Metric,https://wmsc.lcsc.com/wmsc/upload/file/pdf/v2/lcsc/2208240930_TDK-CGA2B2C0G2A331JT0Y0F_C5139514.pdf,https://www.lcsc.com/product-detail/multilayer-ceramic-capacitors-mlcc-smd-smt_tdk-cga2b2c0g2a331jt0y0f_C5139514.html,"Capacitor 330pF 5% 100V C0G 0402 Automotive Grade MLCC (CGA Series), TDK CGA2B2C0G2A331JT0Y0F (Flight, LCSC Extended)",capacitor 330pF 0402 tdk tdk cga flight general purpose,13973,0.0459
C 330pF 0402 50V C0G 5% TDK,330pF,C343057,Extended,CGA2B2C0G1H331JT0Y0F,TDK,TDK CGA,0402,5%,,50V,C0G,,,,,E24,Flight,General Purpose,Device:C,Capacitor_SMD:C_0402_1005Metric,https://wmsc.lcsc.com/wmsc/upload/file/pdf/v2/lcsc/2304140030_TDK-CGA2B2C0G1H331JT0Y0F_C343057.pdf,https://www.lcsc.com/product-detail/multilayer-ceramic-capacitors-mlcc-smd-smt_tdk-cga2b2c0g1h331jt0y0f_C343057.html,"Capacitor 330pF 5% 50V C0G 0402 Automotive Grade MLCC (CGA Series), TDK CGA2B2C0G1H331JT0Y0F (Flight, LCSC Extended)",capacitor 330pF 0402 tdk tdk cga flight general purpose,15,0.0141
C 390pF 0402 50V C0G 5% TDK,390pF,C445767,Extended,CGA2B2C0G1H391JT0Y0F,TDK,TDK CGA,0402,5%,,50V,C0G,,,,,E24,Flight,General Purpose,Device:C,Capacitor_SMD:C_0402_1005Metric,https://wmsc.lcsc.com/wmsc/upload/file/pdf/v2/lcsc/2304140030_TDK-CGA2B2C0G1H391JT0Y0F_C445767.pdf,https://www.lcsc.com/product-detail/multilayer-ceramic-capacitors-mlcc-smd-smt_tdk-cga2b2c0g1h391jt0y0f_C445767.html,"Capacitor 390pF 5% 50V C0G 0402 Automotive Grade MLCC (CGA Series), TDK CGA2B2C0G1H391JT0Y0F (Flight, LCSC Extended)",capacitor 390pF 0402 tdk tdk cga flight general purpose,7299,0.0136
C 470pF 0402 50V X7R 10% TDK,470pF,C342932,Extended,CGA2B2X7R1H471KT0Y0F,TDK,TDK CGA,0402,10%,,50V,X7R,,,,,E24,Flight,General Purpose,Device:C,Capacitor_SMD:C_0402_1005Metric,https://wmsc.lcsc.com/wmsc/upload/file/pdf/v2/lcsc/2304140030_TDK-CGA2B2X7R1H471KT0Y0F_C342932.pdf,https://www.lcsc.com/product-detail/multilayer-ceramic-capacitors-mlcc-smd-smt_tdk-cga2b2x7r1h471kt0y0f_C342932.html,"Capacitor 470pF 10% 50V X7R 0402 Automotive Grade MLCC (CGA Series), TDK CGA2B2X7R1H471KT0Y0F (Flight, LCSC Extended)",capacitor 470pF 0402 tdk tdk cga flight general purpose,7738,0.0084
C 470pF 0402 100V NP0 5% TDK,470pF,C5139617,Extended,CGA2B2NP02A471JT0Y0F,TDK,TDK CGA,0402,5%,,100V,NP0,,,,,E24,Flight,General Purpose,Device:C,Capacitor_SMD:C_0402_1005Metric,https://wmsc.lcsc.com/wmsc/upload/file/pdf/v2/lcsc/2208240930_TDK-CGA2B2NP02A471JT0Y0F_C5139617.pdf,https://www.lcsc.com/product-detail/multilayer-ceramic-capacitors-mlcc-smd-smt_tdk-cga2b2np02a471jt0y0f_C5139617.html,"Capacitor 470pF 5% 100V NP0 0402 Automotive Grade MLCC (CGA Series), TDK CGA2B2NP02A471JT0Y0F (Flight, LCSC Extended)",capacitor 470pF 0402 tdk tdk cga flight general purpose,3,0.049
C 470pF 0402 50V C0G 5% TDK,470pF,C445766,Extended,CGA2B2C0G1H471JT0Y0F,TDK,TDK CGA,0402,5%,,50V,C0G,,,,,E24,Flight,General Purpose,Device:C,Capacitor_SMD:C_0402_1005Metric,https://wmsc.lcsc.com/wmsc/upload/file/pdf/v2/lcsc/2304140030_TDK-CGA2B2C0G1H471JT0Y0F_C445766.pdf,https://www.lcsc.com/product-detail/multilayer-ceramic-capacitors-mlcc-smd-smt_tdk-cga2b2c0g1h471jt0y0f_C445766.html,"Capacitor 470pF 5% 50V C0G 0402 Automotive Grade MLCC (CGA Series), TDK CGA2B2C0G1H471JT0Y0F (Flight, LCSC Extended)",capacitor 470pF 0402 tdk tdk cga flight general purpose,3008,0.0116
C 680pF 0402 100V C0G 5% TDK,680pF,C880689,Extended,CGA2B1C0G2A681JT0Y0S,TDK,TDK CGA,0402,5%,,100V,C0G,,,,,E24,Flight,General Purpose,Device:C,Capacitor_SMD:C_0402_1005Metric,https://wmsc.lcsc.com/wmsc/upload/file/pdf/v2/lcsc/2304140030_TDK-CGA2B1C0G2A681JT0Y0S_C880689.pdf,https://www.lcsc.com/product-detail/multilayer-ceramic-capacitors-mlcc-smd-smt_tdk-cga2b1c0g2a681jt0y0s_C880689.html,"Capacitor 680pF 5% 100V C0G 0402 Automotive Grade MLCC (CGA Series), TDK CGA2B1C0G2A681JT0Y0S (Flight, LCSC Extended)",capacitor 680pF 0402 tdk tdk cga flight general purpose,1385,0.0903
C 680pF 0402 50V C0G 5% TDK,680pF,C338094,Extended,CGA2B2C0G1H681JT0Y0F,TDK,TDK CGA,0402,5%,,50V,C0G,,,,,E24,Flight,General Purpose,Device:C,Capacitor_SMD:C_0402_1005Metric,https://wmsc.lcsc.com/wmsc/upload/file/pdf/v2/lcsc/2304140030_TDK-CGA2B2C0G1H681JT0Y0F_C338094.pdf,https://www.lcsc.com/product-detail/multilayer-ceramic-capacitors-mlcc-smd-smt_tdk-cga2b2c0g1h681jt0y0f_C338094.html,"Capacitor 680pF 5% 50V C0G 0402 Automotive Grade MLCC (CGA Series), TDK CGA2B2C0G1H681JT0Y0F (Flight, LCSC Extended)",capacitor 680pF 0402 tdk tdk cga flight general purpose,4111,0.0215
C 820pF 0402 50V C0G 5% TDK,820pF,C695380,Extended,CGA2B2C0G1H821JT0Y0F,TDK,TDK CGA,0402,5%,,50V,C0G,,,,,E24,Flight,General Purpose,Device:C,Capacitor_SMD:C_0402_1005Metric,https://wmsc.lcsc.com/wmsc/upload/file/pdf/v2/lcsc/2304140030_TDK-CGA2B2C0G1H821JT0Y0F_C695380.pdf,https://www.lcsc.com/product-detail/multilayer-ceramic-capacitors-mlcc-smd-smt_tdk-cga2b2c0g1h821jt0y0f_C695380.html,"Capacitor 820pF 5% 50V C0G 0402 Automotive Grade MLCC (CGA Series), TDK CGA2B2C0G1H821JT0Y0F (Flight, LCSC Extended)",capacitor 820pF 0402 tdk tdk cga flight general purpose,3,0.0245
C 1nF 0402 100V X8R 10% TDK,1nF,C5139522,Extended,CGA2B2X8R2A102KT0Y0M,TDK,TDK CGA,0402,10%,,100V,X8R,,,,,E24,Flight,General Purpose,Device:C,Capacitor_SMD:C_0402_1005Metric,https://wmsc.lcsc.com/wmsc/upload/file/pdf/v2/lcsc/2208240930_TDK-CGA2B2X8R2A102KT0Y0M_C5139522.pdf,https://www.lcsc.com/product-detail/multilayer-ceramic-capacitors-mlcc-smd-smt_tdk-cga2b2x8r2a102kt0y0m_C5139522.html,"Capacitor 1nF 10% 100V X8R 0402 Automotive Grade MLCC (CGA Series), TDK CGA2B2X8R2A102KT0Y0M (Flight, LCSC Extended)",capacitor 1nF 0402 tdk tdk cga flight general purpose,213,0.0534
C 1nF 0402 100V X7S 10% TDK,1nF,C445751,Extended,CGA2B3X7S2A102KT0Y0F,TDK,TDK CGA,0402,10%,,100V,X7S,,,,,E24,Flight,General Purpose,Device:C,Capacitor_SMD:C_0402_1005Metric,https://wmsc.lcsc.com/wmsc/upload/file/pdf/v2/lcsc/2304140030_TDK-CGA2B3X7S2A102KT0Y0F_C445751.pdf,https://www.lcsc.com/product-detail/multilayer-ceramic-capacitors-mlcc-smd-smt_tdk-cga2b3x7s2a102kt0y0f_C445751.html,"Capacitor 1nF 10% 100V X7S 0402 Automotive Grade MLCC (CGA Series), TDK CGA2B3X7S2A102KT0Y0F (Flight, LCSC Extended)",capacitor 1nF 0402 tdk tdk cga flight general purpose,3201,0.021
C 1nF 0402 50V X7R 10% TDK,1nF,C76704,Extended,CGA2B2X7R1H102KT0Y0F,TDK,TDK CGA,0402,10%,,50V,X7R,,,,,E24,Flight,General Purpose,Device:C,Capacitor_SMD:C_0402_1005Metric,https://wmsc.lcsc.com/wmsc/upload/file/pdf/v2/lcsc/2304140030_TDK-CGA2B2X7R1H102KT0Y0F_C76704.pdf,https://www.lcsc.com/product-detail/multilayer-ceramic-capacitors-mlcc-smd-smt_tdk-cga2b2x7r1h102kt0y0f_C76704.html,"Capacitor 1nF 10% 50V X7R 0402 Automotive Grade MLCC (CGA Series), TDK CGA2B2X7R1H102KT0Y0F (Flight, LCSC Extended)",capacitor 1nF 0402 tdk tdk cga flight general purpose,6764,0.0129
C 1nF 0402 100V C0G 5% TDK,1nF,C193129,Extended,CGA2B1C0G2A102J050BC,TDK,TDK CGA,0402,5%,,100V,C0G,,,,,E24,Flight,General Purpose,Device:C,Capacitor_SMD:C_0402_1005Metric,https://www.lcsc.com/datasheet/lcsc_datasheet_2304140030_TDK-CGA2B1C0G2A102J050BC_C193129.pdf,https://www.lcsc.com/product-detail/multilayer-ceramic-capacitors-mlcc-smd-smt_tdk-cga2b1c0g2a102j050bc_C193129.html,"Capacitor 1nF 5% 100V C0G 0402 Automotive Grade MLCC (CGA Series), TDK CGA2B1C0G2A102J050BC (Flight, LCSC Extended)",capacitor 1nF 0402 tdk tdk cga flight general purpose,2,0.0859
C 1nF 0402 50V C0G 5% TDK,1nF,C338101,Extended,CGA2B2C0G1H102JT0Y0F,TDK,TDK CGA,0402,5%,,50V,C0G,,,,,E24,Flight,General Purpose,Device:C,Capacitor_SMD:C_0402_1005Metric,https://wmsc.lcsc.com/wmsc/upload/file/pdf/v2/lcsc/2304140030_TDK-CGA2B2C0G1H102JT0Y0F_C338101.pdf,https://www.lcsc.com/product-detail/multilayer-ceramic-capacitors-mlcc-smd-smt_tdk-cga2b2c0g1h102jt0y0f_C338101.html,"Capacitor 1nF 5% 50V C0G 0402 Automotive Grade MLCC (CGA Series), TDK CGA2B2C0G1H102JT0Y0F (Flight, LCSC Extended)",capacitor 1nF 0402 tdk tdk cga flight general purpose,5963,0.015
C 1.5nF 0402 50V X7R 10% TDK,1.5nF,C694215,Extended,CGA2B2X7R1H152KT0Y0F,TDK,TDK CGA,0402,10%,,50V,X7R,,,,,E24,Flight,General Purpose,Device:C,Capacitor_SMD:C_0402_1005Metric,https://wmsc.lcsc.com/wmsc/upload/file/pdf/v2/lcsc/2304140030_TDK-CGA2B2X7R1H152KT0Y0F_C694215.pdf,https://www.lcsc.com/product-detail/multilayer-ceramic-capacitors-mlcc-smd-smt_tdk-cga2b2x7r1h152kt0y0f_C694215.html,"Capacitor 1.5nF 10% 50V X7R 0402 Automotive Grade MLCC (CGA Series), TDK CGA2B2X7R1H152KT0Y0F (Flight, LCSC Extended)",capacitor 1.5nF 0402 tdk tdk cga flight general purpose,30,0.0068
C 2.2nF 0402 50V X7R 10% TDK,2.2nF,C338081,Extended,CGA2B2X7R1H222KT0Y0F,TDK,TDK CGA,0402,10%,,50V,X7R,,,,,E24,Flight,General Purpose,Device:C,Capacitor_SMD:C_0402_1005Metric,https://wmsc.lcsc.com/wmsc/upload/file/pdf/v2/lcsc/2304140030_TDK-CGA2B2X7R1H222KT0Y0F_C338081.pdf,https://www.lcsc.com/product-detail/multilayer-ceramic-capacitors-mlcc-smd-smt_tdk-cga2b2x7r1h222kt0y0f_C338081.html,"Capacitor 2.2nF 10% 50V X7R 0402 Automotive Grade MLCC (CGA Series), TDK CGA2B2X7R1H222KT0Y0F (Flight, LCSC Extended)",capacitor 2.2nF 0402 tdk tdk cga flight general purpose,23,0.0125
C 3.3nF 0402 50V X7R 10% TDK,3.3nF,C338095,Extended,CGA2B2X7R1H332KT0Y0F,TDK,TDK CGA,0402,10%,,50V,X7R,,,,,E24,Flight,General Purpose,Device:C,Capacitor_SMD:C_0402_1005Metric,https://wmsc.lcsc.com/wmsc/upload/file/pdf/v2/lcsc/2304140030_TDK-CGA2B2X7R1H332KT0Y0F_C338095.pdf,https://www.lcsc.com/product-detail/multilayer-ceramic-capacitors-mlcc-smd-smt_tdk-cga2b2x7r1h332kt0y0f_C338095.html,"Capacitor 3.3nF 10% 50V X7R 0402 Automotive Grade MLCC (CGA Series), TDK CGA2B2X7R1H332KT0Y0F (Flight, LCSC Extended)",capacitor 3.3nF 0402 tdk tdk cga flight general purpose,5978,0.0067
C 4.7nF 0402 50V X7R 10% TDK,4.7nF,C694216,Extended,CGA2B2X7R1H472KT0Y0S,TDK,TDK CGA,0402,10%,,50V,X7R,,,,,E24,Flight,General Purpose,Device:C,Capacitor_SMD:C_0402_1005Metric,https://wmsc.lcsc.com/wmsc/upload/file/pdf/v2/lcsc/2304140030_TDK-CGA2B2X7R1H472KT0Y0S_C694216.pdf,https://www.lcsc.com/product-detail/multilayer-ceramic-capacitors-mlcc-smd-smt_tdk-cga2b2x7r1h472kt0y0s_C694216.html,"Capacitor 4.7nF 10% 50V X7R 0402 Automotive Grade MLCC (CGA Series), TDK CGA2B2X7R1H472KT0Y0S (Flight, LCSC Extended)",capacitor 4.7nF 0402 tdk tdk cga flight general purpose,62,0.022
C 6.8nF 0402 50V X7R 10% TDK,6.8nF,C445768,Extended,CGA2B2X7R1H682KT0Y0F,TDK,TDK CGA,0402,10%,,50V,X7R,,,,,E24,Flight,General Purpose,Device:C,Capacitor_SMD:C_0402_1005Metric,https://wmsc.lcsc.com/wmsc/upload/file/pdf/v2/lcsc/2304140030_TDK-CGA2B2X7R1H682KT0Y0F_C445768.pdf,https://www.lcsc.com/product-detail/multilayer-ceramic-capacitors-mlcc-smd-smt_tdk-cga2b2x7r1h682kt0y0f_C445768.html,"Capacitor 6.8nF 10% 50V X7R 0402 Automotive Grade MLCC (CGA Series), TDK CGA2B2X7R1H682KT0Y0F (Flight, LCSC Extended)",capacitor 6.8nF 0402 tdk tdk cga flight general purpose,6,0.0127
C 10nF 0402 25V X7R 10% TDK,10nF,C76702,Extended,CGA2B2X7R1E103KT0Y0F,TDK,TDK CGA,0402,10%,,25V,X7R,,,,,E24,Flight,General Purpose,Device:C,Capacitor_SMD:C_0402_1005Metric,https://wmsc.lcsc.com/wmsc/upload/file/pdf/v2/lcsc/2304140030_TDK-CGA2B2X7R1E103KT0Y0F_C76702.pdf,https://www.lcsc.com/product-detail/multilayer-ceramic-capacitors-mlcc-smd-smt_tdk-cga2b2x7r1e103kt0y0f_C76702.html,"Capacitor 10nF 10% 25V X7R 0402 Automotive Grade MLCC (CGA Series), TDK CGA2B2X7R1E103KT0Y0F (Flight, LCSC Extended)",capacitor 10nF 0402 tdk tdk cga flight general purpose,51480,0.0082
C 10nF 0402 50V X7R 10% TDK,10nF,C76705,Extended,CGA2B3X7R1H103KT0Y0F,TDK,TDK CGA,0402,10%,,50V,X7R,,,,,E24,Flight,General Purpose,Device:C,Capacitor_SMD:C_0402_1005Metric,https://wmsc.lcsc.com/wmsc/upload/file/pdf/v2/lcsc/2304140030_TDK-CGA2B3X7R1H103KT0Y0F_C76705.pdf,https://www.lcsc.com/product-detail/multilayer-ceramic-capacitors-mlcc-smd-smt_tdk-cga2b3x7r1h103kt0y0f_C76705.html,"Capacitor 10nF 10% 50V X7R 0402 Automotive Grade MLCC (CGA Series), TDK CGA2B3X7R1H103KT0Y0F (Flight, LCSC Extended)",capacitor 10nF 0402 tdk tdk cga flight general purpose,977,0.0139
C 10nF 0402 50V X8R 10% TDK,10nF,C694493,Extended,CGA2B3X8R1H103KT0Y0M,TDK,TDK CGA,0402,10%,,50V,X8R,,,,,E24,Flight,General Purpose,Device:C,Capacitor_SMD:C_0402_1005Metric,https://wmsc.lcsc.com/wmsc/upload/file/pdf/v2/lcsc/2304140030_TDK-CGA2B3X8R1H103KT0Y0M_C694493.pdf,https://www.lcsc.com/product-detail/multilayer-ceramic-capacitors-mlcc-smd-smt_tdk-cga2b3x8r1h103kt0y0m_C694493.html,"Capacitor 10nF 10% 50V X8R 0402 Automotive Grade MLCC (CGA Series), TDK CGA2B3X8R1H103KT0Y0M (Flight, LCSC Extended)",capacitor 10nF 0402 tdk tdk cga flight general purpose,10538,0.057
C 10nF 0402 100V X7S 20% TDK,10nF,C2176826,Extended,CGA2B3X7S2A103M050BB,TDK,TDK CGA,0402,20%,,100V,X7S,,,,,E24,Flight,General Purpose,Device:C,Capacitor_SMD:C_0402_1005Metric,https://wmsc.lcsc.com/wmsc/upload/file/pdf/v2/lcsc/2304140030_TDK-CGA2B3X7S2A103M050BB_C2176826.pdf,https://www.lcsc.com/product-detail/multilayer-ceramic-capacitors-mlcc-smd-smt_tdk-cga2b3x7s2a103m050bb_C2176826.html,"Capacitor 10nF 20% 100V X7S 0402 Automotive Grade MLCC (CGA Series), TDK CGA2B3X7S2A103M050BB (Flight, LCSC Extended)",capacitor 10nF 0402 tdk tdk cga flight general purpose,5,0.1663
C 15nF 0402 50V X7R 10% TDK,15nF,C343049,Extended,CGA2B3X7R1H153KT0Y0F,TDK,TDK CGA,0402,10%,,50V,X7R,,,,,E24,Flight,General Purpose,Device:C,Capacitor_SMD:C_0402_1005Metric,https://wmsc.lcsc.com/wmsc/upload/file/pdf/v2/lcsc/2204151015_TDK-CGA2B3X7R1H153KT0Y0F_C343049.pdf,https://www.lcsc.com/product-detail/multilayer-ceramic-capacitors-mlcc-smd-smt_tdk-cga2b3x7r1h153kt0y0f_C343049.html,"Capacitor 15nF 10% 50V X7R 0402 Automotive Grade MLCC (CGA Series), TDK CGA2B3X7R1H153KT0Y0F (Flight, LCSC Extended)",capacitor 15nF 0402 tdk tdk cga flight general purpose,6,0.0248
C 22nF 0402 25V X7R 10% TDK,22nF,C76703,Extended,CGA2B2X7R1E223KT0Y0F,TDK,TDK CGA,0402,10%,,25V,X7R,,,,,E24,Flight,General Purpose,Device:C,Capacitor_SMD:C_0402_1005Metric,https://wmsc.lcsc.com/wmsc/upload/file/pdf/v2/lcsc/2304140030_TDK-CGA2B2X7R1E223KT0Y0F_C76703.pdf,https://www.lcsc.com/product-detail/multilayer-ceramic-capacitors-mlcc-smd-smt_tdk-cga2b2x7r1e223kt0y0f_C76703.html,"Capacitor 22nF 10% 25V X7R 0402 Automotive Grade MLCC (CGA Series), TDK CGA2B2X7R1E223KT0Y0F (Flight, LCSC Extended)",capacitor 22nF 0402 tdk tdk cga flight general purpose,29315,0.0123
C 22nF 0402 50V X7R 10% TDK,22nF,C343052,Extended,CGA2B3X7R1H223KT0Y0F,TDK,TDK CGA,0402,10%,,50V,X7R,,,,,E24,Flight,General Purpose,Device:C,Capacitor_SMD:C_0402_1005Metric,https://wmsc.lcsc.com/wmsc/upload/file/pdf/v2/lcsc/2108132230_TDK-CGA2B3X7R1H223KT0Y0F_C343052.pdf,https://www.lcsc.com/product-detail/multilayer-ceramic-capacitors-mlcc-smd-smt_tdk-cga2b3x7r1h223kt0y0f_C343052.html,"Capacitor 22nF 10% 50V X7R 0402 Automotive Grade MLCC (CGA Series), TDK CGA2B3X7R1H223KT0Y0F (Flight, LCSC Extended)",capacitor 22nF 0402 tdk tdk cga flight general purpose,764,0.0071
C 33nF 0402 16V X7R 10% TDK,33nF,C2176392,Extended,CGA2B2X7R1C333K050BA,TDK,TDK CGA,0402,10%,,16V,X7R,,,,,E24,Flight,General Purpose,Device:C,Capacitor_SMD:C_0402_1005Metric,https://wmsc.lcsc.com/wmsc/upload/file/pdf/v2/lcsc/2304140030_TDK-CGA2B2X7R1C333K050BA_C2176392.pdf,https://www.lcsc.com/product-detail/multilayer-ceramic-capacitors-mlcc-smd-smt_tdk-cga2b2x7r1c333k050ba_C2176392.html,"Capacitor 33nF 10% 16V X7R 0402 Automotive Grade MLCC (CGA Series), TDK CGA2B2X7R1C333K050BA (Flight, LCSC Extended)",capacitor 33nF 0402 tdk tdk cga flight general purpose,4,0.0638
C 33nF 0402 25V X7R 10% TDK,33nF,C343053,Extended,CGA2B1X7R1E333KT0Y0F,TDK,TDK CGA,0402,10%,,25V,X7R,,,,,E24,Flight,General Purpose,Device:C,Capacitor_SMD:C_0402_1005Metric,https://wmsc.lcsc.com/wmsc/upload/file/pdf/v2/lcsc/2109091030_TDK-CGA2B1X7R1E333KT0Y0F_C343053.pdf,https://www.lcsc.com/product-detail/multilayer-ceramic-capacitors-mlcc-smd-smt_tdk-cga2b1x7r1e333kt0y0f_C343053.html,"Capacitor 33nF 10% 25V X7R 0402 Automotive Grade MLCC (CGA Series), TDK CGA2B1X7R1E333KT0Y0F (Flight, LCSC Extended)",capacitor 33nF 0402 tdk tdk cga flight general purpose,10,0.0072
C 33nF 0402 50V X7R 10% TDK,33nF,C343050,Extended,CGA2B3X7R1H333KT0Y0F,TDK,TDK CGA,0402,10%,,50V,X7R,,,,,E24,Flight,General Purpose,Device:C,Capacitor_SMD:C_0402_1005Metric,https://wmsc.lcsc.com/wmsc/upload/file/pdf/v2/lcsc/2304140030_TDK-CGA2B3X7R1H333KT0Y0F_C343050.pdf,https://www.lcsc.com/product-detail/multilayer-ceramic-capacitors-mlcc-smd-smt_tdk-cga2b3x7r1h333kt0y0f_C343050.html,"Capacitor 33nF 10% 50V X7R 0402 Automotive Grade MLCC (CGA Series), TDK CGA2B3X7R1H333KT0Y0F (Flight, LCSC Extended)",capacitor 33nF 0402 tdk tdk cga flight general purpose,346,0.0085
C 47nF 0402 16V X5R 10% TDK,47nF,C5139590,Extended,CGA2B2X5R1C473KT0Y0F,TDK,TDK CGA,0402,10%,,16V,X5R,,,,,E24,Flight,General Purpose,Device:C,Capacitor_SMD:C_0402_1005Metric,https://wmsc.lcsc.com/wmsc/upload/file/pdf/v2/lcsc/2208240930_TDK-CGA2B2X5R1C473KT0Y0F_C5139590.pdf,https://www.lcsc.com/product-detail/multilayer-ceramic-capacitors-mlcc-smd-smt_tdk-cga2b2x5r1c473kt0y0f_C5139590.html,"Capacitor 47nF 10% 16V X5R 0402 Automotive Grade MLCC (CGA Series), TDK CGA2B2X5R1C473KT0Y0F (Flight, LCSC Extended)",capacitor 47nF 0402 tdk tdk cga flight general purpose,7528,0.0362
C 47nF 0402 16V X7R 10% TDK,47nF,C508865,Extended,CGA2B2X7R1C473KT0Y0F,TDK,TDK CGA,0402,10%,,16V,X7R,,,,,E24,Flight,General Purpose,Device:C,Capacitor_SMD:C_0402_1005Metric,https://wmsc.lcsc.com/wmsc/upload/file/pdf/v2/lcsc/2304140030_TDK-CGA2B2X7R1C473KT0Y0F_C508865.pdf,https://www.lcsc.com/product-detail/multilayer-ceramic-capacitors-mlcc-smd-smt_tdk-cga2b2x7r1c473kt0y0f_C508865.html,"Capacitor 47nF 10% 16V X7R 0402 Automotive Grade MLCC (CGA Series), TDK CGA2B2X7R1C473KT0Y0F (Flight, LCSC Extended)",capacitor 47nF 0402 tdk tdk cga flight general purpose,9614,0.0073
C 47nF 0402 25V X7R 10% TDK,47nF,C343056,Extended,CGA2B1X7R1E473KT0Y0F,TDK,TDK CGA,0402,10%,,25V,X7R,,,,,E24,Flight,General Purpose,Device:C,Capacitor_SMD:C_0402_1005Metric,https://wmsc.lcsc.com/wmsc/upload/file/pdf/v2/lcsc/2304140030_TDK-CGA2B1X7R1E473KT0Y0F_C343056.pdf,https://www.lcsc.com/product-detail/multilayer-ceramic-capacitors-mlcc-smd-smt_tdk-cga2b1x7r1e473kt0y0f_C343056.html,"Capacitor 47nF 10% 25V X7R 0402 Automotive Grade MLCC (CGA Series), TDK CGA2B1X7R1E473KT0Y0F (Flight, LCSC Extended)",capacitor 47nF 0402 tdk tdk cga flight general purpose,13,0.0129
C 47nF 0402 50V X7R 10% TDK,47nF,C343051,Extended,CGA2B3X7R1H473KT0Y0F,TDK,TDK CGA,0402,10%,,50V,X7R,,,,,E24,Flight,General Purpose,Device:C,Capacitor_SMD:C_0402_1005Metric,https://wmsc.lcsc.com/wmsc/upload/file/pdf/v2/lcsc/2304140030_TDK-CGA2B3X7R1H473KT0Y0F_C343051.pdf,https://www.lcsc.com/product-detail/multilayer-ceramic-capacitors-mlcc-smd-smt_tdk-cga2b3x7r1h473kt0y0f_C343051.html,"Capacitor 47nF 10% 50V X7R 0402 Automotive Grade MLCC (CGA Series), TDK CGA2B3X7R1H473KT0Y0F (Flight, LCSC Extended)",capacitor 47nF 0402 tdk tdk cga flight general purpose,62447,0.0099
C 68nF 0402 16V X7R 10% TDK,68nF,C343054,Extended,CGA2B1X7R1C683KT0Y0F,TDK,TDK CGA,0402,10%,,16V,X7R,,,,,E24,Flight,General Purpose,Device:C,Capacitor_SMD:C_0402_1005Metric,https://wmsc.lcsc.com/wmsc/upload/file/pdf/v2/lcsc/2304140030_TDK-CGA2B1X7R1C683KT0Y0F_C343054.pdf,https://www.lcsc.com/product-detail/multilayer-ceramic-capacitors-mlcc-smd-smt_tdk-cga2b1x7r1c683kt0y0f_C343054.html,"Capacitor 68nF 10% 16V X7R 0402 Automotive Grade MLCC (CGA Series), TDK CGA2B1X7R1C683KT0Y0F (Flight, LCSC Extended)",capacitor 68nF 0402 tdk tdk cga flight general purpose,15,0.0165
C 68nF 0402 50V X7R 10% TDK,68nF,C695381,Extended,CGA2B3X7R1H683KT0Y0F,TDK,TDK CGA,0402,10%,,50V,X7R,,,,,E24,Flight,General Purpose,Device:C,Capacitor_SMD:C_0402_1005Metric,https://wmsc.lcsc.com/wmsc/upload/file/pdf/v2/lcsc/2304140030_TDK-CGA2B3X7R1H683KT0Y0F_C695381.pdf,https://www.lcsc.com/product-detail/multilayer-ceramic-capacitors-mlcc-smd-smt_tdk-cga2b3x7r1h683kt0y0f_C695381.html,"Capacitor 68nF 10% 50V X7R 0402 Automotive Grade MLCC (CGA Series), TDK CGA2B3X7R1H683KT0Y0F (Flight, LCSC Extended)",capacitor 68nF 0402 tdk tdk cga flight general purpose,9846,0.0112
C 68nF 0402 50V X7R 20% TDK,68nF,C5331047,Extended,CGA2B3X7R1H683M050BB,TDK,TDK CGA,0402,20%,,50V,X7R,,,,,E24,Flight,General Purpose,Device:C,Capacitor_SMD:C_0402_1005Metric,https://wmsc.lcsc.com/wmsc/upload/file/pdf/v2/lcsc/2212150930_TDK-CGA2B3X7R1H683M050BB_C5331047.pdf,https://www.lcsc.com/product-detail/multilayer-ceramic-capacitors-mlcc-smd-smt_tdk-cga2b3x7r1h683m050bb_C5331047.html,"Capacitor 68nF 20% 50V X7R 0402 Automotive Grade MLCC (CGA Series), TDK CGA2B3X7R1H683M050BB (Flight, LCSC Extended)",capacitor 68nF 0402 tdk tdk cga flight general purpose,55,0.1177
C 100nF 0402 16V X7R 10% TDK,100nF,C76698,Extended,CGA2B1X7R1C104KT0Y0F,TDK,TDK CGA,0402,10%,,16V,X7R,,,,,E24,Flight,General Purpose,Device:C,Capacitor_SMD:C_0402_1005Metric,https://wmsc.lcsc.com/wmsc/upload/file/pdf/v2/lcsc/2304140030_TDK-CGA2B1X7R1C104KT0Y0F_C76698.pdf,https://www.lcsc.com/product-detail/multilayer-ceramic-capacitors-mlcc-smd-smt_tdk-cga2b1x7r1c104kt0y0f_C76698.html,"Capacitor 100nF 10% 16V X7R 0402 Automotive Grade MLCC (CGA Series), TDK CGA2B1X7R1C104KT0Y0F (Flight, LCSC Extended)",capacitor 100nF 0402 tdk tdk cga flight general purpose,17503,0.0114
C 100nF 0402 25V X7R 10% TDK,100nF,C338112,Extended,CGA2B3X7R1E104KT0Y0F,TDK,TDK CGA,0402,10%,,25V,X7R,,,,,E24,Flight,General Purpose,Device:C,Capacitor_SMD:C_0402_1005Metric,https://www.lcsc.com/datasheet/lcsc_datasheet_2304140030_TDK-CGA2B3X7R1E104KT0Y0F_C338112.pdf,https://www.lcsc.com/product-detail/multilayer-ceramic-capacitors-mlcc-smd-smt_tdk-cga2b3x7r1e104kt0y0f_C338112.html,"Capacitor 100nF 10% 25V X7R 0402 Automotive Grade MLCC (CGA Series), TDK CGA2B3X7R1E104KT0Y0F (Flight, LCSC Extended)",capacitor 100nF 0402 tdk tdk cga flight general purpose,8220,0.0113
C 100nF 0402 35V X7R 10% TDK,100nF,C343047,Extended,CGA2B3X7R1V104KT0Y0F,TDK,TDK CGA,0402,10%,,35V,X7R,,,,,E24,Flight,General Purpose,Device:C,Capacitor_SMD:C_0402_1005Metric,https://wmsc.lcsc.com/wmsc/upload/file/pdf/v2/lcsc/2208251730_TDK-CGA2B3X7R1V104KT0Y0F_C343047.pdf,https://www.lcsc.com/product-detail/multilayer-ceramic-capacitors-mlcc-smd-smt_tdk-cga2b3x7r1v104kt0y0f_C343047.html,"Capacitor 100nF 10% 35V X7R 0402 Automotive Grade MLCC (CGA Series), TDK CGA2B3X7R1V104KT0Y0F (Flight, LCSC Extended)",capacitor 100nF 0402 tdk tdk cga flight general purpose,56963,0.0218
C 100nF 0402 50V X7R 10% TDK,100nF,C343042,Extended,CGA2B3X7R1H104KT0Y0F,TDK,TDK CGA,0402,10%,,50V,X7R,,,,,E24,Flight,General Purpose,Device:C,Capacitor_SMD:C_0402_1005Metric,https://www.lcsc.com/datasheet/lcsc_datasheet_2304140030_TDK-CGA2B3X7R1H104KT0Y0F_C343042.pdf,https://www.lcsc.com/product-detail/multilayer-ceramic-capacitors-mlcc-smd-smt_tdk-cga2b3x7r1h104kt0y0f_C343042.html,"Capacitor 100nF 10% 50V X7R 0402 Automotive Grade MLCC (CGA Series), TDK CGA2B3X7R1H104KT0Y0F (Flight, LCSC Extended)",capacitor 100nF 0402 tdk tdk cga flight general purpose,228987,0.013
C 150nF 0402 25V X7R 10% TDK,150nF,C46617467,Extended,CGA2B3X7R1E154KT000F,TDK,TDK CGA,0402,10%,,25V,X7R,,,,,E24,Flight,General Purpose,Device:C,Capacitor_SMD:C_0402_1005Metric,https://product.tdk.com/en/system/files/dam/doc/product/capacitor/ceramic/mlcc/catalog/mlcc_automotive_general_en.pdf,https://www.lcsc.com/product-detail/C46617467.html,"Capacitor 150nF 10% 25V X7R 0402 Automotive Grade MLCC (CGA Series), TDK CGA2B3X7R1E154KT000F (Flight, LCSC Extended)",capacitor 150nF 0402 tdk tdk cga flight general purpose,8525,0.0391
C 150nF 0402 35V X7R 10% TDK,150nF,C2182120,Extended,CGA2B1X7R1V154K050BC,TDK,TDK CGA,0402,10%,,35V,X7R,,,,,E24,Flight,General Purpose,Device:C,Capacitor_SMD:C_0402_1005Metric,https://wmsc.lcsc.com/wmsc/upload/file/pdf/v2/lcsc/2304140030_TDK-CGA2B1X7R1V154K050BC_C2182120.pdf,https://www.lcsc.com/product-detail/multilayer-ceramic-capacitors-mlcc-smd-smt_tdk-cga2b1x7r1v154k050bc_C2182120.html,"Capacitor 150nF 10% 35V X7R 0402 Automotive Grade MLCC (CGA Series), TDK CGA2B1X7R1V154K050BC (Flight, LCSC Extended)",capacitor 150nF 0402 tdk tdk cga flight general purpose,1,0.0833
C 220nF 0402 10V X7R 10% TDK,220nF,C343048,Extended,CGA2B1X7R1A224KT0Y0E,TDK,TDK CGA,0402,10%,,10V,X7R,,,,,E24,Flight,General Purpose,Device:C,Capacitor_SMD:C_0402_1005Metric,https://wmsc.lcsc.com/wmsc/upload/file/pdf/v2/lcsc/2304140030_TDK-CGA2B1X7R1A224KT0Y0E_C343048.pdf,https://www.lcsc.com/product-detail/multilayer-ceramic-capacitors-mlcc-smd-smt_tdk-cga2b1x7r1a224kt0y0e_C343048.html,"Capacitor 220nF 10% 10V X7R 0402 Automotive Grade MLCC (CGA Series), TDK CGA2B1X7R1A224KT0Y0E (Flight, LCSC Extended)",capacitor 220nF 0402 tdk tdk cga flight general purpose,55,0.0114
C 220nF 0402 16V X7R 10% TDK,220nF,C338106,Extended,CGA2B2X7R1C224KT000F,TDK,TDK CGA,0402,10%,,16V,X7R,,,,,E24,Flight,General Purpose,Device:C,Capacitor_SMD:C_0402_1005Metric,https://wmsc.lcsc.com/wmsc/upload/file/pdf/v2/lcsc/2304140030_TDK-CGA2B2X7R1C224KT000F_C338106.pdf,https://www.lcsc.com/product-detail/multilayer-ceramic-capacitors-mlcc-smd-smt_tdk-cga2b2x7r1c224kt000f_C338106.html,"Capacitor 220nF 10% 16V X7R 0402 Automotive Grade MLCC (CGA Series), TDK CGA2B2X7R1C224KT000F (Flight, LCSC Extended)",capacitor 220nF 0402 tdk tdk cga flight general purpose,10489,0.0288
C 220nF 0402 25V X7R 10% TDK,220nF,C531424,Extended,CGA2B3X7R1E224KT000F,TDK,TDK CGA,0402,10%,,25V,X7R,,,,,E24,Flight,General Purpose,Device:C,Capacitor_SMD:C_0402_1005Metric,https://wmsc.lcsc.com/wmsc/upload/file/pdf/v2/lcsc/2304140030_TDK-CGA2B3X7R1E224KT000F_C531424.pdf,https://www.lcsc.com/product-detail/multilayer-ceramic-capacitors-mlcc-smd-smt_tdk-cga2b3x7r1e224kt000f_C531424.html,"Capacitor 220nF 10% 25V X7R 0402 Automotive Grade MLCC (CGA Series), TDK CGA2B3X7R1E224KT000F (Flight, LCSC Extended)",capacitor 220nF 0402 tdk tdk cga flight general purpose,10193,0.0295
C 220nF 0402 35V X7R 10% TDK,220nF,C694490,Extended,CGA2B1X7R1V224KT000F,TDK,TDK CGA,0402,10%,,35V,X7R,,,,,E24,Flight,General Purpose,Device:C,Capacitor_SMD:C_0402_1005Metric,https://wmsc.lcsc.com/wmsc/upload/file/pdf/v2/lcsc/2304140030_TDK-CGA2B1X7R1V224KT000F_C694490.pdf,https://www.lcsc.com/product-detail/multilayer-ceramic-capacitors-mlcc-smd-smt_tdk-cga2b1x7r1v224kt000f_C694490.html,"Capacitor 220nF 10% 35V X7R 0402 Automotive Grade MLCC (CGA Series), TDK CGA2B1X7R1V224KT000F (Flight, LCSC Extended)",capacitor 220nF 0402 tdk tdk cga flight general purpose,17859,0.0453
C 220nF 0402 6.3V X7R 10% TDK,220nF,C445757,Extended,CGA2B3X7R0J224KT0Y0F,TDK,TDK CGA,0402,10%,,6.3V,X7R,,,,,E24,Flight,General Purpose,Device:C,Capacitor_SMD:C_0402_1005Metric,https://wmsc.lcsc.com/wmsc/upload/file/pdf/v2/lcsc/2304140030_TDK-CGA2B3X7R0J224KT0Y0F_C445757.pdf,https://www.lcsc.com/product-detail/multilayer-ceramic-capacitors-mlcc-smd-smt_tdk-cga2b3x7r0j224kt0y0f_C445757.html,"Capacitor 220nF 10% 6.3V X7R 0402 Automotive Grade MLCC (CGA Series), TDK CGA2B3X7R0J224KT0Y0F (Flight, LCSC Extended)",capacitor 220nF 0402 tdk tdk cga flight general purpose,1280,0.0132
C 220nF 0402 10V X7R 20% TDK,220nF,C193126,Extended,CGA2B1X7R1A224M050BC,TDK,TDK CGA,0402,20%,,10V,X7R,,,,,E24,Flight,General Purpose,Device:C,Capacitor_SMD:C_0402_1005Metric,https://www.lcsc.com/datasheet/lcsc_datasheet_2304140030_TDK-CGA2B1X7R1A224M050BC_C193126.pdf,https://www.lcsc.com/product-detail/multilayer-ceramic-capacitors-mlcc-smd-smt_tdk-cga2b1x7r1a224m050bc_C193126.html,"Capacitor 220nF 20% 10V X7R 0402 Automotive Grade MLCC (CGA Series), TDK CGA2B1X7R1A224M050BC (Flight, LCSC Extended)",capacitor 220nF 0402 tdk tdk cga flight general purpose,19,0.0345
C 220nF 0402 16V X5R 20% TDK,220nF,C2180912,Extended,CGA2B1X5R1C224M050BC,TDK,TDK CGA,0402,20%,,16V,X5R,,,,,E24,Flight,General Purpose,Device:C,Capacitor_SMD:C_0402_1005Metric,https://wmsc.lcsc.com/wmsc/upload/file/pdf/v2/lcsc/2304140030_TDK-CGA2B1X5R1C224M050BC_C2180912.pdf,https://www.lcsc.com/product-detail/multilayer-ceramic-capacitors-mlcc-smd-smt_tdk-cga2b1x5r1c224m050bc_C2180912.html,"Capacitor 220nF 20% 16V X5R 0402 Automotive Grade MLCC (CGA Series), TDK CGA2B1X5R1C224M050BC (Flight, LCSC Extended)",capacitor 220nF 0402 tdk tdk cga flight general purpose,1,0.0173
C 330nF 0402 16V X7S 10% TDK,330nF,C432935,Extended,CGA2B1X7S1C334KT000F,TDK,TDK CGA,0402,10%,,16V,X7S,,,,,E24,Flight,General Purpose,Device:C,Capacitor_SMD:C_0402_1005Metric,https://wmsc.lcsc.com/wmsc/upload/file/pdf/v2/lcsc/2304140030_TDK-CGA2B1X7S1C334KT000F_C432935.pdf,https://www.lcsc.com/product-detail/multilayer-ceramic-capacitors-mlcc-smd-smt_tdk-cga2b1x7s1c334kt000f_C432935.html,"Capacitor 330nF 10% 16V X7S 0402 Automotive Grade MLCC (CGA Series), TDK CGA2B1X7S1C334KT000F (Flight, LCSC Extended)",capacitor 330nF 0402 tdk tdk cga flight general purpose,5874,0.0635
C 470nF 0402 10V X7S 10% TDK,470nF,C445733,Extended,CGA2B3X7S1A474KT000N,TDK,TDK CGA,0402,10%,,10V,X7S,,,,,E24,Flight,General Purpose,Device:C,Capacitor_SMD:C_0402_1005Metric,https://wmsc.lcsc.com/wmsc/upload/file/pdf/v2/lcsc/2304140030_TDK-CGA2B3X7S1A474KT000N_C445733.pdf,https://www.lcsc.com/product-detail/multilayer-ceramic-capacitors-mlcc-smd-smt_tdk-cga2b3x7s1a474kt000n_C445733.html,"Capacitor 470nF 10% 10V X7S 0402 Automotive Grade MLCC (CGA Series), TDK CGA2B3X7S1A474KT000N (Flight, LCSC Extended)",capacitor 470nF 0402 tdk tdk cga flight general purpose,49,0.0386
C 470nF 0402 16V X7S 10% TDK,470nF,C5139489,Extended,CGA2B1X7S1C474KT000S,TDK,TDK CGA,0402,10%,,16V,X7S,,,,,E24,Flight,General Purpose,Device:C,Capacitor_SMD:C_0402_1005Metric,https://wmsc.lcsc.com/wmsc/upload/file/pdf/v2/lcsc/2208240930_TDK-CGA2B1X7S1C474KT000S_C5139489.pdf,https://www.lcsc.com/product-detail/multilayer-ceramic-capacitors-mlcc-smd-smt_tdk-cga2b1x7s1c474kt000s_C5139489.html,"Capacitor 470nF 10% 16V X7S 0402 Automotive Grade MLCC (CGA Series), TDK CGA2B1X7S1C474KT000S (Flight, LCSC Extended)",capacitor 470nF 0402 tdk tdk cga flight general purpose,10885,0.0557
C 1uF 0402 4V X7T 20% TDK,1uF,C49296946,Extended,CGA2B1X7T0G105MT0Y0F,TDK,TDK CGA,0402,20%,,4V,X7T,,,,,E24,Flight,General Purpose,Device:C,Capacitor_SMD:C_0402_1005Metric,https://product.tdk.com/en/system/files/dam/doc/product/capacitor/ceramic/mlcc/catalog/mlcc_automotive_general_en.pdf,https://www.lcsc.com/product-detail/C49296946.html,"Capacitor 1uF 20% 4V X7T 0402 Automotive Grade MLCC (CGA Series), TDK CGA2B1X7T0G105MT0Y0F (Flight, LCSC Extended)",capacitor 1uF 0402 tdk tdk cga flight general purpose,8577,0.0204
C 12pF 0603 50V C0G 5% TDK,12pF,C342888,Extended,CGA3E2C0G1H120JT0Y0N,TDK,TDK CGA,0603,5%,,50V,C0G,,,,,E24,Flight,General Purpose,Device:C,Capacitor_SMD:C_0603_1608Metric,https://wmsc.lcsc.com/wmsc/upload/file/pdf/v2/lcsc/2304140030_TDK-CGA3E2C0G1H120JT0Y0N_C342888.pdf,https://www.lcsc.com/product-detail/multilayer-ceramic-capacitors-mlcc-smd-smt_tdk-cga3e2c0g1h120jt0y0n_C342888.html,"Capacitor 12pF 5% 50V C0G 0603 Automotive Grade MLCC (CGA Series), TDK CGA3E2C0G1H120JT0Y0N (Flight, LCSC Extended)",capacitor 12pF 0603 tdk tdk cga flight general purpose,16,0.015
C 15pF 0603 50V C0G 5% TDK,15pF,C342889,Extended,CGA3E2C0G1H150JT0Y0N,TDK,TDK CGA,0603,5%,,50V,C0G,,,,,E24,Flight,General Purpose,Device:C,Capacitor_SMD:C_0603_1608Metric,https://wmsc.lcsc.com/wmsc/upload/file/pdf/v2/lcsc/2304140030_TDK-CGA3E2C0G1H150JT0Y0N_C342889.pdf,https://www.lcsc.com/product-detail/multilayer-ceramic-capacitors-mlcc-smd-smt_tdk-cga3e2c0g1h150jt0y0n_C342889.html,"Capacitor 15pF 5% 50V C0G 0603 Automotive Grade MLCC (CGA Series), TDK CGA3E2C0G1H150JT0Y0N (Flight, LCSC Extended)",capacitor 15pF 0603 tdk tdk cga flight general purpose,8154,0.0207
C 18pF 0603 50V C0G 5% TDK,18pF,C342890,Extended,CGA3E2C0G1H180JT0Y0N,TDK,TDK CGA,0603,5%,,50V,C0G,,,,,E24,Flight,General Purpose,Device:C,Capacitor_SMD:C_0603_1608Metric,https://wmsc.lcsc.com/wmsc/upload/file/pdf/v2/lcsc/2304140030_TDK-CGA3E2C0G1H180JT0Y0N_C342890.pdf,https://www.lcsc.com/product-detail/multilayer-ceramic-capacitors-mlcc-smd-smt_tdk-cga3e2c0g1h180jt0y0n_C342890.html,"Capacitor 18pF 5% 50V C0G 0603 Automotive Grade MLCC (CGA Series), TDK CGA3E2C0G1H180JT0Y0N (Flight, LCSC Extended)",capacitor 18pF 0603 tdk tdk cga flight general purpose,2963,0.0192
C 22pF 0603 50V C0G 5% TDK,22pF,C338053,Extended,CGA3E2C0G1H220JT0Y0N,TDK,TDK CGA,0603,5%,,50V,C0G,,,,,E24,Flight,General Purpose,Device:C,Capacitor_SMD:C_0603_1608Metric,https://wmsc.lcsc.com/wmsc/upload/file/pdf/v2/lcsc/2304140030_TDK-CGA3E2C0G1H220JT0Y0N_C338053.pdf,https://www.lcsc.com/product-detail/multilayer-ceramic-capacitors-mlcc-smd-smt_tdk-cga3e2c0g1h220jt0y0n_C338053.html,"Capacitor 22pF 5% 50V C0G 0603 Automotive Grade MLCC (CGA Series), TDK CGA3E2C0G1H220JT0Y0N (Flight, LCSC Extended)",capacitor 22pF 0603 tdk tdk cga flight general purpose,6441,0.0191
C 22pF 0603 50V NP0 5% TDK,22pF,C695385,Extended,CGA3E2NP01H220JT0Y0N,TDK,TDK CGA,0603,5%,,50V,NP0,,,,,E24,Flight,General Purpose,Device:C,Capacitor_SMD:C_0603_1608Metric,https://wmsc.lcsc.com/wmsc/upload/file/pdf/v2/lcsc/2304140030_TDK-CGA3E2NP01H220JT0Y0N_C695385.pdf,https://www.lcsc.com/product-detail/multilayer-ceramic-capacitors-mlcc-smd-smt_tdk-cga3e2np01h220jt0y0n_C695385.html,"Capacitor 22pF 5% 50V NP0 0603 Automotive Grade MLCC (CGA Series), TDK CGA3E2NP01H220JT0Y0N (Flight, LCSC Extended)",capacitor 22pF 0603 tdk tdk cga flight general purpose,4000,0.0524
C 27pF 0603 100V C0G 5% TDK,27pF,C338092,Extended,CGA3E2C0G2A270JT0Y0N,TDK,TDK CGA,0603,5%,,100V,C0G,,,,,E24,Flight,General Purpose,Device:C,Capacitor_SMD:C_0603_1608Metric,https://wmsc.lcsc.com/wmsc/upload/file/pdf/v2/lcsc/2304140030_TDK-CGA3E2C0G2A270JT0Y0N_C338092.pdf,https://www.lcsc.com/product-detail/multilayer-ceramic-capacitors-mlcc-smd-smt_tdk-cga3e2c0g2a270jt0y0n_C338092.html,"Capacitor 27pF 5% 100V C0G 0603 Automotive Grade MLCC (CGA Series), TDK CGA3E2C0G2A270JT0Y0N (Flight, LCSC Extended)",capacitor 27pF 0603 tdk tdk cga flight general purpose,4,0.0204
C 27pF 0603 50V C0G 5% TDK,27pF,C342893,Extended,CGA3E2C0G1H270JT0Y0N,TDK,TDK CGA,0603,5%,,50V,C0G,,,,,E24,Flight,General Purpose,Device:C,Capacitor_SMD:C_0603_1608Metric,https://wmsc.lcsc.com/wmsc/upload/file/pdf/v2/lcsc/2304140030_TDK-CGA3E2C0G1H270JT0Y0N_C342893.pdf,https://www.lcsc.com/product-detail/multilayer-ceramic-capacitors-mlcc-smd-smt_tdk-cga3e2c0g1h270jt0y0n_C342893.html,"Capacitor 27pF 5% 50V C0G 0603 Automotive Grade MLCC (CGA Series), TDK CGA3E2C0G1H270JT0Y0N (Flight, LCSC Extended)",capacitor 27pF 0603 tdk tdk cga flight general purpose,763,0.0171
C 33pF 0603 100V C0G 5% TDK,33pF,C338069,Extended,CGA3E2C0G2A330JT0Y0N,TDK,TDK CGA,0603,5%,,100V,C0G,,,,,E24,Flight,General Purpose,Device:C,Capacitor_SMD:C_0603_1608Metric,https://wmsc.lcsc.com/wmsc/upload/file/pdf/v2/lcsc/2304140030_TDK-CGA3E2C0G2A330JT0Y0N_C338069.pdf,https://www.lcsc.com/product-detail/multilayer-ceramic-capacitors-mlcc-smd-smt_tdk-cga3e2c0g2a330jt0y0n_C338069.html,"Capacitor 33pF 5% 100V C0G 0603 Automotive Grade MLCC (CGA Series), TDK CGA3E2C0G2A330JT0Y0N (Flight, LCSC Extended)",capacitor 33pF 0603 tdk tdk cga flight general purpose,26,0.0202
C 33pF 0603 50V C0G 5% TDK,33pF,C342894,Extended,CGA3E2C0G1H330JT0Y0N,TDK,TDK CGA,0603,5%,,50V,C0G,,,,,E24,Flight,General Purpose,Device:C,Capacitor_SMD:C_0603_1608Metric,https://wmsc.lcsc.com/wmsc/upload/file/pdf/v2/lcsc/2304140030_TDK-CGA3E2C0G1H330JT0Y0N_C342894.pdf,https://www.lcsc.com/product-detail/multilayer-ceramic-capacitors-mlcc-smd-smt_tdk-cga3e2c0g1h330jt0y0n_C342894.html,"Capacitor 33pF 5% 50V C0G 0603 Automotive Grade MLCC (CGA Series), TDK CGA3E2C0G1H330JT0Y0N (Flight, LCSC Extended)",capacitor 33pF 0603 tdk tdk cga flight general purpose,5460,0.0212
C 39pF 0603 50V C0G 5% TDK,39pF,C445758,Extended,CGA3E2C0G1H390JT0Y0N,TDK,TDK CGA,0603,5%,,50V,C0G,,,,,E24,Flight,General Purpose,Device:C,Capacitor_SMD:C_0603_1608Metric,https://wmsc.lcsc.com/wmsc/upload/file/pdf/v2/lcsc/2304140030_TDK-CGA3E2C0G1H390JT0Y0N_C445758.pdf,https://www.lcsc.com/product-detail/multilayer-ceramic-capacitors-mlcc-smd-smt_tdk-cga3e2c0g1h390jt0y0n_C445758.html,"Capacitor 39pF 5% 50V C0G 0603 Automotive Grade MLCC (CGA Series), TDK CGA3E2C0G1H390JT0Y0N (Flight, LCSC Extended)",capacitor 39pF 0603 tdk tdk cga flight general purpose,1786,0.0178
C 47pF 0603 100V C0G 5% TDK,47pF,C342922,Extended,CGA3E2C0G2A470JT0Y0N,TDK,TDK CGA,0603,5%,,100V,C0G,,,,,E24,Flight,General Purpose,Device:C,Capacitor_SMD:C_0603_1608Metric,https://wmsc.lcsc.com/wmsc/upload/file/pdf/v2/lcsc/2304140030_TDK-CGA3E2C0G2A470JT0Y0N_C342922.pdf,https://www.lcsc.com/product-detail/multilayer-ceramic-capacitors-mlcc-smd-smt_tdk-cga3e2c0g2a470jt0y0n_C342922.html,"Capacitor 47pF 5% 100V C0G 0603 Automotive Grade MLCC (CGA Series), TDK CGA3E2C0G2A470JT0Y0N (Flight, LCSC Extended)",capacitor 47pF 0603 tdk tdk cga flight general purpose,96,0.0191
C 47pF 0603 50V C0G 5% TDK,47pF,C342895,Extended,CGA3E2C0G1H470JT0Y0N,TDK,TDK CGA,0603,5%,,50V,C0G,,,,,E24,Flight,General Purpose,Device:C,Capacitor_SMD:C_0603_1608Metric,https://wmsc.lcsc.com/wmsc/upload/file/pdf/v2/lcsc/2304140030_TDK-CGA3E2C0G1H470JT0Y0N_C342895.pdf,https://www.lcsc.com/product-detail/multilayer-ceramic-capacitors-mlcc-smd-smt_tdk-cga3e2c0g1h470jt0y0n_C342895.html,"Capacitor 47pF 5% 50V C0G 0603 Automotive Grade MLCC (CGA Series), TDK CGA3E2C0G1H470JT0Y0N (Flight, LCSC Extended)",capacitor 47pF 0603 tdk tdk cga flight general purpose,4413,0.0199
C 56pF 0603 50V C0G 5% TDK,56pF,C338104,Extended,CGA3E2C0G1H560JT0Y0N,TDK,TDK CGA,0603,5%,,50V,C0G,,,,,E24,Flight,General Purpose,Device:C,Capacitor_SMD:C_0603_1608Metric,https://wmsc.lcsc.com/wmsc/upload/file/pdf/v2/lcsc/2304140030_TDK-CGA3E2C0G1H560JT0Y0N_C338104.pdf,https://www.lcsc.com/product-detail/multilayer-ceramic-capacitors-mlcc-smd-smt_tdk-cga3e2c0g1h560jt0y0n_C338104.html,"Capacitor 56pF 5% 50V C0G 0603 Automotive Grade MLCC (CGA Series), TDK CGA3E2C0G1H560JT0Y0N (Flight, LCSC Extended)",capacitor 56pF 0603 tdk tdk cga flight general purpose,386,0.0175
C 68pF 0603 100V C0G 5% TDK,68pF,C694224,Extended,CGA3E2C0G2A680JT0Y0N,TDK,TDK CGA,0603,5%,,100V,C0G,,,,,E24,Flight,General Purpose,Device:C,Capacitor_SMD:C_0603_1608Metric,https://wmsc.lcsc.com/wmsc/upload/file/pdf/v2/lcsc/2304140030_TDK-CGA3E2C0G2A680JT0Y0N_C694224.pdf,https://www.lcsc.com/product-detail/multilayer-ceramic-capacitors-mlcc-smd-smt_tdk-cga3e2c0g2a680jt0y0n_C694224.html,"Capacitor 68pF 5% 100V C0G 0603 Automotive Grade MLCC (CGA Series), TDK CGA3E2C0G2A680JT0Y0N (Flight, LCSC Extended)",capacitor 68pF 0603 tdk tdk cga flight general purpose,5824,0.0223
C 68pF 0603 50V C0G 5% TDK,68pF,C342897,Extended,CGA3E2C0G1H680JT0Y0N,TDK,TDK CGA,0603,5%,,50V,C0G,,,,,E24,Flight,General Purpose,Device:C,Capacitor_SMD:C_0603_1608Metric,https://wmsc.lcsc.com/wmsc/upload/file/pdf/v2/lcsc/2304140030_TDK-CGA3E2C0G1H680JT0Y0N_C342897.pdf,https://www.lcsc.com/product-detail/multilayer-ceramic-capacitors-mlcc-smd-smt_tdk-cga3e2c0g1h680jt0y0n_C342897.html,"Capacitor 68pF 5% 50V C0G 0603 Automotive Grade MLCC (CGA Series), TDK CGA3E2C0G1H680JT0Y0N (Flight, LCSC Extended)",capacitor 68pF 0603 tdk tdk cga flight general purpose,588,0.0168
C 100pF 0603 100V C0G 5% TDK,100pF,C342908,Extended,CGA3E2C0G2A101JT0Y0N,TDK,TDK CGA,0603,5%,,100V,C0G,,,,,E24,Flight,General Purpose,Device:C,Capacitor_SMD:C_0603_1608Metric,https://wmsc.lcsc.com/wmsc/upload/file/pdf/v2/lcsc/2304140030_TDK-CGA3E2C0G2A101JT0Y0N_C342908.pdf,https://www.lcsc.com/product-detail/multilayer-ceramic-capacitors-mlcc-smd-smt_tdk-cga3e2c0g2a101jt0y0n_C342908.html,"Capacitor 100pF 5% 100V C0G 0603 Automotive Grade MLCC (CGA Series), TDK CGA3E2C0G2A101JT0Y0N (Flight, LCSC Extended)",capacitor 100pF 0603 tdk tdk cga flight general purpose,4335,0.0214
C 100pF 0603 250V C0G 5% TDK,100pF,C342924,Extended,CGA3E3C0G2E101JT0Y0N,TDK,TDK CGA,0603,5%,,250V,C0G,,,,,E24,Flight,General Purpose,Device:C,Capacitor_SMD:C_0603_1608Metric,https://wmsc.lcsc.com/wmsc/upload/file/pdf/v2/lcsc/2304140030_TDK-CGA3E3C0G2E101JT0Y0N_C342924.pdf,https://www.lcsc.com/product-detail/multilayer-ceramic-capacitors-mlcc-smd-smt_tdk-cga3e3c0g2e101jt0y0n_C342924.html,"Capacitor 100pF 5% 250V C0G 0603 Automotive Grade MLCC (CGA Series), TDK CGA3E3C0G2E101JT0Y0N (Flight, LCSC Extended)",capacitor 100pF 0603 tdk tdk cga flight general purpose,3963,0.0228
C 100pF 0603 50V C0G 5% TDK,100pF,C76709,Extended,CGA3E2C0G1H101JT0Y0N,TDK,TDK CGA,0603,5%,,50V,C0G,,,,,E24,Flight,General Purpose,Device:C,Capacitor_SMD:C_0603_1608Metric,https://wmsc.lcsc.com/wmsc/upload/file/pdf/v2/lcsc/2304140030_TDK-CGA3E2C0G1H101JT0Y0N_C76709.pdf,https://www.lcsc.com/product-detail/multilayer-ceramic-capacitors-mlcc-smd-smt_tdk-cga3e2c0g1h101jt0y0n_C76709.html,"Capacitor 100pF 5% 50V C0G 0603 Automotive Grade MLCC (CGA Series), TDK CGA3E2C0G1H101JT0Y0N (Flight, LCSC Extended)",capacitor 100pF 0603 tdk tdk cga flight general purpose,1455,0.0272
C 100pF 0603 50V NP0 5% TDK,100pF,C695384,Extended,CGA3E2NP01H101JT0Y0N,TDK,TDK CGA,0603,5%,,50V,NP0,,,,,E24,Flight,General Purpose,Device:C,Capacitor_SMD:C_0603_1608Metric,https://wmsc.lcsc.com/wmsc/upload/file/pdf/v2/lcsc/2304140030_TDK-CGA3E2NP01H101JT0Y0N_C695384.pdf,https://www.lcsc.com/product-detail/multilayer-ceramic-capacitors-mlcc-smd-smt_tdk-cga3e2np01h101jt0y0n_C695384.html,"Capacitor 100pF 5% 50V NP0 0603 Automotive Grade MLCC (CGA Series), TDK CGA3E2NP01H101JT0Y0N (Flight, LCSC Extended)",capacitor 100pF 0603 tdk tdk cga flight general purpose,374,0.0324
C 120pF 0603 50V C0G 5% TDK,120pF,C338050,Extended,CGA3E2C0G1H121JT0Y0N,TDK,TDK CGA,0603,5%,,50V,C0G,,,,,E24,Flight,General Purpose,Device:C,Capacitor_SMD:C_0603_1608Metric,https://wmsc.lcsc.com/wmsc/upload/file/pdf/v2/lcsc/2304140030_TDK-CGA3E2C0G1H121JT0Y0N_C338050.pdf,https://www.lcsc.com/product-detail/multilayer-ceramic-capacitors-mlcc-smd-smt_tdk-cga3e2c0g1h121jt0y0n_C338050.html,"Capacitor 120pF 5% 50V C0G 0603 Automotive Grade MLCC (CGA Series), TDK CGA3E2C0G1H121JT0Y0N (Flight, LCSC Extended)",capacitor 120pF 0603 tdk tdk cga flight general purpose,3915,0.0175
C 150pF 0603 50V C0G 5% TDK,150pF,C342906,Extended,CGA3E2C0G1H151JT0Y0N,TDK,TDK CGA,0603,5%,,50V,C0G,,,,,E24,Flight,General Purpose,Device:C,Capacitor_SMD:C_0603_1608Metric,https://wmsc.lcsc.com/wmsc/upload/file/pdf/v2/lcsc/2304140030_TDK-CGA3E2C0G1H151JT0Y0N_C342906.pdf,https://www.lcsc.com/product-detail/multilayer-ceramic-capacitors-mlcc-smd-smt_tdk-cga3e2c0g1h151jt0y0n_C342906.html,"Capacitor 150pF 5% 50V C0G 0603 Automotive Grade MLCC (CGA Series), TDK CGA3E2C0G1H151JT0Y0N (Flight, LCSC Extended)",capacitor 150pF 0603 tdk tdk cga flight general purpose,101,0.0176
C 220pF 0603 100V C0G 5% TDK,220pF,C342920,Extended,CGA3E2C0G2A221JT0Y0N,TDK,TDK CGA,0603,5%,,100V,C0G,,,,,E24,Flight,General Purpose,Device:C,Capacitor_SMD:C_0603_1608Metric,https://wmsc.lcsc.com/wmsc/upload/file/pdf/v2/lcsc/2304140030_TDK-CGA3E2C0G2A221JT0Y0N_C342920.pdf,https://www.lcsc.com/product-detail/multilayer-ceramic-capacitors-mlcc-smd-smt_tdk-cga3e2c0g2a221jt0y0n_C342920.html,"Capacitor 220pF 5% 100V C0G 0603 Automotive Grade MLCC (CGA Series), TDK CGA3E2C0G2A221JT0Y0N (Flight, LCSC Extended)",capacitor 220pF 0603 tdk tdk cga flight general purpose,4394,0.022
C 220pF 0603 100V NP0 5% TDK,220pF,C2171934,Extended,CGA3E2NP02A221J080AA,TDK,TDK CGA,0603,5%,,100V,NP0,,,,,E24,Flight,General Purpose,Device:C,Capacitor_SMD:C_0603_1608Metric,https://wmsc.lcsc.com/wmsc/upload/file/pdf/v2/lcsc/2304140030_TDK-CGA3E2NP02A221J080AA_C2171934.pdf,https://www.lcsc.com/product-detail/multilayer-ceramic-capacitors-mlcc-smd-smt_tdk-cga3e2np02a221j080aa_C2171934.html,"Capacitor 220pF 5% 100V NP0 0603 Automotive Grade MLCC (CGA Series), TDK CGA3E2NP02A221J080AA (Flight, LCSC Extended)",capacitor 220pF 0603 tdk tdk cga flight general purpose,12,0.2003
C 220pF 0603 250V C0G 5% TDK,220pF,C695386,Extended,CGA3E3C0G2E221JT0Y0N,TDK,TDK CGA,0603,5%,,250V,C0G,,,,,E24,Flight,General Purpose,Device:C,Capacitor_SMD:C_0603_1608Metric,https://wmsc.lcsc.com/wmsc/upload/file/pdf/v2/lcsc/2009151538_TDK-CGA3E3C0G2E221JT0Y0N_C695386.pdf,https://www.lcsc.com/product-detail/multilayer-ceramic-capacitors-mlcc-smd-smt_tdk-cga3e3c0g2e221jt0y0n_C695386.html,"Capacitor 220pF 5% 250V C0G 0603 Automotive Grade MLCC (CGA Series), TDK CGA3E3C0G2E221JT0Y0N (Flight, LCSC Extended)",capacitor 220pF 0603 tdk tdk cga flight general purpose,2159,0.0166
C 220pF 0603 50V C0G 5% TDK,220pF,C342909,Extended,CGA3E2C0G1H221JT0Y0N,TDK,TDK CGA,0603,5%,,50V,C0G,,,,,E24,Flight,General Purpose,Device:C,Capacitor_SMD:C_0603_1608Metric,https://wmsc.lcsc.com/wmsc/upload/file/pdf/v2/lcsc/2304140030_TDK-CGA3E2C0G1H221JT0Y0N_C342909.pdf,https://www.lcsc.com/product-detail/multilayer-ceramic-capacitors-mlcc-smd-smt_tdk-cga3e2c0g1h221jt0y0n_C342909.html,"Capacitor 220pF 5% 50V C0G 0603 Automotive Grade MLCC (CGA Series), TDK CGA3E2C0G1H221JT0Y0N (Flight, LCSC Extended)",capacitor 220pF 0603 tdk tdk cga flight general purpose,17,0.0102
C 220pF 0603 50V NP0 5% TDK,220pF,C694226,Extended,CGA3E2NP01H221JT0Y0N,TDK,TDK CGA,0603,5%,,50V,NP0,,,,,E24,Flight,General Purpose,Device:C,Capacitor_SMD:C_0603_1608Metric,https://wmsc.lcsc.com/wmsc/upload/file/pdf/v2/lcsc/2304140030_TDK-CGA3E2NP01H221JT0Y0N_C694226.pdf,https://www.lcsc.com/product-detail/multilayer-ceramic-capacitors-mlcc-smd-smt_tdk-cga3e2np01h221jt0y0n_C694226.html,"Capacitor 220pF 5% 50V NP0 0603 Automotive Grade MLCC (CGA Series), TDK CGA3E2NP01H221JT0Y0N (Flight, LCSC Extended)",capacitor 220pF 0603 tdk tdk cga flight general purpose,3053,0.0397
C 270pF 0603 50V C0G 5% TDK,270pF,C694496,Extended,CGA3E2C0G1H271JT0Y0N,TDK,TDK CGA,0603,5%,,50V,C0G,,,,,E24,Flight,General Purpose,Device:C,Capacitor_SMD:C_0603_1608Metric,https://wmsc.lcsc.com/wmsc/upload/file/pdf/v2/lcsc/2304140030_TDK-CGA3E2C0G1H271JT0Y0N_C694496.pdf,https://www.lcsc.com/product-detail/multilayer-ceramic-capacitors-mlcc-smd-smt_tdk-cga3e2c0g1h271jt0y0n_C694496.html,"Capacitor 270pF 5% 50V C0G 0603 Automotive Grade MLCC (CGA Series), TDK CGA3E2C0G1H271JT0Y0N (Flight, LCSC Extended)",capacitor 270pF 0603 tdk tdk cga flight general purpose,682,0.0147
C 330pF 0603 100V C0G 5% TDK,330pF,C694223,Extended,CGA3E2C0G2A331JT0Y0N,TDK,TDK CGA,0603,5%,,100V,C0G,,,,,E24,Flight,General Purpose,Device:C,Capacitor_SMD:C_0603_1608Metric,https://wmsc.lcsc.com/wmsc/upload/file/pdf/v2/lcsc/2304140030_TDK-CGA3E2C0G2A331JT0Y0N_C694223.pdf,https://www.lcsc.com/product-detail/multilayer-ceramic-capacitors-mlcc-smd-smt_tdk-cga3e2c0g2a331jt0y0n_C694223.html,"Capacitor 330pF 5% 100V C0G 0603 Automotive Grade MLCC (CGA Series), TDK CGA3E2C0G2A331JT0Y0N (Flight, LCSC Extended)",capacitor 330pF 0603 tdk tdk cga flight general purpose,16,0.0236
C 330pF 0603 250V C0G 5% TDK,330pF,C3007644,Extended,CGA3E3C0G2E331JT0Y0N,TDK,TDK CGA,0603,5%,,250V,C0G,,,,,E24,Flight,General Purpose,Device:C,Capacitor_SMD:C_0603_1608Metric,https://product.tdk.com/en/system/files/dam/doc/product/capacitor/ceramic/mlcc/catalog/mlcc_automotive_general_en.pdf,https://www.lcsc.com/product-detail/C3007644.html,"Capacitor 330pF 5% 250V C0G 0603 Automotive Grade MLCC (CGA Series), TDK CGA3E3C0G2E331JT0Y0N (Flight, LCSC Extended)",capacitor 330pF 0603 tdk tdk cga flight general purpose,968,0.0264
C 330pF 0603 50V C0G 5% TDK,330pF,C338066,Extended,CGA3E2C0G1H331JT0Y0N,TDK,TDK CGA,0603,5%,,50V,C0G,,,,,E24,Flight,General Purpose,Device:C,Capacitor_SMD:C_0603_1608Metric,https://wmsc.lcsc.com/wmsc/upload/file/pdf/v2/lcsc/2304140030_TDK-CGA3E2C0G1H331JT0Y0N_C338066.pdf,https://www.lcsc.com/product-detail/multilayer-ceramic-capacitors-mlcc-smd-smt_tdk-cga3e2c0g1h331jt0y0n_C338066.html,"Capacitor 330pF 5% 50V C0G 0603 Automotive Grade MLCC (CGA Series), TDK CGA3E2C0G1H331JT0Y0N (Flight, LCSC Extended)",capacitor 330pF 0603 tdk tdk cga flight general purpose,15,0.0125
C 390pF 0603 50V C0G 5% TDK,390pF,C342914,Extended,CGA3E2C0G1H391JT0Y0N,TDK,TDK CGA,0603,5%,,50V,C0G,,,,,E24,Flight,General Purpose,Device:C,Capacitor_SMD:C_0603_1608Metric,https://wmsc.lcsc.com/wmsc/upload/file/pdf/v2/lcsc/2304140030_TDK-CGA3E2C0G1H391JT0Y0N_C342914.pdf,https://www.lcsc.com/product-detail/multilayer-ceramic-capacitors-mlcc-smd-smt_tdk-cga3e2c0g1h391jt0y0n_C342914.html,"Capacitor 390pF 5% 50V C0G 0603 Automotive Grade MLCC (CGA Series), TDK CGA3E2C0G1H391JT0Y0N (Flight, LCSC Extended)",capacitor 390pF 0603 tdk tdk cga flight general purpose,8052,0.0209
C 470pF 0603 100V C0G 5% TDK,470pF,C342926,Extended,CGA3E2C0G2A471JT0Y0N,TDK,TDK CGA,0603,5%,,100V,C0G,,,,,E24,Flight,General Purpose,Device:C,Capacitor_SMD:C_0603_1608Metric,https://wmsc.lcsc.com/wmsc/upload/file/pdf/v2/lcsc/2304140030_TDK-CGA3E2C0G2A471JT0Y0N_C342926.pdf,https://www.lcsc.com/product-detail/multilayer-ceramic-capacitors-mlcc-smd-smt_tdk-cga3e2c0g2a471jt0y0n_C342926.html,"Capacitor 470pF 5% 100V C0G 0603 Automotive Grade MLCC (CGA Series), TDK CGA3E2C0G2A471JT0Y0N (Flight, LCSC Extended)",capacitor 470pF 0603 tdk tdk cga flight general purpose,6842,0.0197
C 470pF 0603 250V C0G 5% TDK,470pF,C5139502,Extended,CGA3E3C0G2E471JT0Y0N,TDK,TDK CGA,0603,5%,,250V,C0G,,,,,E24,Flight,General Purpose,Device:C,Capacitor_SMD:C_0603_1608Metric,https://wmsc.lcsc.com/wmsc/upload/file/pdf/v2/lcsc/2208240930_TDK-CGA3E3C0G2E471JT0Y0N_C5139502.pdf,https://www.lcsc.com/product-detail/multilayer-ceramic-capacitors-mlcc-smd-smt_tdk-cga3e3c0g2e471jt0y0n_C5139502.html,"Capacitor 470pF 5% 250V C0G 0603 Automotive Grade MLCC (CGA Series), TDK CGA3E3C0G2E471JT0Y0N (Flight, LCSC Extended)",capacitor 470pF 0603 tdk tdk cga flight general purpose,1,0.0542
C 470pF 0603 50V C0G 5% TDK,470pF,C342912,Extended,CGA3E2C0G1H471JT0Y0N,TDK,TDK CGA,0603,5%,,50V,C0G,,,,,E24,Flight,General Purpose,Device:C,Capacitor_SMD:C_0603_1608Metric,https://wmsc.lcsc.com/wmsc/upload/file/pdf/v2/lcsc/2304140030_TDK-CGA3E2C0G1H471JT0Y0N_C342912.pdf,https://www.lcsc.com/product-detail/multilayer-ceramic-capacitors-mlcc-smd-smt_tdk-cga3e2c0g1h471jt0y0n_C342912.html,"Capacitor 470pF 5% 50V C0G 0603 Automotive Grade MLCC (CGA Series), TDK CGA3E2C0G1H471JT0Y0N (Flight, LCSC Extended)",capacitor 470pF 0603 tdk tdk cga flight general purpose,191,0.0134
C 560pF 0603 50V C0G 5% TDK,560pF,C694498,Extended,CGA3E2C0G1H561JT0Y0N,TDK,TDK CGA,0603,5%,,50V,C0G,,,,,E24,Flight,General Purpose,Device:C,Capacitor_SMD:C_0603_1608Metric,https://wmsc.lcsc.com/wmsc/upload/file/pdf/v2/lcsc/2304140030_TDK-CGA3E2C0G1H561JT0Y0N_C694498.pdf,https://www.lcsc.com/product-detail/multilayer-ceramic-capacitors-mlcc-smd-smt_tdk-cga3e2c0g1h561jt0y0n_C694498.html,"Capacitor 560pF 5% 50V C0G 0603 Automotive Grade MLCC (CGA Series), TDK CGA3E2C0G1H561JT0Y0N (Flight, LCSC Extended)",capacitor 560pF 0603 tdk tdk cga flight general purpose,3017,0.0218
C 680pF 0603 100V C0G 5% TDK,680pF,C342929,Extended,CGA3E2C0G2A681JT0Y0N,TDK,TDK CGA,0603,5%,,100V,C0G,,,,,E24,Flight,General Purpose,Device:C,Capacitor_SMD:C_0603_1608Metric,https://www.lcsc.com/datasheet/lcsc_datasheet_2304140030_TDK-CGA3E2C0G2A681JT0Y0N_C342929.pdf,https://www.lcsc.com/product-detail/multilayer-ceramic-capacitors-mlcc-smd-smt_tdk-cga3e2c0g2a681jt0y0n_C342929.html,"Capacitor 680pF 5% 100V C0G 0603 Automotive Grade MLCC (CGA Series), TDK CGA3E2C0G2A681JT0Y0N (Flight, LCSC Extended)",capacitor 680pF 0603 tdk tdk cga flight general purpose,11,0.0295
C 680pF 0603 50V C0G 5% TDK,680pF,C342925,Extended,CGA3E2C0G1H681JT0Y0N,TDK,TDK CGA,0603,5%,,50V,C0G,,,,,E24,Flight,General Purpose,Device:C,Capacitor_SMD:C_0603_1608Metric,https://wmsc.lcsc.com/wmsc/upload/file/pdf/v2/lcsc/2304140030_TDK-CGA3E2C0G1H681JT0Y0N_C342925.pdf,https://www.lcsc.com/product-detail/multilayer-ceramic-capacitors-mlcc-smd-smt_tdk-cga3e2c0g1h681jt0y0n_C342925.html,"Capacitor 680pF 5% 50V C0G 0603 Automotive Grade MLCC (CGA Series), TDK CGA3E2C0G1H681JT0Y0N (Flight, LCSC Extended)",capacitor 680pF 0603 tdk tdk cga flight general purpose,204,0.0152
C 820pF 0603 50V C0G 5% TDK,820pF,C694499,Extended,CGA3E2C0G1H821JT0Y0N,TDK,TDK CGA,0603,5%,,50V,C0G,,,,,E24,Flight,General Purpose,Device:C,Capacitor_SMD:C_0603_1608Metric,https://wmsc.lcsc.com/wmsc/upload/file/pdf/v2/lcsc/2304140030_TDK-CGA3E2C0G1H821JT0Y0N_C694499.pdf,https://www.lcsc.com/product-detail/multilayer-ceramic-capacitors-mlcc-smd-smt_tdk-cga3e2c0g1h821jt0y0n_C694499.html,"Capacitor 820pF 5% 50V C0G 0603 Automotive Grade MLCC (CGA Series), TDK CGA3E2C0G1H821JT0Y0N (Flight, LCSC Extended)",capacitor 820pF 0603 tdk tdk cga flight general purpose,9709,0.0155
C 1nF 0603 100V X7R 10% TDK,1nF,C342905,Extended,CGA3E2X7R2A102KT0Y0N,TDK,TDK CGA,0603,10%,,100V,X7R,,,,,E24,Flight,General Purpose,Device:C,Capacitor_SMD:C_0603_1608Metric,https://wmsc.lcsc.com/wmsc/upload/file/pdf/v2/lcsc/2304140030_TDK-CGA3E2X7R2A102KT0Y0N_C342905.pdf,https://www.lcsc.com/product-detail/multilayer-ceramic-capacitors-mlcc-smd-smt_tdk-cga3e2x7r2a102kt0y0n_C342905.html,"Capacitor 1nF 10% 100V X7R 0603 Automotive Grade MLCC (CGA Series), TDK CGA3E2X7R2A102KT0Y0N (Flight, LCSC Extended)",capacitor 1nF 0603 tdk tdk cga flight general purpose,20530,0.0175
C 1nF 0603 50V X7R 10% TDK,1nF,C342900,Extended,CGA3E2X7R1H102KT0Y0N,TDK,TDK CGA,0603,10%,,50V,X7R,,,,,E24,Flight,General Purpose,Device:C,Capacitor_SMD:C_0603_1608Metric,https://wmsc.lcsc.com/wmsc/upload/file/pdf/v2/lcsc/2304140030_TDK-CGA3E2X7R1H102KT0Y0N_C342900.pdf,https://www.lcsc.com/product-detail/multilayer-ceramic-capacitors-mlcc-smd-smt_tdk-cga3e2x7r1h102kt0y0n_C342900.html,"Capacitor 1nF 10% 50V X7R 0603 Automotive Grade MLCC (CGA Series), TDK CGA3E2X7R1H102KT0Y0N (Flight, LCSC Extended)",capacitor 1nF 0603 tdk tdk cga flight general purpose,23392,0.0156
C 1nF 0603 50V X8R 10% TDK,1nF,C342999,Extended,CGA3E2X8R1H102KT0Y0H,TDK,TDK CGA,0603,10%,,50V,X8R,,,,,E24,Flight,General Purpose,Device:C,Capacitor_SMD:C_0603_1608Metric,https://wmsc.lcsc.com/wmsc/upload/file/pdf/v2/lcsc/2205091745_TDK-CGA3E2X8R1H102KT0Y0H_C342999.pdf,https://www.lcsc.com/product-detail/multilayer-ceramic-capacitors-mlcc-smd-smt_tdk-cga3e2x8r1h102kt0y0h_C342999.html,"Capacitor 1nF 10% 50V X8R 0603 Automotive Grade MLCC (CGA Series), TDK CGA3E2X8R1H102KT0Y0H (Flight, LCSC Extended)",capacitor 1nF 0603 tdk tdk cga flight general purpose,2785,0.0274
C 1nF 0603 100V NP0 5% TDK,1nF,C5139540,Extended,CGA3E2NP02A102JT0Y0N,TDK,TDK CGA,0603,5%,,100V,NP0,,,,,E24,Flight,General Purpose,Device:C,Capacitor_SMD:C_0603_1608Metric,https://wmsc.lcsc.com/wmsc/upload/file/pdf/v2/lcsc/2208240930_TDK-CGA3E2NP02A102JT0Y0N_C5139540.pdf,https://www.lcsc.com/product-detail/multilayer-ceramic-capacitors-mlcc-smd-smt_tdk-cga3e2np02a102jt0y0n_C5139540.html,"Capacitor 1nF 5% 100V NP0 0603 Automotive Grade MLCC (CGA Series), TDK CGA3E2NP02A102JT0Y0N (Flight, LCSC Extended)",capacitor 1nF 0603 tdk tdk cga flight general purpose,394,0.0628
C 1nF 0603 100V C0G 5% TDK,1nF,C361191,Extended,CGA3EAC0G2A102JT000N,TDK,TDK CGA,0603,5%,,100V,C0G,,,,,E24,Flight,General Purpose,Device:C,Capacitor_SMD:C_0603_1608Metric,https://www.lcsc.com/datasheet/lcsc_datasheet_1912111437_TDK-CGA3EAC0G2A102JT000N_C361191.pdf,https://www.lcsc.com/product-detail/multilayer-ceramic-capacitors-mlcc-smd-smt_tdk-cga3eac0g2a102jt000n_C361191.html,"Capacitor 1nF 5% 100V C0G 0603 Automotive Grade MLCC (CGA Series), TDK CGA3EAC0G2A102JT000N (Flight, LCSC Extended)",capacitor 1nF 0603 tdk tdk cga flight general purpose,3648,0.041
C 1nF 0603 50V C0G 5% TDK,1nF,C342910,Extended,CGA3E2C0G1H102JT0Y0N,TDK,TDK CGA,0603,5%,,50V,C0G,,,,,E24,Flight,General Purpose,Device:C,Capacitor_SMD:C_0603_1608Metric,https://www.lcsc.com/datasheet/lcsc_datasheet_2304140030_TDK-CGA3E2C0G1H102JT0Y0N_C342910.pdf,https://www.lcsc.com/product-detail/multilayer-ceramic-capacitors-mlcc-smd-smt_tdk-cga3e2c0g1h102jt0y0n_C342910.html,"Capacitor 1nF 5% 50V C0G 0603 Automotive Grade MLCC (CGA Series), TDK CGA3E2C0G1H102JT0Y0N (Flight, LCSC Extended)",capacitor 1nF 0603 tdk tdk cga flight general purpose,5606,0.0282
C 1nF 0603 50V NP0 5% TDK,1nF,C694500,Extended,CGA3E2NP01H102JT0Y0N,TDK,TDK CGA,0603,5%,,50V,NP0,,,,,E24,Flight,General Purpose,Device:C,Capacitor_SMD:C_0603_1608Metric,https://www.lcsc.com/datasheet/lcsc_datasheet_2010221134_TDK-CGA3E2NP01H102JT0Y0N_C694500.pdf,https://www.lcsc.com/product-detail/multilayer-ceramic-capacitors-mlcc-smd-smt_tdk-cga3e2np01h102jt0y0n_C694500.html,"Capacitor 1nF 5% 50V NP0 0603 Automotive Grade MLCC (CGA Series), TDK CGA3E2NP01H102JT0Y0N (Flight, LCSC Extended)",capacitor 1nF 0603 tdk tdk cga flight general purpose,1152,0.0477
C 1.2nF 0603 100V C0G 5% TDK,1.2nF,C342931,Extended,CGA3E2C0G2A122JT0Y0N,TDK,TDK CGA,0603,5%,,100V,C0G,,,,,E24,Flight,General Purpose,Device:C,Capacitor_SMD:C_0603_1608Metric,https://wmsc.lcsc.com/wmsc/upload/file/pdf/v2/lcsc/2304140030_TDK-CGA3E2C0G2A122JT0Y0N_C342931.pdf,https://www.lcsc.com/product-detail/multilayer-ceramic-capacitors-mlcc-smd-smt_tdk-cga3e2c0g2a122jt0y0n_C342931.html,"Capacitor 1.2nF 5% 100V C0G 0603 Automotive Grade MLCC (CGA Series), TDK CGA3E2C0G2A122JT0Y0N (Flight, LCSC Extended)",capacitor 1.2nF 0603 tdk tdk cga flight general purpose,24,0.0367
C 1.5nF 0603 50V X7R 10% TDK,1.5nF,C342916,Extended,CGA3E2X7R1H152KT0Y0N,TDK,TDK CGA,0603,10%,,50V,X7R,,,,,E24,Flight,General Purpose,Device:C,Capacitor_SMD:C_0603_1608Metric,https://wmsc.lcsc.com/wmsc/upload/file/pdf/v2/lcsc/2304140030_TDK-CGA3E2X7R1H152KT0Y0N_C342916.pdf,https://www.lcsc.com/product-detail/multilayer-ceramic-capacitors-mlcc-smd-smt_tdk-cga3e2x7r1h152kt0y0n_C342916.html,"Capacitor 1.5nF 10% 50V X7R 0603 Automotive Grade MLCC (CGA Series), TDK CGA3E2X7R1H152KT0Y0N (Flight, LCSC Extended)",capacitor 1.5nF 0603 tdk tdk cga flight general purpose,1991,0.0073
C 1.5nF 0603 50V C0G 5% TDK,1.5nF,C694221,Extended,CGA3E2C0G1H152JT0Y0N,TDK,TDK CGA,0603,5%,,50V,C0G,,,,,E24,Flight,General Purpose,Device:C,Capacitor_SMD:C_0603_1608Metric,https://wmsc.lcsc.com/wmsc/upload/file/pdf/v2/lcsc/2304140030_TDK-CGA3E2C0G1H152JT0Y0N_C694221.pdf,https://www.lcsc.com/product-detail/multilayer-ceramic-capacitors-mlcc-smd-smt_tdk-cga3e2c0g1h152jt0y0n_C694221.html,"Capacitor 1.5nF 5% 50V C0G 0603 Automotive Grade MLCC (CGA Series), TDK CGA3E2C0G1H152JT0Y0N (Flight, LCSC Extended)",capacitor 1.5nF 0603 tdk tdk cga flight general purpose,9285,0.0435
C 1.8nF 0603 50V C0G 5% TDK,1.8nF,C3836947,Extended,CGA3E2C0G1H182J080AE,TDK,TDK CGA,0603,5%,,50V,C0G,,,,,E24,Flight,General Purpose,Device:C,Capacitor_SMD:C_0603_1608Metric,https://wmsc.lcsc.com/wmsc/upload/file/pdf/v2/lcsc/2401221247_TDK-CGA3E2C0G1H182J080AE_C3836947.pdf,https://www.lcsc.com/product-detail/multilayer-ceramic-capacitors-mlcc-smd-smt_tdk-cga3e2c0g1h182j080ae_C3836947.html,"Capacitor 1.8nF 5% 50V C0G 0603 Automotive Grade MLCC (CGA Series), TDK CGA3E2C0G1H182J080AE (Flight, LCSC Extended)",capacitor 1.8nF 0603 tdk tdk cga flight general purpose,25,0.0619
C 2.2nF 0603 100V X7R 10% TDK,2.2nF,C342898,Extended,CGA3E2X7R2A222KT0Y0N,TDK,TDK CGA,0603,10%,,100V,X7R,,,,,E24,Flight,General Purpose,Device:C,Capacitor_SMD:C_0603_1608Metric,https://wmsc.lcsc.com/wmsc/upload/file/pdf/v2/lcsc/2304140030_TDK-CGA3E2X7R2A222KT0Y0N_C342898.pdf,https://www.lcsc.com/product-detail/multilayer-ceramic-capacitors-mlcc-smd-smt_tdk-cga3e2x7r2a222kt0y0n_C342898.html,"Capacitor 2.2nF 10% 100V X7R 0603 Automotive Grade MLCC (CGA Series), TDK CGA3E2X7R2A222KT0Y0N (Flight, LCSC Extended)",capacitor 2.2nF 0603 tdk tdk cga flight general purpose,44,0.0201
C 2.2nF 0603 100V X8R 10% TDK,2.2nF,C694502,Extended,CGA3E2X8R2A222KT0Y0H,TDK,TDK CGA,0603,10%,,100V,X8R,,,,,E24,Flight,General Purpose,Device:C,Capacitor_SMD:C_0603_1608Metric,https://wmsc.lcsc.com/wmsc/upload/file/pdf/v2/lcsc/2304140030_TDK-CGA3E2X8R2A222KT0Y0H_C694502.pdf,https://www.lcsc.com/product-detail/multilayer-ceramic-capacitors-mlcc-smd-smt_tdk-cga3e2x8r2a222kt0y0h_C694502.html,"Capacitor 2.2nF 10% 100V X8R 0603 Automotive Grade MLCC (CGA Series), TDK CGA3E2X8R2A222KT0Y0H (Flight, LCSC Extended)",capacitor 2.2nF 0603 tdk tdk cga flight general purpose,3,0.0368
C 2.2nF 0603 50V X7R 10% TDK,2.2nF,C342902,Extended,CGA3E2X7R1H222KT0Y0N,TDK,TDK CGA,0603,10%,,50V,X7R,,,,,E24,Flight,General Purpose,Device:C,Capacitor_SMD:C_0603_1608Metric,https://wmsc.lcsc.com/wmsc/upload/file/pdf/v2/lcsc/2304140030_TDK-CGA3E2X7R1H222KT0Y0N_C342902.pdf,https://www.lcsc.com/product-detail/multilayer-ceramic-capacitors-mlcc-smd-smt_tdk-cga3e2x7r1h222kt0y0n_C342902.html,"Capacitor 2.2nF 10% 50V X7R 0603 Automotive Grade MLCC (CGA Series), TDK CGA3E2X7R1H222KT0Y0N (Flight, LCSC Extended)",capacitor 2.2nF 0603 tdk tdk cga flight general purpose,9306,0.0099
C 2.2nF 0603 50V X8R 10% TDK,2.2nF,C343000,Extended,CGA3E2X8R1H222KT0Y0H,TDK,TDK CGA,0603,10%,,50V,X8R,,,,,E24,Flight,General Purpose,Device:C,Capacitor_SMD:C_0603_1608Metric,https://wmsc.lcsc.com/wmsc/upload/file/pdf/v2/lcsc/1912111437_TDK-CGA3E2X8R1H222KT0Y0H_C343000.pdf,https://www.lcsc.com/product-detail/multilayer-ceramic-capacitors-mlcc-smd-smt_tdk-cga3e2x8r1h222kt0y0h_C343000.html,"Capacitor 2.2nF 10% 50V X8R 0603 Automotive Grade MLCC (CGA Series), TDK CGA3E2X8R1H222KT0Y0H (Flight, LCSC Extended)",capacitor 2.2nF 0603 tdk tdk cga flight general purpose,7,0.0477
C 2.2nF 0603 50V C0G 5% TDK,2.2nF,C412299,Extended,CGA3E2C0G1H222JT0Y0N,TDK,TDK CGA,0603,5%,,50V,C0G,,,,,E24,Flight,General Purpose,Device:C,Capacitor_SMD:C_0603_1608Metric,https://wmsc.lcsc.com/wmsc/upload/file/pdf/v2/lcsc/2304140030_TDK-CGA3E2C0G1H222JT0Y0N_C412299.pdf,https://www.lcsc.com/product-detail/multilayer-ceramic-capacitors-mlcc-smd-smt_tdk-cga3e2c0g1h222jt0y0n_C412299.html,"Capacitor 2.2nF 5% 50V C0G 0603 Automotive Grade MLCC (CGA Series), TDK CGA3E2C0G1H222JT0Y0N (Flight, LCSC Extended)",capacitor 2.2nF 0603 tdk tdk cga flight general purpose,4,0.0396
C 2.7nF 0603 50V C0G 5% TDK,2.7nF,C694497,Extended,CGA3E2C0G1H272JT0Y0N,TDK,TDK CGA,0603,5%,,50V,C0G,,,,,E24,Flight,General Purpose,Device:C,Capacitor_SMD:C_0603_1608Metric,https://wmsc.lcsc.com/wmsc/upload/file/pdf/v2/lcsc/2304140030_TDK-CGA3E2C0G1H272JT0Y0N_C694497.pdf,https://www.lcsc.com/product-detail/multilayer-ceramic-capacitors-mlcc-smd-smt_tdk-cga3e2c0g1h272jt0y0n_C694497.html,"Capacitor 2.7nF 5% 50V C0G 0603 Automotive Grade MLCC (CGA Series), TDK CGA3E2C0G1H272JT0Y0N (Flight, LCSC Extended)",capacitor 2.7nF 0603 tdk tdk cga flight general purpose,1457,0.0391
C 3.3nF 0603 100V X7R 10% TDK,3.3nF,C338064,Extended,CGA3E2X7R2A332KT0Y0N,TDK,TDK CGA,0603,10%,,100V,X7R,,,,,E24,Flight,General Purpose,Device:C,Capacitor_SMD:C_0603_1608Metric,https://wmsc.lcsc.com/wmsc/upload/file/pdf/v2/lcsc/2304140030_TDK-CGA3E2X7R2A332KT0Y0N_C338064.pdf,https://www.lcsc.com/product-detail/multilayer-ceramic-capacitors-mlcc-smd-smt_tdk-cga3e2x7r2a332kt0y0n_C338064.html,"Capacitor 3.3nF 10% 100V X7R 0603 Automotive Grade MLCC (CGA Series), TDK CGA3E2X7R2A332KT0Y0N (Flight, LCSC Extended)",capacitor 3.3nF 0603 tdk tdk cga flight general purpose,3923,0.0272
C 3.3nF 0603 50V X7R 10% TDK,3.3nF,C342917,Extended,CGA3E2X7R1H332KT0Y0N,TDK,TDK CGA,0603,10%,,50V,X7R,,,,,E24,Flight,General Purpose,Device:C,Capacitor_SMD:C_0603_1608Metric,https://wmsc.lcsc.com/wmsc/upload/file/pdf/v2/lcsc/2304140030_TDK-CGA3E2X7R1H332KT0Y0N_C342917.pdf,https://www.lcsc.com/product-detail/multilayer-ceramic-capacitors-mlcc-smd-smt_tdk-cga3e2x7r1h332kt0y0n_C342917.html,"Capacitor 3.3nF 10% 50V X7R 0603 Automotive Grade MLCC (CGA Series), TDK CGA3E2X7R1H332KT0Y0N (Flight, LCSC Extended)",capacitor 3.3nF 0603 tdk tdk cga flight general purpose,8,0.0217
C 3.3nF 0603 50V C0G 5% TDK,3.3nF,C342822,Extended,CGA3E2C0G1H332JT0Y0N,TDK,TDK CGA,0603,5%,,50V,C0G,,,,,E24,Flight,General Purpose,Device:C,Capacitor_SMD:C_0603_1608Metric,https://wmsc.lcsc.com/wmsc/upload/file/pdf/v2/lcsc/2304140030_TDK-CGA3E2C0G1H332JT0Y0N_C342822.pdf,https://www.lcsc.com/product-detail/multilayer-ceramic-capacitors-mlcc-smd-smt_tdk-cga3e2c0g1h332jt0y0n_C342822.html,"Capacitor 3.3nF 5% 50V C0G 0603 Automotive Grade MLCC (CGA Series), TDK CGA3E2C0G1H332JT0Y0N (Flight, LCSC Extended)",capacitor 3.3nF 0603 tdk tdk cga flight general purpose,2524,0.0586
C 4.7nF 0603 100V X7R 10% TDK,4.7nF,C342899,Extended,CGA3E2X7R2A472KT0Y0N,TDK,TDK CGA,0603,10%,,100V,X7R,,,,,E24,Flight,General Purpose,Device:C,Capacitor_SMD:C_0603_1608Metric,https://wmsc.lcsc.com/wmsc/upload/file/pdf/v2/lcsc/2304140030_TDK-CGA3E2X7R2A472KT0Y0N_C342899.pdf,https://www.lcsc.com/product-detail/multilayer-ceramic-capacitors-mlcc-smd-smt_tdk-cga3e2x7r2a472kt0y0n_C342899.html,"Capacitor 4.7nF 10% 100V X7R 0603 Automotive Grade MLCC (CGA Series), TDK CGA3E2X7R2A472KT0Y0N (Flight, LCSC Extended)",capacitor 4.7nF 0603 tdk tdk cga flight general purpose,10255,0.0156
C 4.7nF 0603 100V X8R 10% TDK,4.7nF,C880688,Extended,CGA3E2X8R2A472KT0Y0H,TDK,TDK CGA,0603,10%,,100V,X8R,,,,,E24,Flight,General Purpose,Device:C,Capacitor_SMD:C_0603_1608Metric,https://wmsc.lcsc.com/wmsc/upload/file/pdf/v2/lcsc/2304140030_TDK-CGA3E2X8R2A472KT0Y0H_C880688.pdf,https://www.lcsc.com/product-detail/multilayer-ceramic-capacitors-mlcc-smd-smt_tdk-cga3e2x8r2a472kt0y0h_C880688.html,"Capacitor 4.7nF 10% 100V X8R 0603 Automotive Grade MLCC (CGA Series), TDK CGA3E2X8R2A472KT0Y0H (Flight, LCSC Extended)",capacitor 4.7nF 0603 tdk tdk cga flight general purpose,2,0.0409
C 4.7nF 0603 50V X7R 10% TDK,4.7nF,C46617732,Extended,CGA3E2X7R1H472KT0Y0S,TDK,TDK CGA,0603,10%,,50V,X7R,,,,,E24,Flight,General Purpose,Device:C,Capacitor_SMD:C_0603_1608Metric,https://product.tdk.com/en/system/files/dam/doc/product/capacitor/ceramic/mlcc/catalog/mlcc_automotive_general_en.pdf,https://www.lcsc.com/product-detail/C46617732.html,"Capacitor 4.7nF 10% 50V X7R 0603 Automotive Grade MLCC (CGA Series), TDK CGA3E2X7R1H472KT0Y0S (Flight, LCSC Extended)",capacitor 4.7nF 0603 tdk tdk cga flight general purpose,3396,0.0477
C 4.7nF 0603 50V X8R 10% TDK,4.7nF,C5139523,Extended,CGA3E2X8R1H472KT0Y0H,TDK,TDK CGA,0603,10%,,50V,X8R,,,,,E24,Flight,General Purpose,Device:C,Capacitor_SMD:C_0603_1608Metric,https://wmsc.lcsc.com/wmsc/upload/file/pdf/v2/lcsc/2208240930_TDK-CGA3E2X8R1H472KT0Y0H_C5139523.pdf,https://www.lcsc.com/product-detail/multilayer-ceramic-capacitors-mlcc-smd-smt_tdk-cga3e2x8r1h472kt0y0h_C5139523.html,"Capacitor 4.7nF 10% 50V X8R 0603 Automotive Grade MLCC (CGA Series), TDK CGA3E2X8R1H472KT0Y0H (Flight, LCSC Extended)",capacitor 4.7nF 0603 tdk tdk cga flight general purpose,10,0.0358
C 4.7nF 0603 100V C0G 5% TDK,4.7nF,C695387,Extended,CGA3EAC0G2A472JT000E,TDK,TDK CGA,0603,5%,,100V,C0G,,,,,E24,Flight,General Purpose,Device:C,Capacitor_SMD:C_0603_1608Metric,https://wmsc.lcsc.com/wmsc/upload/file/pdf/v2/lcsc/2010141133_TDK-CGA3EAC0G2A472JT000E_C695387.pdf,https://www.lcsc.com/product-detail/multilayer-ceramic-capacitors-mlcc-smd-smt_tdk-cga3eac0g2a472jt000e_C695387.html,"Capacitor 4.7nF 5% 100V C0G 0603 Automotive Grade MLCC (CGA Series), TDK CGA3EAC0G2A472JT000E (Flight, LCSC Extended)",capacitor 4.7nF 0603 tdk tdk cga flight general purpose,13483,0.098
C 4.7nF 0603 50V C0G 5% TDK,4.7nF,C338071,Extended,CGA3E2C0G1H472JT0Y0N,TDK,TDK CGA,0603,5%,,50V,C0G,,,,,E24,Flight,General Purpose,Device:C,Capacitor_SMD:C_0603_1608Metric,https://www.lcsc.com/datasheet/lcsc_datasheet_2304140030_TDK-CGA3E2C0G1H472JT0Y0N_C338071.pdf,https://www.lcsc.com/product-detail/multilayer-ceramic-capacitors-mlcc-smd-smt_tdk-cga3e2c0g1h472jt0y0n_C338071.html,"Capacitor 4.7nF 5% 50V C0G 0603 Automotive Grade MLCC (CGA Series), TDK CGA3E2C0G1H472JT0Y0N (Flight, LCSC Extended)",capacitor 4.7nF 0603 tdk tdk cga flight general purpose,1254,0.0475
C 5.6nF 0603 100V C0G 5% TDK,5.6nF,C5139613,Extended,CGA3E1C0G2A562JT0Y0E,TDK,TDK CGA,0603,5%,,100V,C0G,,,,,E24,Flight,General Purpose,Device:C,Capacitor_SMD:C_0603_1608Metric,https://wmsc.lcsc.com/wmsc/upload/file/pdf/v2/lcsc/2208240930_TDK-CGA3E1C0G2A562JT0Y0E_C5139613.pdf,https://www.lcsc.com/product-detail/multilayer-ceramic-capacitors-mlcc-smd-smt_tdk-cga3e1c0g2a562jt0y0e_C5139613.html,"Capacitor 5.6nF 5% 100V C0G 0603 Automotive Grade MLCC (CGA Series), TDK CGA3E1C0G2A562JT0Y0E (Flight, LCSC Extended)",capacitor 5.6nF 0603 tdk tdk cga flight general purpose,1040,0.0918
C 6.8nF 0603 50V X7R 10% TDK,6.8nF,C342918,Extended,CGA3E2X7R1H682KT0Y0N,TDK,TDK CGA,0603,10%,,50V,X7R,,,,,E24,Flight,General Purpose,Device:C,Capacitor_SMD:C_0603_1608Metric,https://wmsc.lcsc.com/wmsc/upload/file/pdf/v2/lcsc/2304140030_TDK-CGA3E2X7R1H682KT0Y0N_C342918.pdf,https://www.lcsc.com/product-detail/multilayer-ceramic-capacitors-mlcc-smd-smt_tdk-cga3e2x7r1h682kt0y0n_C342918.html,"Capacitor 6.8nF 10% 50V X7R 0603 Automotive Grade MLCC (CGA Series), TDK CGA3E2X7R1H682KT0Y0N (Flight, LCSC Extended)",capacitor 6.8nF 0603 tdk tdk cga flight general purpose,14,0.0241
C 6.8nF 0603 100V C0G 5% TDK,6.8nF,C432944,Extended,CGA3EAC0G2A682JT000E,TDK,TDK CGA,0603,5%,,100V,C0G,,,,,E24,Flight,General Purpose,Device:C,Capacitor_SMD:C_0603_1608Metric,https://www.lcsc.com/datasheet/lcsc_datasheet_2304140030_TDK-CGA3EAC0G2A682JT000E_C432944.pdf,https://www.lcsc.com/product-detail/multilayer-ceramic-capacitors-mlcc-smd-smt_tdk-cga3eac0g2a682jt000e_C432944.html,"Capacitor 6.8nF 5% 100V C0G 0603 Automotive Grade MLCC (CGA Series), TDK CGA3EAC0G2A682JT000E (Flight, LCSC Extended)",capacitor 6.8nF 0603 tdk tdk cga flight general purpose,6279,0.0775
C 6.8nF 0603 50V C0G 5% TDK,6.8nF,C2835383,Extended,CGA3E2C0G1H682JT0Y0N,TDK,TDK CGA,0603,5%,,50V,C0G,,,,,E24,Flight,General Purpose,Device:C,Capacitor_SMD:C_0603_1608Metric,https://wmsc.lcsc.com/wmsc/upload/file/pdf/v2/lcsc/2108160930_TDK-CGA3E2C0G1H682JT0Y0N_C2835383.pdf,https://www.lcsc.com/product-detail/multilayer-ceramic-capacitors-mlcc-smd-smt_tdk-cga3e2c0g1h682jt0y0n_C2835383.html,"Capacitor 6.8nF 5% 50V C0G 0603 Automotive Grade MLCC (CGA Series), TDK CGA3E2C0G1H682JT0Y0N (Flight, LCSC Extended)",capacitor 6.8nF 0603 tdk tdk cga flight general purpose,5731,0.0581
C 10nF 0603 100V X7R 10% TDK,10nF,C338047,Extended,CGA3E2X7R2A103KT0Y0N,TDK,TDK CGA,0603,10%,,100V,X7R,,,,,E24,Flight,General Purpose,Device:C,Capacitor_SMD:C_0603_1608Metric,https://wmsc.lcsc.com/wmsc/upload/file/pdf/v2/lcsc/2304140030_TDK-CGA3E2X7R2A103KT0Y0N_C338047.pdf,https://www.lcsc.com/product-detail/multilayer-ceramic-capacitors-mlcc-smd-smt_tdk-cga3e2x7r2a103kt0y0n_C338047.html,"Capacitor 10nF 10% 100V X7R 0603 Automotive Grade MLCC (CGA Series), TDK CGA3E2X7R2A103KT0Y0N (Flight, LCSC Extended)",capacitor 10nF 0603 tdk tdk cga flight general purpose,49,0.0161
C 10nF 0603 100V X8R 10% TDK,10nF,C445734,Extended,CGA3E2X8R2A103KT0Y0H,TDK,TDK CGA,0603,10%,,100V,X8R,,,,,E24,Flight,General Purpose,Device:C,Capacitor_SMD:C_0603_1608Metric,https://wmsc.lcsc.com/wmsc/upload/file/pdf/v2/lcsc/2304140030_TDK-CGA3E2X8R2A103KT0Y0H_C445734.pdf,https://www.lcsc.com/product-detail/multilayer-ceramic-capacitors-mlcc-smd-smt_tdk-cga3e2x8r2a103kt0y0h_C445734.html,"Capacitor 10nF 10% 100V X8R 0603 Automotive Grade MLCC (CGA Series), TDK CGA3E2X8R2A103KT0Y0H (Flight, LCSC Extended)",capacitor 10nF 0603 tdk tdk cga flight general purpose,486,0.031
C 10nF 0603 50V X7R 10% TDK,10nF,C342901,Extended,CGA3E2X7R1H103KT0Y0N,TDK,TDK CGA,0603,10%,,50V,X7R,,,,,E24,Flight,General Purpose,Device:C,Capacitor_SMD:C_0603_1608Metric,https://www.lcsc.com/datasheet/lcsc_datasheet_2304140030_TDK-CGA3E2X7R1H103KT0Y0N_C342901.pdf,https://www.lcsc.com/product-detail/multilayer-ceramic-capacitors-mlcc-smd-smt_tdk-cga3e2x7r1h103kt0y0n_C342901.html,"Capacitor 10nF 10% 50V X7R 0603 Automotive Grade MLCC (CGA Series), TDK CGA3E2X7R1H103KT0Y0N (Flight, LCSC Extended)",capacitor 10nF 0603 tdk tdk cga flight general purpose,22732,0.0134
C 10nF 0603 50V X8R 10% TDK,10nF,C445735,Extended,CGA3E2X8R1H103KT0Y0H,TDK,TDK CGA,0603,10%,,50V,X8R,,,,,E24,Flight,General Purpose,Device:C,Capacitor_SMD:C_0603_1608Metric,https://wmsc.lcsc.com/wmsc/upload/file/pdf/v2/lcsc/2304140030_TDK-CGA3E2X8R1H103KT0Y0H_C445735.pdf,https://www.lcsc.com/product-detail/multilayer-ceramic-capacitors-mlcc-smd-smt_tdk-cga3e2x8r1h103kt0y0h_C445735.html,"Capacitor 10nF 10% 50V X8R 0603 Automotive Grade MLCC (CGA Series), TDK CGA3E2X8R1H103KT0Y0H (Flight, LCSC Extended)",capacitor 10nF 0603 tdk tdk cga flight general purpose,4521,0.0357
C 10nF 0603 100V C0G 5% TDK,10nF,C342796,Extended,CGA3EAC0G2A103JT000E,TDK,TDK CGA,0603,5%,,100V,C0G,,,,,E24,Flight,General Purpose,Device:C,Capacitor_SMD:C_0603_1608Metric,https://www.lcsc.com/datasheet/lcsc_datasheet_2304140030_TDK-CGA3EAC0G2A103JT000E_C342796.pdf,https://www.lcsc.com/product-detail/multilayer-ceramic-capacitors-mlcc-smd-smt_tdk-cga3eac0g2a103jt000e_C342796.html,"Capacitor 10nF 5% 100V C0G 0603 Automotive Grade MLCC (CGA Series), TDK CGA3EAC0G2A103JT000E (Flight, LCSC Extended)",capacitor 10nF 0603 tdk tdk cga flight general purpose,101,0.1448
C 10nF 0603 100V NP0 5% TDK,10nF,C43106138,Extended,CGA3EANP02A103JT000E,TDK,TDK CGA,0603,5%,,100V,NP0,,,,,E24,Flight,General Purpose,Device:C,Capacitor_SMD:C_0603_1608Metric,https://product.tdk.com/en/system/files/dam/doc/product/capacitor/ceramic/mlcc/catalog/mlcc_automotive_general_en.pdf,https://www.lcsc.com/product-detail/C43106138.html,"Capacitor 10nF 5% 100V NP0 0603 Automotive Grade MLCC (CGA Series), TDK CGA3EANP02A103JT000E (Flight, LCSC Extended)",capacitor 10nF 0603 tdk tdk cga flight general purpose,42,0.125
C 10nF 0603 50V C0G 5% TDK,10nF,C76710,Extended,CGA3E2C0G1H103JT0Y0N,TDK,TDK CGA,0603,5%,,50V,C0G,,,,,E24,Flight,General Purpose,Device:C,Capacitor_SMD:C_0603_1608Metric,https://www.lcsc.com/datasheet/lcsc_datasheet_2304140030_TDK-CGA3E2C0G1H103JT0Y0N_C76710.pdf,https://www.lcsc.com/product-detail/multilayer-ceramic-capacitors-mlcc-smd-smt_tdk-cga3e2c0g1h103jt0y0n_C76710.html,"Capacitor 10nF 5% 50V C0G 0603 Automotive Grade MLCC (CGA Series), TDK CGA3E2C0G1H103JT0Y0N (Flight, LCSC Extended)",capacitor 10nF 0603 tdk tdk cga flight general purpose,8764,0.0384
C 10nF 0603 50V NP0 5% TDK,10nF,C2178075,Extended,CGA3E2NP01H103J080AA,TDK,TDK CGA,0603,5%,,50V,NP0,,,,,E24,Flight,General Purpose,Device:C,Capacitor_SMD:C_0603_1608Metric,https://wmsc.lcsc.com/wmsc/upload/file/pdf/v2/lcsc/2304140030_TDK-CGA3E2NP01H103J080AA_C2178075.pdf,https://www.lcsc.com/product-detail/multilayer-ceramic-capacitors-mlcc-smd-smt_tdk-cga3e2np01h103j080aa_C2178075.html,"Capacitor 10nF 5% 50V NP0 0603 Automotive Grade MLCC (CGA Series), TDK CGA3E2NP01H103J080AA (Flight, LCSC Extended)",capacitor 10nF 0603 tdk tdk cga flight general purpose,1,0.1604
C 15nF 0603 50V X7R 10% TDK,15nF,C342911,Extended,CGA3E2X7R1H153KT0Y0N,TDK,TDK CGA,0603,10%,,50V,X7R,,,,,E24,Flight,General Purpose,Device:C,Capacitor_SMD:C_0603_1608Metric,https://wmsc.lcsc.com/wmsc/upload/file/pdf/v2/lcsc/2304140030_TDK-CGA3E2X7R1H153KT0Y0N_C342911.pdf,https://www.lcsc.com/product-detail/multilayer-ceramic-capacitors-mlcc-smd-smt_tdk-cga3e2x7r1h153kt0y0n_C342911.html,"Capacitor 15nF 10% 50V X7R 0603 Automotive Grade MLCC (CGA Series), TDK CGA3E2X7R1H153KT0Y0N (Flight, LCSC Extended)",capacitor 15nF 0603 tdk tdk cga flight general purpose,1310,0.0199
C 22nF 0603 100V X8R 10% TDK,22nF,C5139510,Extended,CGA3E3X8R2A223KT0Y0N,TDK,TDK CGA,0603,10%,,100V,X8R,,,,,E24,Flight,General Purpose,Device:C,Capacitor_SMD:C_0603_1608Metric,https://wmsc.lcsc.com/wmsc/upload/file/pdf/v2/lcsc/2208240930_TDK-CGA3E3X8R2A223KT0Y0N_C5139510.pdf,https://www.lcsc.com/product-detail/multilayer-ceramic-capacitors-mlcc-smd-smt_tdk-cga3e3x8r2a223kt0y0n_C5139510.html,"Capacitor 22nF 10% 100V X8R 0603 Automotive Grade MLCC (CGA Series), TDK CGA3E3X8R2A223KT0Y0N (Flight, LCSC Extended)",capacitor 22nF 0603 tdk tdk cga flight general purpose,45,0.0495
C 22nF 0603 50V X7R 10% TDK,22nF,C342903,Extended,CGA3E2X7R1H223KT0Y0N,TDK,TDK CGA,0603,10%,,50V,X7R,,,,,E24,Flight,General Purpose,Device:C,Capacitor_SMD:C_0603_1608Metric,https://wmsc.lcsc.com/wmsc/upload/file/pdf/v2/lcsc/2304140030_TDK-CGA3E2X7R1H223KT0Y0N_C342903.pdf,https://www.lcsc.com/product-detail/multilayer-ceramic-capacitors-mlcc-smd-smt_tdk-cga3e2x7r1h223kt0y0n_C342903.html,"Capacitor 22nF 10% 50V X7R 0603 Automotive Grade MLCC (CGA Series), TDK CGA3E2X7R1H223KT0Y0N (Flight, LCSC Extended)",capacitor 22nF 0603 tdk tdk cga flight general purpose,2510,0.0065
C 33nF 0603 100V X8R 10% TDK,33nF,C880702,Extended,CGA3E3X8R2A333KT0Y0N,TDK,TDK CGA,0603,10%,,100V,X8R,,,,,E24,Flight,General Purpose,Device:C,Capacitor_SMD:C_0603_1608Metric,https://www.lcsc.com/datasheet/lcsc_datasheet_2304140030_TDK-CGA3E3X8R2A333KT0Y0N_C880702.pdf,https://www.lcsc.com/product-detail/multilayer-ceramic-capacitors-mlcc-smd-smt_tdk-cga3e3x8r2a333kt0y0n_C880702.html,"Capacitor 33nF 10% 100V X8R 0603 Automotive Grade MLCC (CGA Series), TDK CGA3E3X8R2A333KT0Y0N (Flight, LCSC Extended)",capacitor 33nF 0603 tdk tdk cga flight general purpose,550,0.0596
C 33nF 0603 50V X7R 10% TDK,33nF,C342923,Extended,CGA3E2X7R1H333KT0Y0N,TDK,TDK CGA,0603,10%,,50V,X7R,,,,,E24,Flight,General Purpose,Device:C,Capacitor_SMD:C_0603_1608Metric,https://wmsc.lcsc.com/wmsc/upload/file/pdf/v2/lcsc/2304140030_TDK-CGA3E2X7R1H333KT0Y0N_C342923.pdf,https://www.lcsc.com/product-detail/multilayer-ceramic-capacitors-mlcc-smd-smt_tdk-cga3e2x7r1h333kt0y0n_C342923.html,"Capacitor 33nF 10% 50V X7R 0603 Automotive Grade MLCC (CGA Series), TDK CGA3E2X7R1H333KT0Y0N (Flight, LCSC Extended)",capacitor 33nF 0603 tdk tdk cga flight general purpose,4138,0.0217
C 33nF 0603 50V X7R 20% TDK,33nF,C2181716,Extended,CGA3E2X7R1H333M080AA,TDK,TDK CGA,0603,20%,,50V,X7R,,,,,E24,Flight,General Purpose,Device:C,Capacitor_SMD:C_0603_1608Metric,https://wmsc.lcsc.com/wmsc/upload/file/pdf/v2/lcsc/2304140030_TDK-CGA3E2X7R1H333M080AA_C2181716.pdf,https://www.lcsc.com/product-detail/multilayer-ceramic-capacitors-mlcc-smd-smt_tdk-cga3e2x7r1h333m080aa_C2181716.html,"Capacitor 33nF 20% 50V X7R 0603 Automotive Grade MLCC (CGA Series), TDK CGA3E2X7R1H333M080AA (Flight, LCSC Extended)",capacitor 33nF 0603 tdk tdk cga flight general purpose,22,0.0776
C 47nF 0603 100V X7S 10% TDK,47nF,C338098,Extended,CGA3E3X7S2A473KT0Y0N,TDK,TDK CGA,0603,10%,,100V,X7S,,,,,E24,Flight,General Purpose,Device:C,Capacitor_SMD:C_0603_1608Metric,https://wmsc.lcsc.com/wmsc/upload/file/pdf/v2/lcsc/2304140030_TDK-CGA3E3X7S2A473KT0Y0N_C338098.pdf,https://www.lcsc.com/product-detail/multilayer-ceramic-capacitors-mlcc-smd-smt_tdk-cga3e3x7s2a473kt0y0n_C338098.html,"Capacitor 47nF 10% 100V X7S 0603 Automotive Grade MLCC (CGA Series), TDK CGA3E3X7S2A473KT0Y0N (Flight, LCSC Extended)",capacitor 47nF 0603 tdk tdk cga flight general purpose,3988,0.0477
C 47nF 0603 50V X7R 10% TDK,47nF,C76712,Extended,CGA3E2X7R1H473KT0Y0N,TDK,TDK CGA,0603,10%,,50V,X7R,,,,,E24,Flight,General Purpose,Device:C,Capacitor_SMD:C_0603_1608Metric,https://wmsc.lcsc.com/wmsc/upload/file/pdf/v2/lcsc/2011111004_TDK-CGA3E2X7R1H473KT0Y0N_C76712.pdf,https://www.lcsc.com/product-detail/multilayer-ceramic-capacitors-mlcc-smd-smt_tdk-cga3e2x7r1h473kt0y0n_C76712.html,"Capacitor 47nF 10% 50V X7R 0603 Automotive Grade MLCC (CGA Series), TDK CGA3E2X7R1H473KT0Y0N (Flight, LCSC Extended)",capacitor 47nF 0603 tdk tdk cga flight general purpose,60197,0.0147
C 47nF 0603 50V X8R 10% TDK,47nF,C342975,Extended,CGA3E2X8R1H473KT0Y0H,TDK,TDK CGA,0603,10%,,50V,X8R,,,,,E24,Flight,General Purpose,Device:C,Capacitor_SMD:C_0603_1608Metric,https://wmsc.lcsc.com/wmsc/upload/file/pdf/v2/lcsc/2304140030_TDK-CGA3E2X8R1H473KT0Y0H_C342975.pdf,https://www.lcsc.com/product-detail/multilayer-ceramic-capacitors-mlcc-smd-smt_tdk-cga3e2x8r1h473kt0y0h_C342975.html,"Capacitor 47nF 10% 50V X8R 0603 Automotive Grade MLCC (CGA Series), TDK CGA3E2X8R1H473KT0Y0H (Flight, LCSC Extended)",capacitor 47nF 0603 tdk tdk cga flight general purpose,6,0.0371
C 47nF 0603 100V X7S 20% TDK,47nF,C2180989,Extended,CGA3E3X7S2A473M080AB,TDK,TDK CGA,0603,20%,,100V,X7S,,,,,E24,Flight,General Purpose,Device:C,Capacitor_SMD:C_0603_1608Metric,https://wmsc.lcsc.com/wmsc/upload/file/pdf/v2/lcsc/2304140030_TDK-CGA3E3X7S2A473M080AB_C2180989.pdf,https://www.lcsc.com/product-detail/multilayer-ceramic-capacitors-mlcc-smd-smt_tdk-cga3e3x7s2a473m080ab_C2180989.html,"Capacitor 47nF 20% 100V X7S 0603 Automotive Grade MLCC (CGA Series), TDK CGA3E3X7S2A473M080AB (Flight, LCSC Extended)",capacitor 47nF 0603 tdk tdk cga flight general purpose,48,0.1585
C 68nF 0603 50V X7R 10% TDK,68nF,C126234,Extended,CGA3E2X7R1H683KT0Y0N,TDK,TDK CGA,0603,10%,,50V,X7R,,,,,E24,Flight,General Purpose,Device:C,Capacitor_SMD:C_0603_1608Metric,https://datasheet.lcsc.com/lcsc/1912111437_TDK-CGA3E2X7R1H683KT0Y0N_C126234.pdf,https://lcsc.com/product-detail/Multilayer-Ceramic-Capacitors-MLCC-SMD-SMT_TDK-CGA3E2X7R1H683KT0Y0N_C126234.html,"Capacitor 68nF 10% 50V X7R 0603 Automotive Grade MLCC (CGA Series), TDK CGA3E2X7R1H683KT0Y0N (Flight, LCSC Extended)",capacitor 68nF 0603 tdk tdk cga flight general purpose,4002,0.0297
C 100nF 0603 100V X7S 10% TDK,100nF,C338075,Extended,CGA3E3X7S2A104KT0Y0N,TDK,TDK CGA,0603,10%,,100V,X7S,,,,,E24,Flight,General Purpose,Device:C,Capacitor_SMD:C_0603_1608Metric,https://wmsc.lcsc.com/wmsc/upload/file/pdf/v2/lcsc/2304140030_TDK-CGA3E3X7S2A104KT0Y0N_C338075.pdf,https://www.lcsc.com/product-detail/multilayer-ceramic-capacitors-mlcc-smd-smt_tdk-cga3e3x7s2a104kt0y0n_C338075.html,"Capacitor 100nF 10% 100V X7S 0603 Automotive Grade MLCC (CGA Series), TDK CGA3E3X7S2A104KT0Y0N (Flight, LCSC Extended)",capacitor 100nF 0603 tdk tdk cga flight general purpose,9066,0.041
C 100nF 0603 25V X5R 10% TDK,100nF,C188621,Extended,CGA3E2X5R1E104K080AA,TDK,TDK CGA,0603,10%,,25V,X5R,,,,,E24,Flight,General Purpose,Device:C,Capacitor_SMD:C_0603_1608Metric,https://www.lcsc.com/datasheet/lcsc_datasheet_2304140030_TDK-CGA3E2X5R1E104K080AA_C188621.pdf,https://www.lcsc.com/product-detail/multilayer-ceramic-capacitors-mlcc-smd-smt_tdk-cga3e2x5r1e104k080aa_C188621.html,"Capacitor 100nF 10% 25V X5R 0603 Automotive Grade MLCC (CGA Series), TDK CGA3E2X5R1E104K080AA (Flight, LCSC Extended)",capacitor 100nF 0603 tdk tdk cga flight general purpose,6,0.0233
C 100nF 0603 25V X7R 10% TDK,100nF,C338117,Extended,CGA3E2X7R1E104KT0Y0N,TDK,TDK CGA,0603,10%,,25V,X7R,,,,,E24,Flight,General Purpose,Device:C,Capacitor_SMD:C_0603_1608Metric,https://wmsc.lcsc.com/wmsc/upload/file/pdf/v2/lcsc/2304140030_TDK-CGA3E2X7R1E104KT0Y0N_C338117.pdf,https://www.lcsc.com/product-detail/multilayer-ceramic-capacitors-mlcc-smd-smt_tdk-cga3e2x7r1e104kt0y0n_C338117.html,"Capacitor 100nF 10% 25V X7R 0603 Automotive Grade MLCC (CGA Series), TDK CGA3E2X7R1E104KT0Y0N (Flight, LCSC Extended)",capacitor 100nF 0603 tdk tdk cga flight general purpose,2,0.0068
C 100nF 0603 50V X7R 10% TDK,100nF,C76711,Extended,CGA3E2X7R1H104KT0Y0N,TDK,TDK CGA,0603,10%,,50V,X7R,,,,,E24,Flight,General Purpose,Device:C,Capacitor_SMD:C_0603_1608Metric,https://www.lcsc.com/datasheet/lcsc_datasheet_2204010930_TDK-CGA3E2X7R1H104KT0Y0N_C76711.pdf,https://www.lcsc.com/product-detail/multilayer-ceramic-capacitors-mlcc-smd-smt_tdk-cga3e2x7r1h104kt0y0n_C76711.html,"Capacitor 100nF 10% 50V X7R 0603 Automotive Grade MLCC (CGA Series), TDK CGA3E2X7R1H104KT0Y0N (Flight, LCSC Extended)",capacitor 100nF 0603 tdk tdk cga flight general purpose,538501,0.0163
C 100nF 0603 50V X8R 10% TDK,100nF,C342825,Extended,CGA3E3X8R1H104KT0Y0N,TDK,TDK CGA,0603,10%,,50V,X8R,,,,,E24,Flight,General Purpose,Device:C,Capacitor_SMD:C_0603_1608Metric,https://wmsc.lcsc.com/wmsc/upload/file/pdf/v2/lcsc/2304140030_TDK-CGA3E3X8R1H104KT0Y0N_C342825.pdf,https://www.lcsc.com/product-detail/multilayer-ceramic-capacitors-mlcc-smd-smt_tdk-cga3e3x8r1h104kt0y0n_C342825.html,"Capacitor 100nF 10% 50V X8R 0603 Automotive Grade MLCC (CGA Series), TDK CGA3E3X8R1H104KT0Y0N (Flight, LCSC Extended)",capacitor 100nF 0603 tdk tdk cga flight general purpose,6808,0.0946
C 150nF 0603 25V X7R 10% TDK,150nF,C694501,Extended,CGA3E2X7R1E154KT0Y0N,TDK,TDK CGA,0603,10%,,25V,X7R,,,,,E24,Flight,General Purpose,Device:C,Capacitor_SMD:C_0603_1608Metric,https://wmsc.lcsc.com/wmsc/upload/file/pdf/v2/lcsc/2208091530_TDK-CGA3E2X7R1E154KT0Y0N_C694501.pdf,https://www.lcsc.com/product-detail/multilayer-ceramic-capacitors-mlcc-smd-smt_tdk-cga3e2x7r1e154kt0y0n_C694501.html,"Capacitor 150nF 10% 25V X7R 0603 Automotive Grade MLCC (CGA Series), TDK CGA3E2X7R1E154KT0Y0N (Flight, LCSC Extended)",capacitor 150nF 0603 tdk tdk cga flight general purpose,88,0.024
C 150nF 0603 50V X7R 10% TDK,150nF,C432943,Extended,CGA3E3X7R1H154KT0Y0N,TDK,TDK CGA,0603,10%,,50V,X7R,,,,,E24,Flight,General Purpose,Device:C,Capacitor_SMD:C_0603_1608Metric,https://wmsc.lcsc.com/wmsc/upload/file/pdf/v2/lcsc/2304140030_TDK-CGA3E3X7R1H154KT0Y0N_C432943.pdf,https://www.lcsc.com/product-detail/multilayer-ceramic-capacitors-mlcc-smd-smt_tdk-cga3e3x7r1h154kt0y0n_C432943.html,"Capacitor 150nF 10% 50V X7R 0603 Automotive Grade MLCC (CGA Series), TDK CGA3E3X7R1H154KT0Y0N (Flight, LCSC Extended)",capacitor 150nF 0603 tdk tdk cga flight general purpose,294,0.0245
C 220nF 0603 16V X5R 10% TDK,220nF,C193098,Extended,CGA3E2X5R1C224K080AA,TDK,TDK CGA,0603,10%,,16V,X5R,,,,,E24,Flight,General Purpose,Device:C,Capacitor_SMD:C_0603_1608Metric,https://www.lcsc.com/datasheet/lcsc_datasheet_2304140030_TDK-CGA3E2X5R1C224K080AA_C193098.pdf,https://www.lcsc.com/product-detail/multilayer-ceramic-capacitors-mlcc-smd-smt_tdk-cga3e2x5r1c224k080aa_C193098.html,"Capacitor 220nF 10% 16V X5R 0603 Automotive Grade MLCC (CGA Series), TDK CGA3E2X5R1C224K080AA (Flight, LCSC Extended)",capacitor 220nF 0603 tdk tdk cga flight general purpose,1,0.0545
C 220nF 0603 16V X7R 10% TDK,220nF,C342913,Extended,CGA3E2X7R1C224KT0Y0N,TDK,TDK CGA,0603,10%,,16V,X7R,,,,,E24,Flight,General Purpose,Device:C,Capacitor_SMD:C_0603_1608Metric,https://wmsc.lcsc.com/wmsc/upload/file/pdf/v2/lcsc/2304140030_TDK-CGA3E2X7R1C224KT0Y0N_C342913.pdf,https://www.lcsc.com/product-detail/multilayer-ceramic-capacitors-mlcc-smd-smt_tdk-cga3e2x7r1c224kt0y0n_C342913.html,"Capacitor 220nF 10% 16V X7R 0603 Automotive Grade MLCC (CGA Series), TDK CGA3E2X7R1C224KT0Y0N (Flight, LCSC Extended)",capacitor 220nF 0603 tdk tdk cga flight general purpose,68,0.0145
C 220nF 0603 25V X7R 10% TDK,220nF,C343001,Extended,CGA3E1X7R1E224KT0Y0N,TDK,TDK CGA,0603,10%,,25V,X7R,,,,,E24,Flight,General Purpose,Device:C,Capacitor_SMD:C_0603_1608Metric,https://wmsc.lcsc.com/wmsc/upload/file/pdf/v2/lcsc/2304140030_TDK-CGA3E1X7R1E224KT0Y0N_C343001.pdf,https://www.lcsc.com/product-detail/multilayer-ceramic-capacitors-mlcc-smd-smt_tdk-cga3e1x7r1e224kt0y0n_C343001.html,"Capacitor 220nF 10% 25V X7R 0603 Automotive Grade MLCC (CGA Series), TDK CGA3E1X7R1E224KT0Y0N (Flight, LCSC Extended)",capacitor 220nF 0603 tdk tdk cga flight general purpose,377,0.0131
C 220nF 0603 25V X8R 10% TDK,220nF,C7587878,Extended,CGA3E3X8R1E224KT0Y0N,TDK,TDK CGA,0603,10%,,25V,X8R,,,,,E24,Flight,General Purpose,Device:C,Capacitor_SMD:C_0603_1608Metric,https://product.tdk.com/en/system/files/dam/doc/product/capacitor/ceramic/mlcc/catalog/mlcc_automotive_general_en.pdf,https://www.lcsc.com/product-detail/C7587878.html,"Capacitor 220nF 10% 25V X8R 0603 Automotive Grade MLCC (CGA Series), TDK CGA3E3X8R1E224KT0Y0N (Flight, LCSC Extended)",capacitor 220nF 0603 tdk tdk cga flight general purpose,1613,0.1022
C 220nF 0603 50V X7R 10% TDK,220nF,C342967,Extended,CGA3E3X7R1H224KT0Y0N,TDK,TDK CGA,0603,10%,,50V,X7R,,,,,E24,Flight,General Purpose,Device:C,Capacitor_SMD:C_0603_1608Metric,https://wmsc.lcsc.com/wmsc/upload/file/pdf/v2/lcsc/2304140030_TDK-CGA3E3X7R1H224KT0Y0N_C342967.pdf,https://www.lcsc.com/product-detail/multilayer-ceramic-capacitors-mlcc-smd-smt_tdk-cga3e3x7r1h224kt0y0n_C342967.html,"Capacitor 220nF 10% 50V X7R 0603 Automotive Grade MLCC (CGA Series), TDK CGA3E3X7R1H224KT0Y0N (Flight, LCSC Extended)",capacitor 220nF 0603 tdk tdk cga flight general purpose,3670,0.023
C 330nF 0603 16V X7R 10% TDK,330nF,C531425,Extended,CGA3E1X7R1C334KT0Y0N,TDK,TDK CGA,0603,10%,,16V,X7R,,,,,E24,Flight,General Purpose,Device:C,Capacitor_SMD:C_0603_1608Metric,https://wmsc.lcsc.com/wmsc/upload/file/pdf/v2/lcsc/2304140030_TDK-CGA3E1X7R1C334KT0Y0N_C531425.pdf,https://www.lcsc.com/product-detail/multilayer-ceramic-capacitors-mlcc-smd-smt_tdk-cga3e1x7r1c334kt0y0n_C531425.html,"Capacitor 330nF 10% 16V X7R 0603 Automotive Grade MLCC (CGA Series), TDK CGA3E1X7R1C334KT0Y0N (Flight, LCSC Extended)",capacitor 330nF 0603 tdk tdk cga flight general purpose,2,0.03
C 330nF 0603 25V X7R 10% TDK,330nF,C445737,Extended,CGA3E3X7R1E334KT0Y0N,TDK,TDK CGA,0603,10%,,25V,X7R,,,,,E24,Flight,General Purpose,Device:C,Capacitor_SMD:C_0603_1608Metric,https://wmsc.lcsc.com/wmsc/upload/file/pdf/v2/lcsc/2304140030_TDK-CGA3E3X7R1E334KT0Y0N_C445737.pdf,https://www.lcsc.com/product-detail/multilayer-ceramic-capacitors-mlcc-smd-smt_tdk-cga3e3x7r1e334kt0y0n_C445737.html,"Capacitor 330nF 10% 25V X7R 0603 Automotive Grade MLCC (CGA Series), TDK CGA3E3X7R1E334KT0Y0N (Flight, LCSC Extended)",capacitor 330nF 0603 tdk tdk cga flight general purpose,93,0.031
C 330nF 0603 35V X7R 10% TDK,330nF,C694217,Extended,CGA3E1X7R1V334KT0Y0E,TDK,TDK CGA,0603,10%,,35V,X7R,,,,,E24,Flight,General Purpose,Device:C,Capacitor_SMD:C_0603_1608Metric,https://wmsc.lcsc.com/wmsc/upload/file/pdf/v2/lcsc/2304140030_TDK-CGA3E1X7R1V334KT0Y0E_C694217.pdf,https://www.lcsc.com/product-detail/multilayer-ceramic-capacitors-mlcc-smd-smt_tdk-cga3e1x7r1v334kt0y0e_C694217.html,"Capacitor 330nF 10% 35V X7R 0603 Automotive Grade MLCC (CGA Series), TDK CGA3E1X7R1V334KT0Y0E (Flight, LCSC Extended)",capacitor 330nF 0603 tdk tdk cga flight general purpose,3584,0.0378
C 330nF 0603 50V X7R 10% TDK,330nF,C342856,Extended,CGA3E3X7R1H334KT000N,TDK,TDK CGA,0603,10%,,50V,X7R,,,,,E24,Flight,General Purpose,Device:C,Capacitor_SMD:C_0603_1608Metric,https://wmsc.lcsc.com/wmsc/upload/file/pdf/v2/lcsc/2304140030_TDK-CGA3E3X7R1H334KT000N_C342856.pdf,https://www.lcsc.com/product-detail/multilayer-ceramic-capacitors-mlcc-smd-smt_tdk-cga3e3x7r1h334kt000n_C342856.html,"Capacitor 330nF 10% 50V X7R 0603 Automotive Grade MLCC (CGA Series), TDK CGA3E3X7R1H334KT000N (Flight, LCSC Extended)",capacitor 330nF 0603 tdk tdk cga flight general purpose,4984,0.0676
C 470nF 0603 16V X7R 10% TDK,470nF,C342915,Extended,CGA3E1X7R1C474KT0Y0N,TDK,TDK CGA,0603,10%,,16V,X7R,,,,,E24,Flight,General Purpose,Device:C,Capacitor_SMD:C_0603_1608Metric,https://wmsc.lcsc.com/wmsc/upload/file/pdf/v2/lcsc/2304140030_TDK-CGA3E1X7R1C474KT0Y0N_C342915.pdf,https://www.lcsc.com/product-detail/multilayer-ceramic-capacitors-mlcc-smd-smt_tdk-cga3e1x7r1c474kt0y0n_C342915.html,"Capacitor 470nF 10% 16V X7R 0603 Automotive Grade MLCC (CGA Series), TDK CGA3E1X7R1C474KT0Y0N (Flight, LCSC Extended)",capacitor 470nF 0603 tdk tdk cga flight general purpose,30,0.0146
C 470nF 0603 16V X8R 10% TDK,470nF,C32647060,Extended,CGA3E3X8R1C474KT0Y0N,TDK,TDK CGA,0603,10%,,16V,X8R,,,,,E24,Flight,General Purpose,Device:C,Capacitor_SMD:C_0603_1608Metric,https://product.tdk.com/en/system/files/dam/doc/product/capacitor/ceramic/mlcc/catalog/mlcc_automotive_general_en.pdf,https://www.lcsc.com/product-detail/C32647060.html,"Capacitor 470nF 10% 16V X8R 0603 Automotive Grade MLCC (CGA Series), TDK CGA3E3X8R1C474KT0Y0N (Flight, LCSC Extended)",capacitor 470nF 0603 tdk tdk cga flight general purpose,2334,0.1261
C 470nF 0603 25V X7R 10% TDK,470nF,C342987,Extended,CGA3E3X7R1E474KT0Y0N,TDK,TDK CGA,0603,10%,,25V,X7R,,,,,E24,Flight,General Purpose,Device:C,Capacitor_SMD:C_0603_1608Metric,https://wmsc.lcsc.com/wmsc/upload/file/pdf/v2/lcsc/1912111437_TDK-CGA3E3X7R1E474KT0Y0N_C342987.pdf,https://www.lcsc.com/product-detail/multilayer-ceramic-capacitors-mlcc-smd-smt_tdk-cga3e3x7r1e474kt0y0n_C342987.html,"Capacitor 470nF 10% 25V X7R 0603 Automotive Grade MLCC (CGA Series), TDK CGA3E3X7R1E474KT0Y0N (Flight, LCSC Extended)",capacitor 470nF 0603 tdk tdk cga flight general purpose,3900,0.0386
C 470nF 0603 35V X7R 10% TDK,470nF,C342961,Extended,CGA3E1X7R1V474KT0Y0E,TDK,TDK CGA,0603,10%,,35V,X7R,,,,,E24,Flight,General Purpose,Device:C,Capacitor_SMD:C_0603_1608Metric,https://wmsc.lcsc.com/wmsc/upload/file/pdf/v2/lcsc/2207261800_TDK-CGA3E1X7R1V474KT0Y0E_C342961.pdf,https://www.lcsc.com/product-detail/multilayer-ceramic-capacitors-mlcc-smd-smt_tdk-cga3e1x7r1v474kt0y0e_C342961.html,"Capacitor 470nF 10% 35V X7R 0603 Automotive Grade MLCC (CGA Series), TDK CGA3E1X7R1V474KT0Y0E (Flight, LCSC Extended)",capacitor 470nF 0603 tdk tdk cga flight general purpose,4504,0.0555
C 470nF 0603 50V X5R 10% TDK,470nF,C694503,Extended,CGA3E3X5R1H474KT0Y0N,TDK,TDK CGA,0603,10%,,50V,X5R,,,,,E24,Flight,General Purpose,Device:C,Capacitor_SMD:C_0603_1608Metric,https://wmsc.lcsc.com/wmsc/upload/file/pdf/v2/lcsc/2304140030_TDK-CGA3E3X5R1H474KT0Y0N_C694503.pdf,https://www.lcsc.com/product-detail/multilayer-ceramic-capacitors-mlcc-smd-smt_tdk-cga3e3x5r1h474kt0y0n_C694503.html,"Capacitor 470nF 10% 50V X5R 0603 Automotive Grade MLCC (CGA Series), TDK CGA3E3X5R1H474KT0Y0N (Flight, LCSC Extended)",capacitor 470nF 0603 tdk tdk cga flight general purpose,697,0.0342
C 470nF 0603 50V X7R 10% TDK,470nF,C342857,Extended,CGA3E3X7R1H474KT000N,TDK,TDK CGA,0603,10%,,50V,X7R,,,,,E24,Flight,General Purpose,Device:C,Capacitor_SMD:C_0603_1608Metric,https://wmsc.lcsc.com/wmsc/upload/file/pdf/v2/lcsc/2304140030_TDK-CGA3E3X7R1H474KT000N_C342857.pdf,https://www.lcsc.com/product-detail/multilayer-ceramic-capacitors-mlcc-smd-smt_tdk-cga3e3x7r1h474kt000n_C342857.html,"Capacitor 470nF 10% 50V X7R 0603 Automotive Grade MLCC (CGA Series), TDK CGA3E3X7R1H474KT000N (Flight, LCSC Extended)",capacitor 470nF 0603 tdk tdk cga flight general purpose,8324,0.0698
C 680nF 0603 10V X5R 10% TDK,680nF,C193111,Extended,CGA3E2X5R1A684K080AA,TDK,TDK CGA,0603,10%,,10V,X5R,,,,,E24,Flight,General Purpose,Device:C,Capacitor_SMD:C_0603_1608Metric,https://www.lcsc.com/datasheet/lcsc_datasheet_2304140030_TDK-CGA3E2X5R1A684K080AA_C193111.pdf,https://www.lcsc.com/product-detail/multilayer-ceramic-capacitors-mlcc-smd-smt_tdk-cga3e2x5r1a684k080aa_C193111.html,"Capacitor 680nF 10% 10V X5R 0603 Automotive Grade MLCC (CGA Series), TDK CGA3E2X5R1A684K080AA (Flight, LCSC Extended)",capacitor 680nF 0603 tdk tdk cga flight general purpose,77,0.0528
C 680nF 0603 16V X7R 10% TDK,680nF,C76707,Extended,CGA3E1X7R1C684KT0Y0N,TDK,TDK CGA,0603,10%,,16V,X7R,,,,,E24,Flight,General Purpose,Device:C,Capacitor_SMD:C_0603_1608Metric,https://wmsc.lcsc.com/wmsc/upload/file/pdf/v2/lcsc/2304140030_TDK-CGA3E1X7R1C684KT0Y0N_C76707.pdf,https://www.lcsc.com/product-detail/multilayer-ceramic-capacitors-mlcc-smd-smt_tdk-cga3e1x7r1c684kt0y0n_C76707.html,"Capacitor 680nF 10% 16V X7R 0603 Automotive Grade MLCC (CGA Series), TDK CGA3E1X7R1C684KT0Y0N (Flight, LCSC Extended)",capacitor 680nF 0603 tdk tdk cga flight general purpose,604,0.028
C 680nF 0603 25V X7R 10% TDK,680nF,C342960,Extended,CGA3E1X7R1E684KT0Y0E,TDK,TDK CGA,0603,10%,,25V,X7R,,,,,E24,Flight,General Purpose,Device:C,Capacitor_SMD:C_0603_1608Metric,https://wmsc.lcsc.com/wmsc/upload/file/pdf/v2/lcsc/2304140030_TDK-CGA3E1X7R1E684KT0Y0E_C342960.pdf,https://www.lcsc.com/product-detail/multilayer-ceramic-capacitors-mlcc-smd-smt_tdk-cga3e1x7r1e684kt0y0e_C342960.html,"Capacitor 680nF 10% 25V X7R 0603 Automotive Grade MLCC (CGA Series), TDK CGA3E1X7R1E684KT0Y0E (Flight, LCSC Extended)",capacitor 680nF 0603 tdk tdk cga flight general purpose,8643,0.048
C 680nF 0603 50V X5R 10% TDK,680nF,C694504,Extended,CGA3E3X5R1H684KT0Y0N,TDK,TDK CGA,0603,10%,,50V,X5R,,,,,E24,Flight,General Purpose,Device:C,Capacitor_SMD:C_0603_1608Metric,https://wmsc.lcsc.com/wmsc/upload/file/pdf/v2/lcsc/2304140030_TDK-CGA3E3X5R1H684KT0Y0N_C694504.pdf,https://www.lcsc.com/product-detail/multilayer-ceramic-capacitors-mlcc-smd-smt_tdk-cga3e3x5r1h684kt0y0n_C694504.html,"Capacitor 680nF 10% 50V X5R 0603 Automotive Grade MLCC (CGA Series), TDK CGA3E3X5R1H684KT0Y0N (Flight, LCSC Extended)",capacitor 680nF 0603 tdk tdk cga flight general purpose,44304,0.1009
C 680nF 0603 50V X5R 20% TDK,680nF,C2169780,Extended,CGA3E3X5R1H684M080AB,TDK,TDK CGA,0603,20%,,50V,X5R,,,,,E24,Flight,General Purpose,Device:C,Capacitor_SMD:C_0603_1608Metric,https://wmsc.lcsc.com/wmsc/upload/file/pdf/v2/lcsc/2304140030_TDK-CGA3E3X5R1H684M080AB_C2169780.pdf,https://www.lcsc.com/product-detail/multilayer-ceramic-capacitors-mlcc-smd-smt_tdk-cga3e3x5r1h684m080ab_C2169780.html,"Capacitor 680nF 20% 50V X5R 0603 Automotive Grade MLCC (CGA Series), TDK CGA3E3X5R1H684M080AB (Flight, LCSC Extended)",capacitor 680nF 0603 tdk tdk cga flight general purpose,40,0.2925
C 1uF 0603 16V X7R 10% TDK,1uF,C76706,Extended,CGA3E1X7R1C105KT0Y0N,TDK,TDK CGA,0603,10%,,16V,X7R,,,,,E24,Flight,General Purpose,Device:C,Capacitor_SMD:C_0603_1608Metric,https://www.lcsc.com/datasheet/lcsc_datasheet_2304140030_TDK-CGA3E1X7R1C105KT0Y0N_C76706.pdf,https://www.lcsc.com/product-detail/multilayer-ceramic-capacitors-mlcc-smd-smt_tdk-cga3e1x7r1c105kt0y0n_C76706.html,"Capacitor 1uF 10% 16V X7R 0603 Automotive Grade MLCC (CGA Series), TDK CGA3E1X7R1C105KT0Y0N (Flight, LCSC Extended)",capacitor 1uF 0603 tdk tdk cga flight general purpose,19075,0.0368
C 1uF 0603 25V X7R 10% TDK,1uF,C76708,Extended,CGA3E1X7R1E105KT0Y0E,TDK,TDK CGA,0603,10%,,25V,X7R,,,,,E24,Flight,General Purpose,Device:C,Capacitor_SMD:C_0603_1608Metric,https://wmsc.lcsc.com/wmsc/upload/file/pdf/v2/lcsc/2304140030_TDK-CGA3E1X7R1E105KT0Y0E_C76708.pdf,https://www.lcsc.com/product-detail/multilayer-ceramic-capacitors-mlcc-smd-smt_tdk-cga3e1x7r1e105kt0y0e_C76708.html,"Capacitor 1uF 10% 25V X7R 0603 Automotive Grade MLCC (CGA Series), TDK CGA3E1X7R1E105KT0Y0E (Flight, LCSC Extended)",capacitor 1uF 0603 tdk tdk cga flight general purpose,35426,0.051
C 1uF 0603 35V X7R 10% TDK,1uF,C342956,Extended,CGA3E1X7R1V105KT000N,TDK,TDK CGA,0603,10%,,35V,X7R,,,,,E24,Flight,General Purpose,Device:C,Capacitor_SMD:C_0603_1608Metric,https://wmsc.lcsc.com/wmsc/upload/file/pdf/v2/lcsc/2304140030_TDK-CGA3E1X7R1V105KT000N_C342956.pdf,https://www.lcsc.com/product-detail/multilayer-ceramic-capacitors-mlcc-smd-smt_tdk-cga3e1x7r1v105kt000n_C342956.html,"Capacitor 1uF 10% 35V X7R 0603 Automotive Grade MLCC (CGA Series), TDK CGA3E1X7R1V105KT000N (Flight, LCSC Extended)",capacitor 1uF 0603 tdk tdk cga flight general purpose,22046,0.0671
C 1uF 0603 50V X5R 10% TDK,1uF,C342951,Extended,CGA3E3X5R1H105KT0Y0N,TDK,TDK CGA,0603,10%,,50V,X5R,,,,,E24,Flight,General Purpose,Device:C,Capacitor_SMD:C_0603_1608Metric,https://wmsc.lcsc.com/wmsc/upload/file/pdf/v2/lcsc/2304140030_TDK-CGA3E3X5R1H105KT0Y0N_C342951.pdf,https://www.lcsc.com/product-detail/multilayer-ceramic-capacitors-mlcc-smd-smt_tdk-cga3e3x5r1h105kt0y0n_C342951.html,"Capacitor 1uF 10% 50V X5R 0603 Automotive Grade MLCC (CGA Series), TDK CGA3E3X5R1H105KT0Y0N (Flight, LCSC Extended)",capacitor 1uF 0603 tdk tdk cga flight general purpose,2513,0.0596
C 1uF 0603 10V X5R 20% TDK,1uF,C193122,Extended,CGA3E2X5R1A105M080AA,TDK,TDK CGA,0603,20%,,10V,X5R,,,,,E24,Flight,General Purpose,Device:C,Capacitor_SMD:C_0603_1608Metric,https://www.lcsc.com/datasheet/lcsc_datasheet_2304140030_TDK-CGA3E2X5R1A105M080AA_C193122.pdf,https://www.lcsc.com/product-detail/multilayer-ceramic-capacitors-mlcc-smd-smt_tdk-cga3e2x5r1a105m080aa_C193122.html,"Capacitor 1uF 20% 10V X5R 0603 Automotive Grade MLCC (CGA Series), TDK CGA3E2X5R1A105M080AA (Flight, LCSC Extended)",capacitor 1uF 0603 tdk tdk cga flight general purpose,1,0.0399
C 1uF 0603 25V X7R 20% TDK,1uF,C5119330,Extended,CGA3E1X7R1E105MT0Y0E,TDK,TDK CGA,0603,20%,,25V,X7R,,,,,E24,Flight,General Purpose,Device:C,Capacitor_SMD:C_0603_1608Metric,https://wmsc.lcsc.com/wmsc/upload/file/pdf/v2/lcsc/2207261800_TDK-CGA3E1X7R1E105MT0Y0E_C5119330.pdf,https://www.lcsc.com/product-detail/multilayer-ceramic-capacitors-mlcc-smd-smt_tdk-cga3e1x7r1e105mt0y0e_C5119330.html,"Capacitor 1uF 20% 25V X7R 0603 Automotive Grade MLCC (CGA Series), TDK CGA3E1X7R1E105MT0Y0E (Flight, LCSC Extended)",capacitor 1uF 0603 tdk tdk cga flight general purpose,1628,0.0279
C 2.2uF 0603 10V X7S 10% TDK,2.2uF,C338105,Extended,CGA3E3X7S1A225KT000N,TDK,TDK CGA,0603,10%,,10V,X7S,,,,,E24,Flight,General Purpose,Device:C,Capacitor_SMD:C_0603_1608Metric,https://wmsc.lcsc.com/wmsc/upload/file/pdf/v2/lcsc/2304140030_TDK-CGA3E3X7S1A225KT000N_C338105.pdf,https://www.lcsc.com/product-detail/multilayer-ceramic-capacitors-mlcc-smd-smt_tdk-cga3e3x7s1a225kt000n_C338105.html,"Capacitor 2.2uF 10% 10V X7S 0603 Automotive Grade MLCC (CGA Series), TDK CGA3E3X7S1A225KT000N (Flight, LCSC Extended)",capacitor 2.2uF 0603 tdk tdk cga flight general purpose,460,0.057
C 2.2uF 0603 16V X5R 10% TDK,2.2uF,C342965,Extended,CGA3E1X5R1C225KT0Y0E,TDK,TDK CGA,0603,10%,,16V,X5R,,,,,E24,Flight,General Purpose,Device:C,Capacitor_SMD:C_0603_1608Metric,https://wmsc.lcsc.com/wmsc/upload/file/pdf/v2/lcsc/2304140030_TDK-CGA3E1X5R1C225KT0Y0E_C342965.pdf,https://www.lcsc.com/product-detail/multilayer-ceramic-capacitors-mlcc-smd-smt_tdk-cga3e1x5r1c225kt0y0e_C342965.html,"Capacitor 2.2uF 10% 16V X5R 0603 Automotive Grade MLCC (CGA Series), TDK CGA3E1X5R1C225KT0Y0E (Flight, LCSC Extended)",capacitor 2.2uF 0603 tdk tdk cga flight general purpose,1751,0.0417
C 2.2uF 0603 16V X7S 10% TDK,2.2uF,C338110,Extended,CGA3E1X7S1C225KT000N,TDK,TDK CGA,0603,10%,,16V,X7S,,,,,E24,Flight,General Purpose,Device:C,Capacitor_SMD:C_0603_1608Metric,https://wmsc.lcsc.com/wmsc/upload/file/pdf/v2/lcsc/2304140030_TDK-CGA3E1X7S1C225KT000N_C338110.pdf,https://www.lcsc.com/product-detail/multilayer-ceramic-capacitors-mlcc-smd-smt_tdk-cga3e1x7s1c225kt000n_C338110.html,"Capacitor 2.2uF 10% 16V X7S 0603 Automotive Grade MLCC (CGA Series), TDK CGA3E1X7S1C225KT000N (Flight, LCSC Extended)",capacitor 2.2uF 0603 tdk tdk cga flight general purpose,1921,0.0617
C 2.2uF 0603 6.3V X7R 10% TDK,2.2uF,C342879,Extended,CGA3E1X7R0J225KT0Y0E,TDK,TDK CGA,0603,10%,,6.3V,X7R,,,,,E24,Flight,General Purpose,Device:C,Capacitor_SMD:C_0603_1608Metric,https://wmsc.lcsc.com/wmsc/upload/file/pdf/v2/lcsc/2304140030_TDK-CGA3E1X7R0J225KT0Y0E_C342879.pdf,https://www.lcsc.com/product-detail/multilayer-ceramic-capacitors-mlcc-smd-smt_tdk-cga3e1x7r0j225kt0y0e_C342879.html,"Capacitor 2.2uF 10% 6.3V X7R 0603 Automotive Grade MLCC (CGA Series), TDK CGA3E1X7R0J225KT0Y0E (Flight, LCSC Extended)",capacitor 2.2uF 0603 tdk tdk cga flight general purpose,2264,0.0515
C 2.2uF 0603 10V X5R 20% TDK,2.2uF,C2171664,Extended,CGA3E3X5R1A225M080AB,TDK,TDK CGA,0603,20%,,10V,X5R,,,,,E24,Flight,General Purpose,Device:C,Capacitor_SMD:C_0603_1608Metric,https://wmsc.lcsc.com/wmsc/upload/file/pdf/v2/lcsc/2304140030_TDK-CGA3E3X5R1A225M080AB_C2171664.pdf,https://www.lcsc.com/product-detail/multilayer-ceramic-capacitors-mlcc-smd-smt_tdk-cga3e3x5r1a225m080ab_C2171664.html,"Capacitor 2.2uF 20% 10V X5R 0603 Automotive Grade MLCC (CGA Series), TDK CGA3E3X5R1A225M080AB (Flight, LCSC Extended)",capacitor 2.2uF 0603 tdk tdk cga flight general purpose,4,0.1769
C 2.2uF 0603 10V X7S 20% TDK,2.2uF,C3872398,Extended,CGA3E3X7S1A225M080AB,TDK,TDK CGA,0603,20%,,10V,X7S,,,,,E24,Flight,General Purpose,Device:C,Capacitor_SMD:C_0603_1608Metric,https://wmsc.lcsc.com/wmsc/upload/file/pdf/v2/lcsc/2401221332_TDK-CGA3E3X7S1A225M080AB_C3872398.pdf,https://www.lcsc.com/product-detail/multilayer-ceramic-capacitors-mlcc-smd-smt_tdk-cga3e3x7s1a225m080ab_C3872398.html,"Capacitor 2.2uF 20% 10V X7S 0603 Automotive Grade MLCC (CGA Series), TDK CGA3E3X7S1A225M080AB (Flight, LCSC Extended)",capacitor 2.2uF 0603 tdk tdk cga flight general purpose,13,0.2602
C 2.2uF 0603 16V X7S 20% TDK,2.2uF,C32006553,Extended,CGA3E1X7S1C225MT000N,TDK,TDK CGA,0603,20%,,16V,X7S,,,,,E24,Flight,General Purpose,Device:C,Capacitor_SMD:C_0603_1608Metric,https://product.tdk.com/en/system/files/dam/doc/product/capacitor/ceramic/mlcc/catalog/mlcc_automotive_general_en.pdf,https://www.lcsc.com/product-detail/C32006553.html,"Capacitor 2.2uF 20% 16V X7S 0603 Automotive Grade MLCC (CGA Series), TDK CGA3E1X7S1C225MT000N (Flight, LCSC Extended)",capacitor 2.2uF 0603 tdk tdk cga flight general purpose,1675,0.0458
C 4.7uF 0603 6.3V X5R 10% TDK,4.7uF,C338087,Extended,CGA3E1X5R0J475KT0Y0E,TDK,TDK CGA,0603,10%,,6.3V,X5R,,,,,E24,Flight,General Purpose,Device:C,Capacitor_SMD:C_0603_1608Metric,https://wmsc.lcsc.com/wmsc/upload/file/pdf/v2/lcsc/2304140030_TDK-CGA3E1X5R0J475KT0Y0E_C338087.pdf,https://www.lcsc.com/product-detail/multilayer-ceramic-capacitors-mlcc-smd-smt_tdk-cga3e1x5r0j475kt0y0e_C338087.html,"Capacitor 4.7uF 10% 6.3V X5R 0603 Automotive Grade MLCC (CGA Series), TDK CGA3E1X5R0J475KT0Y0E (Flight, LCSC Extended)",capacitor 4.7uF 0603 tdk tdk cga flight general purpose,114,0.0394
C 10uF 0603 4V X7T 20% TDK,10uF,C5139584,Extended,CGA3E1X7T0G106MT0YHN,TDK,TDK CGA,0603,20%,,4V,X7T,,,,,E24,Flight,General Purpose,Device:C,Capacitor_SMD:C_0603_1608Metric,https://wmsc.lcsc.com/wmsc/upload/file/pdf/v2/lcsc/2208240930_TDK-CGA3E1X7T0G106MT0YHN_C5139584.pdf,https://www.lcsc.com/product-detail/multilayer-ceramic-capacitors-mlcc-smd-smt_tdk-cga3e1x7t0g106mt0yhn_C5139584.html,"Capacitor 10uF 20% 4V X7T 0603 Automotive Grade MLCC (CGA Series), TDK CGA3E1X7T0G106MT0YHN (Flight, LCSC Extended)",capacitor 10uF 0603 tdk tdk cga flight general purpose,1993,0.1749
C 100pF 0805 450V NP0 5% TDK,100pF,C5139536,Extended,CGA4C4NP02W101JT0Y0N,TDK,TDK CGA,0805,5%,,450V,NP0,,,,,E24,Flight,General Purpose,Device:C,Capacitor_SMD:C_0805_2012Metric,https://wmsc.lcsc.com/wmsc/upload/file/pdf/v2/lcsc/2208240930_TDK-CGA4C4NP02W101JT0Y0N_C5139536.pdf,https://www.lcsc.com/product-detail/multilayer-ceramic-capacitors-mlcc-smd-smt_tdk-cga4c4np02w101jt0y0n_C5139536.html,"Capacitor 100pF 5% 450V NP0 0805 Automotive Grade MLCC (CGA Series), TDK CGA4C4NP02W101JT0Y0N (Flight, LCSC Extended)",capacitor 100pF 0805 tdk tdk cga flight general purpose,192,0.214
C 330pF 0805 450V C0G 5% TDK,330pF,C694506,Extended,CGA4C4C0G2W331JT0Y0N,TDK,TDK CGA,0805,5%,,450V,C0G,,,,,E24,Flight,General Purpose,Device:C,Capacitor_SMD:C_0805_2012Metric,https://wmsc.lcsc.com/wmsc/upload/file/pdf/v2/lcsc/2304140030_TDK-CGA4C4C0G2W331JT0Y0N_C694506.pdf,https://www.lcsc.com/product-detail/multilayer-ceramic-capacitors-mlcc-smd-smt_tdk-cga4c4c0g2w331jt0y0n_C694506.html,"Capacitor 330pF 5% 450V C0G 0805 Automotive Grade MLCC (CGA Series), TDK CGA4C4C0G2W331JT0Y0N (Flight, LCSC Extended)",capacitor 330pF 0805 tdk tdk cga flight general purpose,4,0.0791
C 470pF 0805 100V C0G 5% TDK,470pF,C694228,Extended,CGA4C2C0G2A471JT0Y0N,TDK,TDK CGA,0805,5%,,100V,C0G,,,,,E24,Flight,General Purpose,Device:C,Capacitor_SMD:C_0805_2012Metric,https://wmsc.lcsc.com/wmsc/upload/file/pdf/v2/lcsc/2304140030_TDK-CGA4C2C0G2A471JT0Y0N_C694228.pdf,https://www.lcsc.com/product-detail/multilayer-ceramic-capacitors-mlcc-smd-smt_tdk-cga4c2c0g2a471jt0y0n_C694228.html,"Capacitor 470pF 5% 100V C0G 0805 Automotive Grade MLCC (CGA Series), TDK CGA4C2C0G2A471JT0Y0N (Flight, LCSC Extended)",capacitor 470pF 0805 tdk tdk cga flight general purpose,4,0.064
C 470pF 0805 450V C0G 5% TDK,470pF,C694507,Extended,CGA4C4C0G2W471JT0Y0N,TDK,TDK CGA,0805,5%,,450V,C0G,,,,,E24,Flight,General Purpose,Device:C,Capacitor_SMD:C_0805_2012Metric,https://wmsc.lcsc.com/wmsc/upload/file/pdf/v2/lcsc/2304140030_TDK-CGA4C4C0G2W471JT0Y0N_C694507.pdf,https://www.lcsc.com/product-detail/multilayer-ceramic-capacitors-mlcc-smd-smt_tdk-cga4c4c0g2w471jt0y0n_C694507.html,"Capacitor 470pF 5% 450V C0G 0805 Automotive Grade MLCC (CGA Series), TDK CGA4C4C0G2W471JT0Y0N (Flight, LCSC Extended)",capacitor 470pF 0805 tdk tdk cga flight general purpose,2502,0.0767
C 1nF 0805 100V X7R 10% TDK,1nF,C49296960,Extended,CGA4F2X7R2A102KT0Y0S,TDK,TDK CGA,0805,10%,,100V,X7R,,,,,E24,Flight,General Purpose,Device:C,Capacitor_SMD:C_0805_2012Metric,https://product.tdk.com/en/system/files/dam/doc/product/capacitor/ceramic/mlcc/catalog/mlcc_automotive_general_en.pdf,https://www.lcsc.com/product-detail/C49296960.html,"Capacitor 1nF 10% 100V X7R 0805 Automotive Grade MLCC (CGA Series), TDK CGA4F2X7R2A102KT0Y0S (Flight, LCSC Extended)",capacitor 1nF 0805 tdk tdk cga flight general purpose,3356,0.0845
C 1nF 0805 100V C0G 5% TDK,1nF,C342977,Extended,CGA4C2C0G2A102JT0Y0N,TDK,TDK CGA,0805,5%,,100V,C0G,,,,,E24,Flight,General Purpose,Device:C,Capacitor_SMD:C_0805_2012Metric,https://wmsc.lcsc.com/wmsc/upload/file/pdf/v2/lcsc/2304140030_TDK-CGA4C2C0G2A102JT0Y0N_C342977.pdf,https://www.lcsc.com/product-detail/multilayer-ceramic-capacitors-mlcc-smd-smt_tdk-cga4c2c0g2a102jt0y0n_C342977.html,"Capacitor 1nF 5% 100V C0G 0805 Automotive Grade MLCC (CGA Series), TDK CGA4C2C0G2A102JT0Y0N (Flight, LCSC Extended)",capacitor 1nF 0805 tdk tdk cga flight general purpose,5885,0.049
C 1nF 0805 250V C0G 5% TDK,1nF,C338119,Extended,CGA4F3C0G2E102JT0Y0N,TDK,TDK CGA,0805,5%,,250V,C0G,,,,,E24,Flight,General Purpose,Device:C,Capacitor_SMD:C_0805_2012Metric,https://wmsc.lcsc.com/wmsc/upload/file/pdf/v2/lcsc/2304140030_TDK-CGA4F3C0G2E102JT0Y0N_C338119.pdf,https://www.lcsc.com/product-detail/multilayer-ceramic-capacitors-mlcc-smd-smt_tdk-cga4f3c0g2e102jt0y0n_C338119.html,"Capacitor 1nF 5% 250V C0G 0805 Automotive Grade MLCC (CGA Series), TDK CGA4F3C0G2E102JT0Y0N (Flight, LCSC Extended)",capacitor 1nF 0805 tdk tdk cga flight general purpose,3811,0.0454
C 1nF 0805 50V C0G 5% TDK,1nF,C165822,Extended,CGA4C2C0G1H102JT0Y0N,TDK,TDK CGA,0805,5%,,50V,C0G,,,,,E24,Flight,General Purpose,Device:C,Capacitor_SMD:C_0805_2012Metric,https://www.lcsc.com/datasheet/lcsc_datasheet_2304140030_TDK-CGA4C2C0G1H102JT0Y0N_C165822.pdf,https://www.lcsc.com/product-detail/multilayer-ceramic-capacitors-mlcc-smd-smt_tdk-cga4c2c0g1h102jt0y0n_C165822.html,"Capacitor 1nF 5% 50V C0G 0805 Automotive Grade MLCC (CGA Series), TDK CGA4C2C0G1H102JT0Y0N (Flight, LCSC Extended)",capacitor 1nF 0805 tdk tdk cga flight general purpose,3,0.0393
C 1.5nF 0805 100V C0G 5% TDK,1.5nF,C338059,Extended,CGA4C2C0G2A152JT0Y0N,TDK,TDK CGA,0805,5%,,100V,C0G,,,,,E24,Flight,General Purpose,Device:C,Capacitor_SMD:C_0805_2012Metric,https://wmsc.lcsc.com/wmsc/upload/file/pdf/v2/lcsc/2304140030_TDK-CGA4C2C0G2A152JT0Y0N_C338059.pdf,https://www.lcsc.com/product-detail/multilayer-ceramic-capacitors-mlcc-smd-smt_tdk-cga4c2c0g2a152jt0y0n_C338059.html,"Capacitor 1.5nF 5% 100V C0G 0805 Automotive Grade MLCC (CGA Series), TDK CGA4C2C0G2A152JT0Y0N (Flight, LCSC Extended)",capacitor 1.5nF 0805 tdk tdk cga flight general purpose,3,0.0472
C 2.2nF 0805 100V X7R 10% TDK,2.2nF,C531351,Extended,CGA4F2X7R2A222KT0Y0U,TDK,TDK CGA,0805,10%,,100V,X7R,,,,,E24,Flight,General Purpose,Device:C,Capacitor_SMD:C_0805_2012Metric,https://wmsc.lcsc.com/wmsc/upload/file/pdf/v2/lcsc/2304140030_TDK-CGA4F2X7R2A222KT0Y0U_C531351.pdf,https://www.lcsc.com/product-detail/multilayer-ceramic-capacitors-mlcc-smd-smt_tdk-cga4f2x7r2a222kt0y0u_C531351.html,"Capacitor 2.2nF 10% 100V X7R 0805 Automotive Grade MLCC (CGA Series), TDK CGA4F2X7R2A222KT0Y0U (Flight, LCSC Extended)",capacitor 2.2nF 0805 tdk tdk cga flight general purpose,1175,0.0479
C 2.2nF 0805 250V C0G 5% TDK,2.2nF,C694233,Extended,CGA4J3C0G2E222JT0Y0N,TDK,TDK CGA,0805,5%,,250V,C0G,,,,,E24,Flight,General Purpose,Device:C,Capacitor_SMD:C_0805_2012Metric,https://wmsc.lcsc.com/wmsc/upload/file/pdf/v2/lcsc/2304140030_TDK-CGA4J3C0G2E222JT0Y0N_C694233.pdf,https://www.lcsc.com/product-detail/multilayer-ceramic-capacitors-mlcc-smd-smt_tdk-cga4j3c0g2e222jt0y0n_C694233.html,"Capacitor 2.2nF 5% 250V C0G 0805 Automotive Grade MLCC (CGA Series), TDK CGA4J3C0G2E222JT0Y0N (Flight, LCSC Extended)",capacitor 2.2nF 0805 tdk tdk cga flight general purpose,1875,0.0641
C 2.2nF 0805 50V C0G 5% TDK,2.2nF,C338118,Extended,CGA4C2C0G1H222JT0Y0N,TDK,TDK CGA,0805,5%,,50V,C0G,,,,,E24,Flight,General Purpose,Device:C,Capacitor_SMD:C_0805_2012Metric,https://wmsc.lcsc.com/wmsc/upload/file/pdf/v2/lcsc/2304140030_TDK-CGA4C2C0G1H222JT0Y0N_C338118.pdf,https://www.lcsc.com/product-detail/multilayer-ceramic-capacitors-mlcc-smd-smt_tdk-cga4c2c0g1h222jt0y0n_C338118.html,"Capacitor 2.2nF 5% 50V C0G 0805 Automotive Grade MLCC (CGA Series), TDK CGA4C2C0G1H222JT0Y0N (Flight, LCSC Extended)",capacitor 2.2nF 0805 tdk tdk cga flight general purpose,569,0.0422
C 3.3nF 0805 50V C0G 5% TDK,3.3nF,C415302,Extended,CGA4C2C0G1H332JT0Y0N,TDK,TDK CGA,0805,5%,,50V,C0G,,,,,E24,Flight,General Purpose,Device:C,Capacitor_SMD:C_0805_2012Metric,https://wmsc.lcsc.com/wmsc/upload/file/pdf/v2/lcsc/2304140030_TDK-CGA4C2C0G1H332JT0Y0N_C415302.pdf,https://www.lcsc.com/product-detail/multilayer-ceramic-capacitors-mlcc-smd-smt_tdk-cga4c2c0g1h332jt0y0n_C415302.html,"Capacitor 3.3nF 5% 50V C0G 0805 Automotive Grade MLCC (CGA Series), TDK CGA4C2C0G1H332JT0Y0N (Flight, LCSC Extended)",capacitor 3.3nF 0805 tdk tdk cga flight general purpose,7553,0.0472
C 4.7nF 0805 100V C0G 5% TDK,4.7nF,C694231,Extended,CGA4J2C0G2A472JT0Y0N,TDK,TDK CGA,0805,5%,,100V,C0G,,,,,E24,Flight,General Purpose,Device:C,Capacitor_SMD:C_0805_2012Metric,https://wmsc.lcsc.com/wmsc/upload/file/pdf/v2/lcsc/2304140030_TDK-CGA4J2C0G2A472JT0Y0N_C694231.pdf,https://www.lcsc.com/product-detail/multilayer-ceramic-capacitors-mlcc-smd-smt_tdk-cga4j2c0g2a472jt0y0n_C694231.html,"Capacitor 4.7nF 5% 100V C0G 0805 Automotive Grade MLCC (CGA Series), TDK CGA4J2C0G2A472JT0Y0N (Flight, LCSC Extended)",capacitor 4.7nF 0805 tdk tdk cga flight general purpose,20,0.0547
C 4.7nF 0805 250V C0G 5% TDK,4.7nF,C415305,Extended,CGA4J3C0G2E472JT0Y0N,TDK,TDK CGA,0805,5%,,250V,C0G,,,,,E24,Flight,General Purpose,Device:C,Capacitor_SMD:C_0805_2012Metric,https://wmsc.lcsc.com/wmsc/upload/file/pdf/v2/lcsc/2304140030_TDK-CGA4J3C0G2E472JT0Y0N_C415305.pdf,https://www.lcsc.com/product-detail/multilayer-ceramic-capacitors-mlcc-smd-smt_tdk-cga4j3c0g2e472jt0y0n_C415305.html,"Capacitor 4.7nF 5% 250V C0G 0805 Automotive Grade MLCC (CGA Series), TDK CGA4J3C0G2E472JT0Y0N (Flight, LCSC Extended)",capacitor 4.7nF 0805 tdk tdk cga flight general purpose,2000,0.0954
C 4.7nF 0805 50V C0G 5% TDK,4.7nF,C338091,Extended,CGA4C2C0G1H472JT0Y0N,TDK,TDK CGA,0805,5%,,50V,C0G,,,,,E24,Flight,General Purpose,Device:C,Capacitor_SMD:C_0805_2012Metric,https://wmsc.lcsc.com/wmsc/upload/file/pdf/v2/lcsc/2304140030_TDK-CGA4C2C0G1H472JT0Y0N_C338091.pdf,https://www.lcsc.com/product-detail/multilayer-ceramic-capacitors-mlcc-smd-smt_tdk-cga4c2c0g1h472jt0y0n_C338091.html,"Capacitor 4.7nF 5% 50V C0G 0805 Automotive Grade MLCC (CGA Series), TDK CGA4C2C0G1H472JT0Y0N (Flight, LCSC Extended)",capacitor 4.7nF 0805 tdk tdk cga flight general purpose,632,0.0466
C 6.8nF 0805 250V C0G 5% TDK,6.8nF,C5213809,Extended,CGA4J3C0G2E682JT0Y0N,TDK,TDK CGA,0805,5%,,250V,C0G,,,,,E24,Flight,General Purpose,Device:C,Capacitor_SMD:C_0805_2012Metric,https://wmsc.lcsc.com/wmsc/upload/file/pdf/v2/lcsc/2210261730_TDK-CGA4J3C0G2E682JT0Y0N_C5213809.pdf,https://www.lcsc.com/product-detail/multilayer-ceramic-capacitors-mlcc-smd-smt_tdk-cga4j3c0g2e682jt0y0n_C5213809.html,"Capacitor 6.8nF 5% 250V C0G 0805 Automotive Grade MLCC (CGA Series), TDK CGA4J3C0G2E682JT0Y0N (Flight, LCSC Extended)",capacitor 6.8nF 0805 tdk tdk cga flight general purpose,2,0.1713
C 10nF 0805 100V X7R 10% TDK,10nF,C43106139,Extended,CGA4F2X7R2A103KT0Y0S,TDK,TDK CGA,0805,10%,,100V,X7R,,,,,E24,Flight,General Purpose,Device:C,Capacitor_SMD:C_0805_2012Metric,https://product.tdk.com/en/system/files/dam/doc/product/capacitor/ceramic/mlcc/catalog/mlcc_automotive_general_en.pdf,https://www.lcsc.com/product-detail/C43106139.html,"Capacitor 10nF 10% 100V X7R 0805 Automotive Grade MLCC (CGA Series), TDK CGA4F2X7R2A103KT0Y0S (Flight, LCSC Extended)",capacitor 10nF 0805 tdk tdk cga flight general purpose,4397,0.0781
C 10nF 0805 250V X7R 10% TDK,10nF,C432946,Extended,CGA4J3X7R2E103KT0Y0U,TDK,TDK CGA,0805,10%,,250V,X7R,,,,,E24,Flight,General Purpose,Device:C,Capacitor_SMD:C_0805_2012Metric,https://wmsc.lcsc.com/wmsc/upload/file/pdf/v2/lcsc/2304140030_TDK-CGA4J3X7R2E103KT0Y0U_C432946.pdf,https://www.lcsc.com/product-detail/multilayer-ceramic-capacitors-mlcc-smd-smt_tdk-cga4j3x7r2e103kt0y0u_C432946.html,"Capacitor 10nF 10% 250V X7R 0805 Automotive Grade MLCC (CGA Series), TDK CGA4J3X7R2E103KT0Y0U (Flight, LCSC Extended)",capacitor 10nF 0805 tdk tdk cga flight general purpose,15,0.042
C 10nF 0805 250V C0G 5% TDK,10nF,C193080,Extended,CGA4J3C0G2E103JT0Y0N,TDK,TDK CGA,0805,5%,,250V,C0G,,,,,E24,Flight,General Purpose,Device:C,Capacitor_SMD:C_0805_2012Metric,https://www.lcsc.com/datasheet/lcsc_datasheet_2304140030_TDK-CGA4J3C0G2E103JT0Y0N_C193080.pdf,https://www.lcsc.com/product-detail/multilayer-ceramic-capacitors-mlcc-smd-smt_tdk-cga4j3c0g2e103jt0y0n_C193080.html,"Capacitor 10nF 5% 250V C0G 0805 Automotive Grade MLCC (CGA Series), TDK CGA4J3C0G2E103JT0Y0N (Flight, LCSC Extended)",capacitor 10nF 0805 tdk tdk cga flight general purpose,1112,0.2208
C 10nF 0805 50V C0G 5% TDK,10nF,C342877,Extended,CGA4C2C0G1H103JT0Y0N,TDK,TDK CGA,0805,5%,,50V,C0G,,,,,E24,Flight,General Purpose,Device:C,Capacitor_SMD:C_0805_2012Metric,https://wmsc.lcsc.com/wmsc/upload/file/pdf/v2/lcsc/2304140030_TDK-CGA4C2C0G1H103JT0Y0N_C342877.pdf,https://www.lcsc.com/product-detail/multilayer-ceramic-capacitors-mlcc-smd-smt_tdk-cga4c2c0g1h103jt0y0n_C342877.html,"Capacitor 10nF 5% 50V C0G 0805 Automotive Grade MLCC (CGA Series), TDK CGA4C2C0G1H103JT0Y0N (Flight, LCSC Extended)",capacitor 10nF 0805 tdk tdk cga flight general purpose,8098,0.0562
C 15nF 0805 50V C0G 5% TDK,15nF,C384557,Extended,CGA4F2C0G1H153JT0Y0N,TDK,TDK CGA,0805,5%,,50V,C0G,,,,,E24,Flight,General Purpose,Device:C,Capacitor_SMD:C_0805_2012Metric,https://product.tdk.com/en/system/files/dam/doc/product/capacitor/ceramic/mlcc/catalog/mlcc_automotive_general_en.pdf,https://www.lcsc.com/product-detail/multilayer-ceramic-capacitors-mlcc-smd-smt_tdk-cga4f2c0g1h153jt0y0n_C384557.html,"Capacitor 15nF 5% 50V C0G 0805 Automotive Grade MLCC (CGA Series), TDK CGA4F2C0G1H153JT0Y0N (Flight, LCSC Extended)",capacitor 15nF 0805 tdk tdk cga flight general purpose,3758,0.0747
C 22nF 0805 100V X7R 10% TDK,22nF,C338065,Extended,CGA4J2X7R2A223KT0Y0U,TDK,TDK CGA,0805,10%,,100V,X7R,,,,,E24,Flight,General Purpose,Device:C,Capacitor_SMD:C_0805_2012Metric,https://wmsc.lcsc.com/wmsc/upload/file/pdf/v2/lcsc/2304140030_TDK-CGA4J2X7R2A223KT0Y0U_C338065.pdf,https://www.lcsc.com/product-detail/multilayer-ceramic-capacitors-mlcc-smd-smt_tdk-cga4j2x7r2a223kt0y0u_C338065.html,"Capacitor 22nF 10% 100V X7R 0805 Automotive Grade MLCC (CGA Series), TDK CGA4J2X7R2A223KT0Y0U (Flight, LCSC Extended)",capacitor 22nF 0805 tdk tdk cga flight general purpose,901,0.0428
C 22nF 0805 250V X7R 10% TDK,22nF,C694511,Extended,CGA4J3X7R2E223KT0Y0U,TDK,TDK CGA,0805,10%,,250V,X7R,,,,,E24,Flight,General Purpose,Device:C,Capacitor_SMD:C_0805_2012Metric,https://wmsc.lcsc.com/wmsc/upload/file/pdf/v2/lcsc/2304140030_TDK-CGA4J3X7R2E223KT0Y0U_C694511.pdf,https://www.lcsc.com/product-detail/multilayer-ceramic-capacitors-mlcc-smd-smt_tdk-cga4j3x7r2e223kt0y0u_C694511.html,"Capacitor 22nF 10% 250V X7R 0805 Automotive Grade MLCC (CGA Series), TDK CGA4J3X7R2E223KT0Y0U (Flight, LCSC Extended)",capacitor 22nF 0805 tdk tdk cga flight general purpose,5,0.0492
C 22nF 0805 50V C0G 5% TDK,22nF,C415303,Extended,CGA4J2C0G1H223JT0Y0N,TDK,TDK CGA,0805,5%,,50V,C0G,,,,,E24,Flight,General Purpose,Device:C,Capacitor_SMD:C_0805_2012Metric,https://wmsc.lcsc.com/wmsc/upload/file/pdf/v2/lcsc/2304140030_TDK-CGA4J2C0G1H223JT0Y0N_C415303.pdf,https://www.lcsc.com/product-detail/multilayer-ceramic-capacitors-mlcc-smd-smt_tdk-cga4j2c0g1h223jt0y0n_C415303.html,"Capacitor 22nF 5% 50V C0G 0805 Automotive Grade MLCC (CGA Series), TDK CGA4J2C0G1H223JT0Y0N (Flight, LCSC Extended)",capacitor 22nF 0805 tdk tdk cga flight general purpose,8176,0.1474
C 33nF 0805 100V C0G 5% TDK,33nF,C5139491,Extended,CGA4J1C0G2A333JT0Y0E,TDK,TDK CGA,0805,5%,,100V,C0G,,,,,E24,Flight,General Purpose,Device:C,Capacitor_SMD:C_0805_2012Metric,https://wmsc.lcsc.com/wmsc/upload/file/pdf/v2/lcsc/2208240930_TDK-CGA4J1C0G2A333JT0Y0E_C5139491.pdf,https://www.lcsc.com/product-detail/multilayer-ceramic-capacitors-mlcc-smd-smt_tdk-cga4j1c0g2a333jt0y0e_C5139491.html,"Capacitor 33nF 5% 100V C0G 0805 Automotive Grade MLCC (CGA Series), TDK CGA4J1C0G2A333JT0Y0E (Flight, LCSC Extended)",capacitor 33nF 0805 tdk tdk cga flight general purpose,4342,0.3659
C 33nF 0805 50V C0G 5% TDK,33nF,C342800,Extended,CGA4J2C0G1H333JT0Y0N,TDK,TDK CGA,0805,5%,,50V,C0G,,,,,E24,Flight,General Purpose,Device:C,Capacitor_SMD:C_0805_2012Metric,https://wmsc.lcsc.com/wmsc/upload/file/pdf/v2/lcsc/2304140030_TDK-CGA4J2C0G1H333JT0Y0N_C342800.pdf,https://www.lcsc.com/product-detail/multilayer-ceramic-capacitors-mlcc-smd-smt_tdk-cga4j2c0g1h333jt0y0n_C342800.html,"Capacitor 33nF 5% 50V C0G 0805 Automotive Grade MLCC (CGA Series), TDK CGA4J2C0G1H333JT0Y0N (Flight, LCSC Extended)",capacitor 33nF 0805 tdk tdk cga flight general purpose,9264,0.1364
C 47nF 0805 100V X7R 10% TDK,47nF,C342887,Extended,CGA4J2X7R2A473KT0Y0U,TDK,TDK CGA,0805,10%,,100V,X7R,,,,,E24,Flight,General Purpose,Device:C,Capacitor_SMD:C_0805_2012Metric,https://wmsc.lcsc.com/wmsc/upload/file/pdf/v2/lcsc/2304140030_TDK-CGA4J2X7R2A473KT0Y0U_C342887.pdf,https://www.lcsc.com/product-detail/multilayer-ceramic-capacitors-mlcc-smd-smt_tdk-cga4j2x7r2a473kt0y0u_C342887.html,"Capacitor 47nF 10% 100V X7R 0805 Automotive Grade MLCC (CGA Series), TDK CGA4J2X7R2A473KT0Y0U (Flight, LCSC Extended)",capacitor 47nF 0805 tdk tdk cga flight general purpose,7,0.0331
C 47nF 0805 100V X8R 10% TDK,47nF,C5139513,Extended,CGA4J3X8R2A473KT0Y0N,TDK,TDK CGA,0805,10%,,100V,X8R,,,,,E24,Flight,General Purpose,Device:C,Capacitor_SMD:C_0805_2012Metric,https://wmsc.lcsc.com/wmsc/upload/file/pdf/v2/lcsc/2208240930_TDK-CGA4J3X8R2A473KT0Y0N_C5139513.pdf,https://www.lcsc.com/product-detail/multilayer-ceramic-capacitors-mlcc-smd-smt_tdk-cga4j3x8r2a473kt0y0n_C5139513.html,"Capacitor 47nF 10% 100V X8R 0805 Automotive Grade MLCC (CGA Series), TDK CGA4J3X8R2A473KT0Y0N (Flight, LCSC Extended)",capacitor 47nF 0805 tdk tdk cga flight general purpose,313,0.3171
C 47nF 0805 250V X7T 10% TDK,47nF,C49296952,Extended,CGA4J3X7T2E473KT0Y0S,TDK,TDK CGA,0805,10%,,250V,X7T,,,,,E24,Flight,General Purpose,Device:C,Capacitor_SMD:C_0805_2012Metric,https://product.tdk.com/en/system/files/dam/doc/product/capacitor/ceramic/mlcc/catalog/mlcc_automotive_general_en.pdf,https://www.lcsc.com/product-detail/C49296952.html,"Capacitor 47nF 10% 250V X7T 0805 Automotive Grade MLCC (CGA Series), TDK CGA4J3X7T2E473KT0Y0S (Flight, LCSC Extended)",capacitor 47nF 0805 tdk tdk cga flight general purpose,2490,0.1142
C 100nF 0805 100V X7R 10% TDK,100nF,C342919,Extended,CGA4J2X7R2A104KT0Y0U,TDK,TDK CGA,0805,10%,,100V,X7R,,,,,E24,Flight,General Purpose,Device:C,Capacitor_SMD:C_0805_2012Metric,https://wmsc.lcsc.com/wmsc/upload/file/pdf/v2/lcsc/2304140030_TDK-CGA4J2X7R2A104KT0Y0U_C342919.pdf,https://www.lcsc.com/product-detail/multilayer-ceramic-capacitors-mlcc-smd-smt_tdk-cga4j2x7r2a104kt0y0u_C342919.html,"Capacitor 100nF 10% 100V X7R 0805 Automotive Grade MLCC (CGA Series), TDK CGA4J2X7R2A104KT0Y0U (Flight, LCSC Extended)",capacitor 100nF 0805 tdk tdk cga flight general purpose,4615,0.0772
C 100nF 0805 250V X7T 10% TDK,100nF,C445706,Extended,CGA4J3X7T2E104KT0Y0S,TDK,TDK CGA,0805,10%,,250V,X7T,,,,,E24,Flight,General Purpose,Device:C,Capacitor_SMD:C_0805_2012Metric,https://wmsc.lcsc.com/wmsc/upload/file/pdf/v2/lcsc/2304140030_TDK-CGA4J3X7T2E104KT0Y0S_C445706.pdf,https://www.lcsc.com/product-detail/multilayer-ceramic-capacitors-mlcc-smd-smt_tdk-cga4j3x7t2e104kt0y0s_C445706.html,"Capacitor 100nF 10% 250V X7T 0805 Automotive Grade MLCC (CGA Series), TDK CGA4J3X7T2E104KT0Y0S (Flight, LCSC Extended)",capacitor 100nF 0805 tdk tdk cga flight general purpose,6,0.1967
C 100nF 0805 50V X7R 10% TDK,100nF,C415304,Extended,CGA4J2X7R1H104KT0Y0N,TDK,TDK CGA,0805,10%,,50V,X7R,,,,,E24,Flight,General Purpose,Device:C,Capacitor_SMD:C_0805_2012Metric,https://wmsc.lcsc.com/wmsc/upload/file/pdf/v2/lcsc/2304140030_TDK-CGA4J2X7R1H104KT0Y0N_C415304.pdf,https://www.lcsc.com/product-detail/multilayer-ceramic-capacitors-mlcc-smd-smt_tdk-cga4j2x7r1h104kt0y0n_C415304.html,"Capacitor 100nF 10% 50V X7R 0805 Automotive Grade MLCC (CGA Series), TDK CGA4J2X7R1H104KT0Y0N (Flight, LCSC Extended)",capacitor 100nF 0805 tdk tdk cga flight general purpose,779,0.044
C 100nF 0805 50V X8R 10% TDK,100nF,C342862,Extended,CGA4J2X8R1H104KT0Y0H,TDK,TDK CGA,0805,10%,,50V,X8R,,,,,E24,Flight,General Purpose,Device:C,Capacitor_SMD:C_0805_2012Metric,https://wmsc.lcsc.com/wmsc/upload/file/pdf/v2/lcsc/2304140030_TDK-CGA4J2X8R1H104KT0Y0H_C342862.pdf,https://www.lcsc.com/product-detail/multilayer-ceramic-capacitors-mlcc-smd-smt_tdk-cga4j2x8r1h104kt0y0h_C342862.html,"Capacitor 100nF 10% 50V X8R 0805 Automotive Grade MLCC (CGA Series), TDK CGA4J2X8R1H104KT0Y0H (Flight, LCSC Extended)",capacitor 100nF 0805 tdk tdk cga flight general purpose,1138,0.0933
C 150nF 0805 50V X7R 10% TDK,150nF,C338072,Extended,CGA4J2X7R1H154KT0Y0N,TDK,TDK CGA,0805,10%,,50V,X7R,,,,,E24,Flight,General Purpose,Device:C,Capacitor_SMD:C_0805_2012Metric,https://wmsc.lcsc.com/wmsc/upload/file/pdf/v2/lcsc/2304140030_TDK-CGA4J2X7R1H154KT0Y0N_C338072.pdf,https://www.lcsc.com/product-detail/multilayer-ceramic-capacitors-mlcc-smd-smt_tdk-cga4j2x7r1h154kt0y0n_C338072.html,"Capacitor 150nF 10% 50V X7R 0805 Automotive Grade MLCC (CGA Series), TDK CGA4J2X7R1H154KT0Y0N (Flight, LCSC Extended)",capacitor 150nF 0805 tdk tdk cga flight general purpose,32,0.0409
C 220nF 0805 100V X7S 10% TDK,220nF,C338099,Extended,CGA4F3X7S2A224KT0Y0N,TDK,TDK CGA,0805,10%,,100V,X7S,,,,,E24,Flight,General Purpose,Device:C,Capacitor_SMD:C_0805_2012Metric,https://wmsc.lcsc.com/wmsc/upload/file/pdf/v2/lcsc/2304140030_TDK-CGA4F3X7S2A224KT0Y0N_C338099.pdf,https://www.lcsc.com/product-detail/multilayer-ceramic-capacitors-mlcc-smd-smt_tdk-cga4f3x7s2a224kt0y0n_C338099.html,"Capacitor 220nF 10% 100V X7S 0805 Automotive Grade MLCC (CGA Series), TDK CGA4F3X7S2A224KT0Y0N (Flight, LCSC Extended)",capacitor 220nF 0805 tdk tdk cga flight general purpose,4020,0.1181
C 220nF 0805 50V X7R 10% TDK,220nF,C338076,Extended,CGA4J2X7R1H224KT0Y0N,TDK,TDK CGA,0805,10%,,50V,X7R,,,,,E24,Flight,General Purpose,Device:C,Capacitor_SMD:C_0805_2012Metric,https://wmsc.lcsc.com/wmsc/upload/file/pdf/v2/lcsc/2304140030_TDK-CGA4J2X7R1H224KT0Y0N_C338076.pdf,https://www.lcsc.com/product-detail/multilayer-ceramic-capacitors-mlcc-smd-smt_tdk-cga4j2x7r1h224kt0y0n_C338076.html,"Capacitor 220nF 10% 50V X7R 0805 Automotive Grade MLCC (CGA Series), TDK CGA4J2X7R1H224KT0Y0N (Flight, LCSC Extended)",capacitor 220nF 0805 tdk tdk cga flight general purpose,471,0.0306
C 220nF 0805 50V X8R 10% TDK,220nF,C342747,Extended,CGA4J3X8R1H224KT0Y0N,TDK,TDK CGA,0805,10%,,50V,X8R,,,,,E24,Flight,General Purpose,Device:C,Capacitor_SMD:C_0805_2012Metric,https://wmsc.lcsc.com/wmsc/upload/file/pdf/v2/lcsc/2304140030_TDK-CGA4J3X8R1H224KT0Y0N_C342747.pdf,https://www.lcsc.com/product-detail/multilayer-ceramic-capacitors-mlcc-smd-smt_tdk-cga4j3x8r1h224kt0y0n_C342747.html,"Capacitor 220nF 10% 50V X8R 0805 Automotive Grade MLCC (CGA Series), TDK CGA4J3X8R1H224KT0Y0N (Flight, LCSC Extended)",capacitor 220nF 0805 tdk tdk cga flight general purpose,151,0.1422
C 330nF 0805 100V X7S 10% TDK,330nF,C338109,Extended,CGA4J3X7S2A334KT0Y0N,TDK,TDK CGA,0805,10%,,100V,X7S,,,,,E24,Flight,General Purpose,Device:C,Capacitor_SMD:C_0805_2012Metric,https://wmsc.lcsc.com/wmsc/upload/file/pdf/v2/lcsc/2304140030_TDK-CGA4J3X7S2A334KT0Y0N_C338109.pdf,https://www.lcsc.com/product-detail/multilayer-ceramic-capacitors-mlcc-smd-smt_tdk-cga4j3x7s2a334kt0y0n_C338109.html,"Capacitor 330nF 10% 100V X7S 0805 Automotive Grade MLCC (CGA Series), TDK CGA4J3X7S2A334KT0Y0N (Flight, LCSC Extended)",capacitor 330nF 0805 tdk tdk cga flight general purpose,1913,0.1243
C 330nF 0805 50V X7R 10% TDK,330nF,C342930,Extended,CGA4J2X7R1H334KT0Y0N,TDK,TDK CGA,0805,10%,,50V,X7R,,,,,E24,Flight,General Purpose,Device:C,Capacitor_SMD:C_0805_2012Metric,https://wmsc.lcsc.com/wmsc/upload/file/pdf/v2/lcsc/2304140030_TDK-CGA4J2X7R1H334KT0Y0N_C342930.pdf,https://www.lcsc.com/product-detail/multilayer-ceramic-capacitors-mlcc-smd-smt_tdk-cga4j2x7r1h334kt0y0n_C342930.html,"Capacitor 330nF 10% 50V X7R 0805 Automotive Grade MLCC (CGA Series), TDK CGA4J2X7R1H334KT0Y0N (Flight, LCSC Extended)",capacitor 330nF 0805 tdk tdk cga flight general purpose,8,0.0474
C 470nF 0805 100V X7S 10% TDK,470nF,C880708,Extended,CGA4J3X7S2A474KT0Y0S,TDK,TDK CGA,0805,10%,,100V,X7S,,,,,E24,Flight,General Purpose,Device:C,Capacitor_SMD:C_0805_2012Metric,https://wmsc.lcsc.com/wmsc/upload/file/pdf/v2/lcsc/2010192207_TDK-CGA4J3X7S2A474KT0Y0S_C880708.pdf,https://www.lcsc.com/product-detail/multilayer-ceramic-capacitors-mlcc-smd-smt_tdk-cga4j3x7s2a474kt0y0s_C880708.html,"Capacitor 470nF 10% 100V X7S 0805 Automotive Grade MLCC (CGA Series), TDK CGA4J3X7S2A474KT0Y0S (Flight, LCSC Extended)",capacitor 470nF 0805 tdk tdk cga flight general purpose,176,0.1546
C 470nF 0805 25V X7R 10% TDK,470nF,C694509,Extended,CGA4J2X7R1E474KT0Y0N,TDK,TDK CGA,0805,10%,,25V,X7R,,,,,E24,Flight,General Purpose,Device:C,Capacitor_SMD:C_0805_2012Metric,https://wmsc.lcsc.com/wmsc/upload/file/pdf/v2/lcsc/2304140030_TDK-CGA4J2X7R1E474KT0Y0N_C694509.pdf,https://www.lcsc.com/product-detail/multilayer-ceramic-capacitors-mlcc-smd-smt_tdk-cga4j2x7r1e474kt0y0n_C694509.html,"Capacitor 470nF 10% 25V X7R 0805 Automotive Grade MLCC (CGA Series), TDK CGA4J2X7R1E474KT0Y0N (Flight, LCSC Extended)",capacitor 470nF 0805 tdk tdk cga flight general purpose,17,0.0362
C 470nF 0805 25V X8R 10% TDK,470nF,C5139550,Extended,CGA4J3X8R1E474KT0Y0N,TDK,TDK CGA,0805,10%,,25V,X8R,,,,,E24,Flight,General Purpose,Device:C,Capacitor_SMD:C_0805_2012Metric,https://wmsc.lcsc.com/wmsc/upload/file/pdf/v2/lcsc/2208240930_TDK-CGA4J3X8R1E474KT0Y0N_C5139550.pdf,https://www.lcsc.com/product-detail/multilayer-ceramic-capacitors-mlcc-smd-smt_tdk-cga4j3x8r1e474kt0y0n_C5139550.html,"Capacitor 470nF 10% 25V X8R 0805 Automotive Grade MLCC (CGA Series), TDK CGA4J3X8R1E474KT0Y0N (Flight, LCSC Extended)",capacitor 470nF 0805 tdk tdk cga flight general purpose,538,0.2055
C 470nF 0805 50V X8L 10% TDK,470nF,C3870795,Extended,CGA4J1X8L1H474K125AE,TDK,TDK CGA,0805,10%,,50V,X8L,,,,,E24,Flight,General Purpose,Device:C,Capacitor_SMD:C_0805_2012Metric,https://wmsc.lcsc.com/wmsc/upload/file/pdf/v2/lcsc/2401181514_TDK-CGA4J1X8L1H474K125AE_C3870795.pdf,https://www.lcsc.com/product-detail/multilayer-ceramic-capacitors-mlcc-smd-smt_tdk-cga4j1x8l1h474k125ae_C3870795.html,"Capacitor 470nF 10% 50V X8L 0805 Automotive Grade MLCC (CGA Series), TDK CGA4J1X8L1H474K125AE (Flight, LCSC Extended)",capacitor 470nF 0805 tdk tdk cga flight general purpose,3,0.2522
C 470nF 0805 50V X7R 10% TDK,470nF,C415308,Extended,CGA4J3X7R1H474KT0Y0S,TDK,TDK CGA,0805,10%,,50V,X7R,,,,,E24,Flight,General Purpose,Device:C,Capacitor_SMD:C_0805_2012Metric,https://wmsc.lcsc.com/wmsc/upload/file/pdf/v2/lcsc/1912111437_TDK-CGA4J3X7R1H474KT0Y0S_C415308.pdf,https://www.lcsc.com/product-detail/multilayer-ceramic-capacitors-mlcc-smd-smt_tdk-cga4j3x7r1h474kt0y0s_C415308.html,"Capacitor 470nF 10% 50V X7R 0805 Automotive Grade MLCC (CGA Series), TDK CGA4J3X7R1H474KT0Y0S (Flight, LCSC Extended)",capacitor 470nF 0805 tdk tdk cga flight general purpose,1159,0.0632
C 680nF 0805 25V X7R 10% TDK,680nF,C360358,Extended,CGA4J3X7R1E684KT0Y0N,TDK,TDK CGA,0805,10%,,25V,X7R,,,,,E24,Flight,General Purpose,Device:C,Capacitor_SMD:C_0805_2012Metric,https://wmsc.lcsc.com/wmsc/upload/file/pdf/v2/lcsc/2304140030_TDK-CGA4J3X7R1E684KT0Y0N_C360358.pdf,https://www.lcsc.com/product-detail/multilayer-ceramic-capacitors-mlcc-smd-smt_tdk-cga4j3x7r1e684kt0y0n_C360358.html,"Capacitor 680nF 10% 25V X7R 0805 Automotive Grade MLCC (CGA Series), TDK CGA4J3X7R1E684KT0Y0N (Flight, LCSC Extended)",capacitor 680nF 0805 tdk tdk cga flight general purpose,3,0.0454
C 680nF 0805 50V X8L 10% TDK,680nF,C5139697,Extended,CGA4J1X8L1H684KT0Y0N,TDK,TDK CGA,0805,10%,,50V,X8L,,,,,E24,Flight,General Purpose,Device:C,Capacitor_SMD:C_0805_2012Metric,https://wmsc.lcsc.com/wmsc/upload/file/pdf/v2/lcsc/2208240930_TDK-CGA4J1X8L1H684KT0Y0N_C5139697.pdf,https://www.lcsc.com/product-detail/multilayer-ceramic-capacitors-mlcc-smd-smt_tdk-cga4j1x8l1h684kt0y0n_C5139697.html,"Capacitor 680nF 10% 50V X8L 0805 Automotive Grade MLCC (CGA Series), TDK CGA4J1X8L1H684KT0Y0N (Flight, LCSC Extended)",capacitor 680nF 0805 tdk tdk cga flight general purpose,451,0.1723
C 680nF 0805 50V X7R 10% TDK,680nF,C342764,Extended,CGA4J3X7R1H684KT0Y0N,TDK,TDK CGA,0805,10%,,50V,X7R,,,,,E24,Flight,General Purpose,Device:C,Capacitor_SMD:C_0805_2012Metric,https://wmsc.lcsc.com/wmsc/upload/file/pdf/v2/lcsc/2304140030_TDK-CGA4J3X7R1H684KT0Y0N_C342764.pdf,https://www.lcsc.com/product-detail/multilayer-ceramic-capacitors-mlcc-smd-smt_tdk-cga4j3x7r1h684kt0y0n_C342764.html,"Capacitor 680nF 10% 50V X7R 0805 Automotive Grade MLCC (CGA Series), TDK CGA4J3X7R1H684KT0Y0N (Flight, LCSC Extended)",capacitor 680nF 0805 tdk tdk cga flight general purpose,29,0.0664
C 1uF 0805 100V X7S 10% TDK,1uF,C338074,Extended,CGA4J3X7S2A105KT0Y0N,TDK,TDK CGA,0805,10%,,100V,X7S,,,,,E24,Flight,General Purpose,Device:C,Capacitor_SMD:C_0805_2012Metric,https://www.lcsc.com/datasheet/lcsc_datasheet_2304140030_TDK-CGA4J3X7S2A105KT0Y0N_C338074.pdf,https://www.lcsc.com/product-detail/multilayer-ceramic-capacitors-mlcc-smd-smt_tdk-cga4j3x7s2a105kt0y0n_C338074.html,"Capacitor 1uF 10% 100V X7S 0805 Automotive Grade MLCC (CGA Series), TDK CGA4J3X7S2A105KT0Y0N (Flight, LCSC Extended)",capacitor 1uF 0805 tdk tdk cga flight general purpose,1254,0.1827
C 1uF 0805 16V X7R 10% TDK,1uF,C338086,Extended,CGA4J2X7R1C105KT0Y0N,TDK,TDK CGA,0805,10%,,16V,X7R,,,,,E24,Flight,General Purpose,Device:C,Capacitor_SMD:C_0805_2012Metric,https://wmsc.lcsc.com/wmsc/upload/file/pdf/v2/lcsc/2304140030_TDK-CGA4J2X7R1C105KT0Y0N_C338086.pdf,https://www.lcsc.com/product-detail/multilayer-ceramic-capacitors-mlcc-smd-smt_tdk-cga4j2x7r1c105kt0y0n_C338086.html,"Capacitor 1uF 10% 16V X7R 0805 Automotive Grade MLCC (CGA Series), TDK CGA4J2X7R1C105KT0Y0N (Flight, LCSC Extended)",capacitor 1uF 0805 tdk tdk cga flight general purpose,1,0.0409
C 1uF 0805 25V X7R 10% TDK,1uF,C342927,Extended,CGA4J3X7R1E105KT0Y0N,TDK,TDK CGA,0805,10%,,25V,X7R,,,,,E24,Flight,General Purpose,Device:C,Capacitor_SMD:C_0805_2012Metric,https://wmsc.lcsc.com/wmsc/upload/file/pdf/v2/lcsc/2304140030_TDK-CGA4J3X7R1E105KT0Y0N_C342927.pdf,https://www.lcsc.com/product-detail/multilayer-ceramic-capacitors-mlcc-smd-smt_tdk-cga4j3x7r1e105kt0y0n_C342927.html,"Capacitor 1uF 10% 25V X7R 0805 Automotive Grade MLCC (CGA Series), TDK CGA4J3X7R1E105KT0Y0N (Flight, LCSC Extended)",capacitor 1uF 0805 tdk tdk cga flight general purpose,1826,0.0334
C 1uF 0805 35V X7R 10% TDK,1uF,C361185,Extended,CGA4J3X7R1V105KT0Y0N,TDK,TDK CGA,0805,10%,,35V,X7R,,,,,E24,Flight,General Purpose,Device:C,Capacitor_SMD:C_0805_2012Metric,https://wmsc.lcsc.com/wmsc/upload/file/pdf/v2/lcsc/1912111437_TDK-CGA4J3X7R1V105KT0Y0N_C361185.pdf,https://www.lcsc.com/product-detail/multilayer-ceramic-capacitors-mlcc-smd-smt_tdk-cga4j3x7r1v105kt0y0n_C361185.html,"Capacitor 1uF 10% 35V X7R 0805 Automotive Grade MLCC (CGA Series), TDK CGA4J3X7R1V105KT0Y0N (Flight, LCSC Extended)",capacitor 1uF 0805 tdk tdk cga flight general purpose,141,0.0511
C 1uF 0805 50V X7R 10% TDK,1uF,C342759,Extended,CGA4J3X7R1H105KT0Y0N,TDK,TDK CGA,0805,10%,,50V,X7R,,,,,E24,Flight,General Purpose,Device:C,Capacitor_SMD:C_0805_2012Metric,https://wmsc.lcsc.com/wmsc/upload/file/pdf/v2/lcsc/2304140030_TDK-CGA4J3X7R1H105KT0Y0N_C342759.pdf,https://www.lcsc.com/product-detail/multilayer-ceramic-capacitors-mlcc-smd-smt_tdk-cga4j3x7r1h105kt0y0n_C342759.html,"Capacitor 1uF 10% 50V X7R 0805 Automotive Grade MLCC (CGA Series), TDK CGA4J3X7R1H105KT0Y0N (Flight, LCSC Extended)",capacitor 1uF 0805 tdk tdk cga flight general purpose,5734,0.0913
C 1uF 0805 100V X7S 20% TDK,1uF,C3832879,Extended,CGA4J3X7S2A105M125AB,TDK,TDK CGA,0805,20%,,100V,X7S,,,,,E24,Flight,General Purpose,Device:C,Capacitor_SMD:C_0805_2012Metric,https://www.lcsc.com/datasheet/lcsc_datasheet_2410121959_TDK-CGA4J3X7S2A105M125AB_C3832879.pdf,https://www.lcsc.com/product-detail/multilayer-ceramic-capacitors-mlcc-smd-smt_tdk-cga4j3x7s2a105m125ab_C3832879.html,"Capacitor 1uF 20% 100V X7S 0805 Automotive Grade MLCC (CGA Series), TDK CGA4J3X7S2A105M125AB (Flight, LCSC Extended)",capacitor 1uF 0805 tdk tdk cga flight general purpose,2,0.2798
C 1uF 0805 25V X7R 20% TDK,1uF,C2171791,Extended,CGA4J3X7R1E105M125AB,TDK,TDK CGA,0805,20%,,25V,X7R,,,,,E24,Flight,General Purpose,Device:C,Capacitor_SMD:C_0805_2012Metric,https://wmsc.lcsc.com/wmsc/upload/file/pdf/v2/lcsc/2304140030_TDK-CGA4J3X7R1E105M125AB_C2171791.pdf,https://www.lcsc.com/product-detail/multilayer-ceramic-capacitors-mlcc-smd-smt_tdk-cga4j3x7r1e105m125ab_C2171791.html,"Capacitor 1uF 20% 25V X7R 0805 Automotive Grade MLCC (CGA Series), TDK CGA4J3X7R1E105M125AB (Flight, LCSC Extended)",capacitor 1uF 0805 tdk tdk cga flight general purpose,70,0.1627
C 2.2uF 0805 16V X7R 10% TDK,2.2uF,C338060,Extended,CGA4J3X7R1C225KT0Y0N,TDK,TDK CGA,0805,10%,,16V,X7R,,,,,E24,Flight,General Purpose,Device:C,Capacitor_SMD:C_0805_2012Metric,https://wmsc.lcsc.com/wmsc/upload/file/pdf/v2/lcsc/2304140030_TDK-CGA4J3X7R1C225KT0Y0N_C338060.pdf,https://www.lcsc.com/product-detail/multilayer-ceramic-capacitors-mlcc-smd-smt_tdk-cga4j3x7r1c225kt0y0n_C338060.html,"Capacitor 2.2uF 10% 16V X7R 0805 Automotive Grade MLCC (CGA Series), TDK CGA4J3X7R1C225KT0Y0N (Flight, LCSC Extended)",capacitor 2.2uF 0805 tdk tdk cga flight general purpose,21,0.0368
C 2.2uF 0805 25V X7R 10% TDK,2.2uF,C76714,Extended,CGA4J3X7R1E225KT0Y0N,TDK,TDK CGA,0805,10%,,25V,X7R,,,,,E24,Flight,General Purpose,Device:C,Capacitor_SMD:C_0805_2012Metric,https://wmsc.lcsc.com/wmsc/upload/file/pdf/v2/lcsc/2304140030_TDK-CGA4J3X7R1E225KT0Y0N_C76714.pdf,https://www.lcsc.com/product-detail/multilayer-ceramic-capacitors-mlcc-smd-smt_tdk-cga4j3x7r1e225kt0y0n_C76714.html,"Capacitor 2.2uF 10% 25V X7R 0805 Automotive Grade MLCC (CGA Series), TDK CGA4J3X7R1E225KT0Y0N (Flight, LCSC Extended)",capacitor 2.2uF 0805 tdk tdk cga flight general purpose,2172,0.1289
C 2.2uF 0805 35V X7R 10% TDK,2.2uF,C342739,Extended,CGA4J1X7R1V225KT0Y0E,TDK,TDK CGA,0805,10%,,35V,X7R,,,,,E24,Flight,General Purpose,Device:C,Capacitor_SMD:C_0805_2012Metric,https://wmsc.lcsc.com/wmsc/upload/file/pdf/v2/lcsc/2304140030_TDK-CGA4J1X7R1V225KT0Y0E_C342739.pdf,https://www.lcsc.com/product-detail/multilayer-ceramic-capacitors-mlcc-smd-smt_tdk-cga4j1x7r1v225kt0y0e_C342739.html,"Capacitor 2.2uF 10% 35V X7R 0805 Automotive Grade MLCC (CGA Series), TDK CGA4J1X7R1V225KT0Y0E (Flight, LCSC Extended)",capacitor 2.2uF 0805 tdk tdk cga flight general purpose,833,0.1286
C 2.2uF 0805 50V X5R 10% TDK,2.2uF,C3007645,Extended,CGA4J3X5R1H225KT0Y0N,TDK,TDK CGA,0805,10%,,50V,X5R,,,,,E24,Flight,General Purpose,Device:C,Capacitor_SMD:C_0805_2012Metric,https://wmsc.lcsc.com/wmsc/upload/file/pdf/v2/lcsc/2208240930_TDK-CGA4J3X5R1H225KT0Y0N_C3007645.pdf,https://www.lcsc.com/product-detail/multilayer-ceramic-capacitors-mlcc-smd-smt_tdk-cga4j3x5r1h225kt0y0n_C3007645.html,"Capacitor 2.2uF 10% 50V X5R 0805 Automotive Grade MLCC (CGA Series), TDK CGA4J3X5R1H225KT0Y0N (Flight, LCSC Extended)",capacitor 2.2uF 0805 tdk tdk cga flight general purpose,424,0.2283
C 2.2uF 0805 50V X7R 10% TDK,2.2uF,C342737,Extended,CGA4J3X7R1H225KT000N,TDK,TDK CGA,0805,10%,,50V,X7R,,,,,E24,Flight,General Purpose,Device:C,Capacitor_SMD:C_0805_2012Metric,https://wmsc.lcsc.com/wmsc/upload/file/pdf/v2/lcsc/2304140030_TDK-CGA4J3X7R1H225KT000N_C342737.pdf,https://www.lcsc.com/product-detail/multilayer-ceramic-capacitors-mlcc-smd-smt_tdk-cga4j3x7r1h225kt000n_C342737.html,"Capacitor 2.2uF 10% 50V X7R 0805 Automotive Grade MLCC (CGA Series), TDK CGA4J3X7R1H225KT000N (Flight, LCSC Extended)",capacitor 2.2uF 0805 tdk tdk cga flight general purpose,11909,0.1964
C 3.3uF 0805 16V X8L 10% TDK,3.3uF,C3899345,Extended,CGA4J1X8L1C335K125AC,TDK,TDK CGA,0805,10%,,16V,X8L,,,,,E24,Flight,General Purpose,Device:C,Capacitor_SMD:C_0805_2012Metric,https://wmsc.lcsc.com/wmsc/upload/file/pdf/v2/lcsc/2401181644_TDK-CGA4J1X8L1C335K125AC_C3899345.pdf,https://www.lcsc.com/product-detail/multilayer-ceramic-capacitors-mlcc-smd-smt_tdk-cga4j1x8l1c335k125ac_C3899345.html,"Capacitor 3.3uF 10% 16V X8L 0805 Automotive Grade MLCC (CGA Series), TDK CGA4J1X8L1C335K125AC (Flight, LCSC Extended)",capacitor 3.3uF 0805 tdk tdk cga flight general purpose,5,0.6198
C 3.3uF 0805 16V X7R 10% TDK,3.3uF,C415306,Extended,CGA4J3X7R1C335KT0Y0N,TDK,TDK CGA,0805,10%,,16V,X7R,,,,,E24,Flight,General Purpose,Device:C,Capacitor_SMD:C_0805_2012Metric,https://wmsc.lcsc.com/wmsc/upload/file/pdf/v2/lcsc/2304140030_TDK-CGA4J3X7R1C335KT0Y0N_C415306.pdf,https://www.lcsc.com/product-detail/multilayer-ceramic-capacitors-mlcc-smd-smt_tdk-cga4j3x7r1c335kt0y0n_C415306.html,"Capacitor 3.3uF 10% 16V X7R 0805 Automotive Grade MLCC (CGA Series), TDK CGA4J3X7R1C335KT0Y0N (Flight, LCSC Extended)",capacitor 3.3uF 0805 tdk tdk cga flight general purpose,5,0.0926
C 3.3uF 0805 25V X7R 10% TDK,3.3uF,C409449,Extended,CGA4J1X7R1E335KT0Y0E,TDK,TDK CGA,0805,10%,,25V,X7R,,,,,E24,Flight,General Purpose,Device:C,Capacitor_SMD:C_0805_2012Metric,https://wmsc.lcsc.com/wmsc/upload/file/pdf/v2/lcsc/2304140030_TDK-CGA4J1X7R1E335KT0Y0E_C409449.pdf,https://www.lcsc.com/product-detail/multilayer-ceramic-capacitors-mlcc-smd-smt_tdk-cga4j1x7r1e335kt0y0e_C409449.html,"Capacitor 3.3uF 10% 25V X7R 0805 Automotive Grade MLCC (CGA Series), TDK CGA4J1X7R1E335KT0Y0E (Flight, LCSC Extended)",capacitor 3.3uF 0805 tdk tdk cga flight general purpose,2296,0.1383
C 3.3uF 0805 50V X5R 10% TDK,3.3uF,C2939047,Extended,CGA4J3X5R1H335KT0Y0N,TDK,TDK CGA,0805,10%,,50V,X5R,,,,,E24,Flight,General Purpose,Device:C,Capacitor_SMD:C_0805_2012Metric,https://wmsc.lcsc.com/wmsc/upload/file/pdf/v2/lcsc/2201121830_TDK-CGA4J3X5R1H335KT0Y0N_C2939047.pdf,https://www.lcsc.com/product-detail/multilayer-ceramic-capacitors-mlcc-smd-smt_tdk-cga4j3x5r1h335kt0y0n_C2939047.html,"Capacitor 3.3uF 10% 50V X5R 0805 Automotive Grade MLCC (CGA Series), TDK CGA4J3X5R1H335KT0Y0N (Flight, LCSC Extended)",capacitor 3.3uF 0805 tdk tdk cga flight general purpose,2423,0.1289
C 4.7uF 0805 10V X7R 10% TDK,4.7uF,C193119,Extended,CGA4J3X7R1A475KT0Y0N,TDK,TDK CGA,0805,10%,,10V,X7R,,,,,E24,Flight,General Purpose,Device:C,Capacitor_SMD:C_0805_2012Metric,https://www.lcsc.com/datasheet/lcsc_datasheet_2304140030_TDK-CGA4J3X7R1A475KT0Y0N_C193119.pdf,https://www.lcsc.com/product-detail/multilayer-ceramic-capacitors-mlcc-smd-smt_tdk-cga4j3x7r1a475kt0y0n_C193119.html,"Capacitor 4.7uF 10% 10V X7R 0805 Automotive Grade MLCC (CGA Series), TDK CGA4J3X7R1A475KT0Y0N (Flight, LCSC Extended)",capacitor 4.7uF 0805 tdk tdk cga flight general purpose,5,0.084
C 4.7uF 0805 16V X7R 10% TDK,4.7uF,C342757,Extended,CGA4J3X7R1C475KT0Y0N,TDK,TDK CGA,0805,10%,,16V,X7R,,,,,E24,Flight,General Purpose,Device:C,Capacitor_SMD:C_0805_2012Metric,https://wmsc.lcsc.com/wmsc/upload/file/pdf/v2/lcsc/2304140030_TDK-CGA4J3X7R1C475KT0Y0N_C342757.pdf,https://www.lcsc.com/product-detail/multilayer-ceramic-capacitors-mlcc-smd-smt_tdk-cga4j3x7r1c475kt0y0n_C342757.html,"Capacitor 4.7uF 10% 16V X7R 0805 Automotive Grade MLCC (CGA Series), TDK CGA4J3X7R1C475KT0Y0N (Flight, LCSC Extended)",capacitor 4.7uF 0805 tdk tdk cga flight general purpose,50,0.0643
C 4.7uF 0805 25V X7R 10% TDK,4.7uF,C76713,Extended,CGA4J1X7R1E475KT0Y0E,TDK,TDK CGA,0805,10%,,25V,X7R,,,,,E24,Flight,General Purpose,Device:C,Capacitor_SMD:C_0805_2012Metric,https://wmsc.lcsc.com/wmsc/upload/file/pdf/v2/lcsc/2304140030_TDK-CGA4J1X7R1E475KT0Y0E_C76713.pdf,https://www.lcsc.com/product-detail/multilayer-ceramic-capacitors-mlcc-smd-smt_tdk-cga4j1x7r1e475kt0y0e_C76713.html,"Capacitor 4.7uF 10% 25V X7R 0805 Automotive Grade MLCC (CGA Series), TDK CGA4J1X7R1E475KT0Y0E (Flight, LCSC Extended)",capacitor 4.7uF 0805 tdk tdk cga flight general purpose,4038,0.1087
C 4.7uF 0805 25V X5R 10% TDK,4.7uF,C2173047,Extended,CGA4J3X5R1E475K125AB,TDK,TDK CGA,0805,10%,,25V,X5R,,,,,E24,Flight,General Purpose,Device:C,Capacitor_SMD:C_0805_2012Metric,https://wmsc.lcsc.com/wmsc/upload/file/pdf/v2/lcsc/2304140030_TDK-CGA4J3X5R1E475K125AB_C2173047.pdf,https://www.lcsc.com/product-detail/multilayer-ceramic-capacitors-mlcc-smd-smt_tdk-cga4j3x5r1e475k125ab_C2173047.html,"Capacitor 4.7uF 10% 25V X5R 0805 Automotive Grade MLCC (CGA Series), TDK CGA4J3X5R1E475K125AB (Flight, LCSC Extended)",capacitor 4.7uF 0805 tdk tdk cga flight general purpose,37,0.2066
C 4.7uF 0805 35V X7R 10% TDK,4.7uF,C342743,Extended,CGA4J1X7R1V475KT000N,TDK,TDK CGA,0805,10%,,35V,X7R,,,,,E24,Flight,General Purpose,Device:C,Capacitor_SMD:C_0805_2012Metric,https://wmsc.lcsc.com/wmsc/upload/file/pdf/v2/lcsc/2304140030_TDK-CGA4J1X7R1V475KT000N_C342743.pdf,https://www.lcsc.com/product-detail/multilayer-ceramic-capacitors-mlcc-smd-smt_tdk-cga4j1x7r1v475kt000n_C342743.html,"Capacitor 4.7uF 10% 35V X7R 0805 Automotive Grade MLCC (CGA Series), TDK CGA4J1X7R1V475KT000N (Flight, LCSC Extended)",capacitor 4.7uF 0805 tdk tdk cga flight general purpose,7620,0.1667
C 4.7uF 0805 50V X7R 10% TDK,4.7uF,C694229,Extended,CGA4J1X7R1H475KT0Y0N,TDK,TDK CGA,0805,10%,,50V,X7R,,,,,E24,Flight,General Purpose,Device:C,Capacitor_SMD:C_0805_2012Metric,https://wmsc.lcsc.com/wmsc/upload/file/pdf/v2/lcsc/2304140030_TDK-CGA4J1X7R1H475KT0Y0N_C694229.pdf,https://www.lcsc.com/product-detail/multilayer-ceramic-capacitors-mlcc-smd-smt_tdk-cga4j1x7r1h475kt0y0n_C694229.html,"Capacitor 4.7uF 10% 50V X7R 0805 Automotive Grade MLCC (CGA Series), TDK CGA4J1X7R1H475KT0Y0N (Flight, LCSC Extended)",capacitor 4.7uF 0805 tdk tdk cga flight general purpose,798,0.3761
C 4.7uF 0805 50V X5R 10% TDK,4.7uF,C329962,Extended,CGA4J3X5R1H475KT0Y0N,TDK,TDK CGA,0805,10%,,50V,X5R,,,,,E24,Flight,General Purpose,Device:C,Capacitor_SMD:C_0805_2012Metric,https://wmsc.lcsc.com/wmsc/upload/file/pdf/v2/lcsc/2304140030_TDK-CGA4J3X5R1H475KT0Y0N_C329962.pdf,https://www.lcsc.com/product-detail/multilayer-ceramic-capacitors-mlcc-smd-smt_tdk-cga4j3x5r1h475kt0y0n_C329962.html,"Capacitor 4.7uF 10% 50V X5R 0805 Automotive Grade MLCC (CGA Series), TDK CGA4J3X5R1H475KT0Y0N (Flight, LCSC Extended)",capacitor 4.7uF 0805 tdk tdk cga flight general purpose,453,0.185
C 4.7uF 0805 25V X7R 20% TDK,4.7uF,C2171439,Extended,CGA4J1X7R1E475M125AE,TDK,TDK CGA,0805,20%,,25V,X7R,,,,,E24,Flight,General Purpose,Device:C,Capacitor_SMD:C_0805_2012Metric,https://wmsc.lcsc.com/wmsc/upload/file/pdf/v2/lcsc/2304140030_TDK-CGA4J1X7R1E475M125AE_C2171439.pdf,https://www.lcsc.com/product-detail/multilayer-ceramic-capacitors-mlcc-smd-smt_tdk-cga4j1x7r1e475m125ae_C2171439.html,"Capacitor 4.7uF 20% 25V X7R 0805 Automotive Grade MLCC (CGA Series), TDK CGA4J1X7R1E475M125AE (Flight, LCSC Extended)",capacitor 4.7uF 0805 tdk tdk cga flight general purpose,3,0.6019
C 6.8uF 0805 16V X7S 10% TDK,6.8uF,C5139488,Extended,CGA4J1X7S1C685KT000N,TDK,TDK CGA,0805,10%,,16V,X7S,,,,,E24,Flight,General Purpose,Device:C,Capacitor_SMD:C_0805_2012Metric,https://wmsc.lcsc.com/wmsc/upload/file/pdf/v2/lcsc/2208251730_TDK-CGA4J1X7S1C685KT000N_C5139488.pdf,https://www.lcsc.com/product-detail/multilayer-ceramic-capacitors-mlcc-smd-smt_tdk-cga4j1x7s1c685kt000n_C5139488.html,"Capacitor 6.8uF 10% 16V X7S 0805 Automotive Grade MLCC (CGA Series), TDK CGA4J1X7S1C685KT000N (Flight, LCSC Extended)",capacitor 6.8uF 0805 tdk tdk cga flight general purpose,4440,0.2714
C 10uF 0805 10V X5R 10% TDK,10uF,C193117,Extended,CGA4J3X5R1A106KT0Y0N,TDK,TDK CGA,0805,10%,,10V,X5R,,,,,E24,Flight,General Purpose,Device:C,Capacitor_SMD:C_0805_2012Metric,https://www.lcsc.com/datasheet/lcsc_datasheet_2304140030_TDK-CGA4J3X5R1A106KT0Y0N_C193117.pdf,https://www.lcsc.com/product-detail/multilayer-ceramic-capacitors-mlcc-smd-smt_tdk-cga4j3x5r1a106kt0y0n_C193117.html,"Capacitor 10uF 10% 10V X5R 0805 Automotive Grade MLCC (CGA Series), TDK CGA4J3X5R1A106KT0Y0N (Flight, LCSC Extended)",capacitor 10uF 0805 tdk tdk cga flight general purpose,1651,0.295
C 10uF 0805 10V X7S 10% TDK,10uF,C342720,Extended,CGA4J3X7S1A106KT000N,TDK,TDK CGA,0805,10%,,10V,X7S,,,,,E24,Flight,General Purpose,Device:C,Capacitor_SMD:C_0805_2012Metric,https://wmsc.lcsc.com/wmsc/upload/file/pdf/v2/lcsc/2304140030_TDK-CGA4J3X7S1A106KT000N_C342720.pdf,https://www.lcsc.com/product-detail/multilayer-ceramic-capacitors-mlcc-smd-smt_tdk-cga4j3x7s1a106kt000n_C342720.html,"Capacitor 10uF 10% 10V X7S 0805 Automotive Grade MLCC (CGA Series), TDK CGA4J3X7S1A106KT000N (Flight, LCSC Extended)",capacitor 10uF 0805 tdk tdk cga flight general purpose,293,0.1465
C 10uF 0805 16V X5R 10% TDK,10uF,C342712,Extended,CGA4J1X5R1C106KT0Y0E,TDK,TDK CGA,0805,10%,,16V,X5R,,,,,E24,Flight,General Purpose,Device:C,Capacitor_SMD:C_0805_2012Metric,https://wmsc.lcsc.com/wmsc/upload/file/pdf/v2/lcsc/2304140030_TDK-CGA4J1X5R1C106KT0Y0E_C342712.pdf,https://www.lcsc.com/product-detail/multilayer-ceramic-capacitors-mlcc-smd-smt_tdk-cga4j1x5r1c106kt0y0e_C342712.html,"Capacitor 10uF 10% 16V X5R 0805 Automotive Grade MLCC (CGA Series), TDK CGA4J1X5R1C106KT0Y0E (Flight, LCSC Extended)",capacitor 10uF 0805 tdk tdk cga flight general purpose,2641,0.1644
C 10uF 0805 16V X7S 10% TDK,10uF,C329936,Extended,CGA4J1X7S1C106KT000N,TDK,TDK CGA,0805,10%,,16V,X7S,,,,,E24,Flight,General Purpose,Device:C,Capacitor_SMD:C_0805_2012Metric,https://wmsc.lcsc.com/wmsc/upload/file/pdf/v2/lcsc/2304140030_TDK-CGA4J1X7S1C106KT000N_C329936.pdf,https://www.lcsc.com/product-detail/multilayer-ceramic-capacitors-mlcc-smd-smt_tdk-cga4j1x7s1c106kt000n_C329936.html,"Capacitor 10uF 10% 16V X7S 0805 Automotive Grade MLCC (CGA Series), TDK CGA4J1X7S1C106KT000N (Flight, LCSC Extended)",capacitor 10uF 0805 tdk tdk cga flight general purpose,5989,0.2439
C 10uF 0805 6.3V X7R 10% TDK,10uF,C338061,Extended,CGA4J1X7R0J106KT0Y0E,TDK,TDK CGA,0805,10%,,6.3V,X7R,,,,,E24,Flight,General Purpose,Device:C,Capacitor_SMD:C_0805_2012Metric,https://wmsc.lcsc.com/wmsc/upload/file/pdf/v2/lcsc/2304140030_TDK-CGA4J1X7R0J106KT0Y0E_C338061.pdf,https://www.lcsc.com/product-detail/multilayer-ceramic-capacitors-mlcc-smd-smt_tdk-cga4j1x7r0j106kt0y0e_C338061.html,"Capacitor 10uF 10% 6.3V X7R 0805 Automotive Grade MLCC (CGA Series), TDK CGA4J1X7R0J106KT0Y0E (Flight, LCSC Extended)",capacitor 10uF 0805 tdk tdk cga flight general purpose,3,0.0884
C 10uF 0805 10V X7S 20% TDK,10uF,C2173157,Extended,CGA4J3X7S1A106M125AE,TDK,TDK CGA,0805,20%,,10V,X7S,,,,,E24,Flight,General Purpose,Device:C,Capacitor_SMD:C_0805_2012Metric,https://wmsc.lcsc.com/wmsc/upload/file/pdf/v2/lcsc/2304140030_TDK-CGA4J3X7S1A106M125AE_C2173157.pdf,https://www.lcsc.com/product-detail/multilayer-ceramic-capacitors-mlcc-smd-smt_tdk-cga4j3x7s1a106m125ae_C2173157.html,"Capacitor 10uF 20% 10V X7S 0805 Automotive Grade MLCC (CGA Series), TDK CGA4J3X7S1A106M125AE (Flight, LCSC Extended)",capacitor 10uF 0805 tdk tdk cga flight general purpose,2,0.5499
C 10uF 0805 16V X7S 20% TDK,10uF,C2182181,Extended,CGA4J1X7S1C106M125AC,TDK,TDK CGA,0805,20%,,16V,X7S,,,,,E24,Flight,General Purpose,Device:C,Capacitor_SMD:C_0805_2012Metric,https://wmsc.lcsc.com/wmsc/upload/file/pdf/v2/lcsc/2304140030_TDK-CGA4J1X7S1C106M125AC_C2182181.pdf,https://www.lcsc.com/product-detail/multilayer-ceramic-capacitors-mlcc-smd-smt_tdk-cga4j1x7s1c106m125ac_C2182181.html,"Capacitor 10uF 20% 16V X7S 0805 Automotive Grade MLCC (CGA Series), TDK CGA4J1X7S1C106M125AC (Flight, LCSC Extended)",capacitor 10uF 0805 tdk tdk cga flight general purpose,1,0.1465
C 100pF 1206 630V C0G 5% TDK,100pF,C342837,Extended,CGA5C4C0G2J101JT0Y0N,TDK,TDK CGA,1206,5%,,630V,C0G,,,,,E24,Flight,General Purpose,Device:C,Capacitor_SMD:C_1206_3216Metric,https://wmsc.lcsc.com/wmsc/upload/file/pdf/v2/lcsc/2211030930_TDK-CGA5C4C0G2J101JT0Y0N_C342837.pdf,https://www.lcsc.com/product-detail/multilayer-ceramic-capacitors-mlcc-smd-smt_tdk-cga5c4c0g2j101jt0y0n_C342837.html,"Capacitor 100pF 5% 630V C0G 1206 Automotive Grade MLCC (CGA Series), TDK CGA5C4C0G2J101JT0Y0N (Flight, LCSC Extended)",capacitor 100pF 1206 tdk tdk cga flight general purpose,1486,0.0653
C 220pF 1206 630V C0G 5% TDK,220pF,C338120,Extended,CGA5C4C0G2J221JT0Y0N,TDK,TDK CGA,1206,5%,,630V,C0G,,,,,E24,Flight,General Purpose,Device:C,Capacitor_SMD:C_1206_3216Metric,https://wmsc.lcsc.com/wmsc/upload/file/pdf/v2/lcsc/2208230930_TDK-CGA5C4C0G2J221JT0Y0N_C338120.pdf,https://www.lcsc.com/product-detail/multilayer-ceramic-capacitors-mlcc-smd-smt_tdk-cga5c4c0g2j221jt0y0n_C338120.html,"Capacitor 220pF 5% 630V C0G 1206 Automotive Grade MLCC (CGA Series), TDK CGA5C4C0G2J221JT0Y0N (Flight, LCSC Extended)",capacitor 220pF 1206 tdk tdk cga flight general purpose,8,0.0542
C 1nF 1206 630V X7R 10% TDK,1nF,C342833,Extended,CGA5H4X7R2J102KT0Y0U,TDK,TDK CGA,1206,10%,,630V,X7R,,,,,E24,Flight,General Purpose,Device:C,Capacitor_SMD:C_1206_3216Metric,https://wmsc.lcsc.com/wmsc/upload/file/pdf/v2/lcsc/2208230930_TDK-CGA5H4X7R2J102KT0Y0U_C342833.pdf,https://www.lcsc.com/product-detail/multilayer-ceramic-capacitors-mlcc-smd-smt_tdk-cga5h4x7r2j102kt0y0u_C342833.html,"Capacitor 1nF 10% 630V X7R 1206 Automotive Grade MLCC (CGA Series), TDK CGA5H4X7R2J102KT0Y0U (Flight, LCSC Extended)",capacitor 1nF 1206 tdk tdk cga flight general purpose,6,0.1544
C 1nF 1206 630V C0G 5% TDK,1nF,C342841,Extended,CGA5F4C0G2J102JT0Y0N,TDK,TDK CGA,1206,5%,,630V,C0G,,,,,E24,Flight,General Purpose,Device:C,Capacitor_SMD:C_1206_3216Metric,https://wmsc.lcsc.com/wmsc/upload/file/pdf/v2/lcsc/2208230930_TDK-CGA5F4C0G2J102JT0Y0N_C342841.pdf,https://www.lcsc.com/product-detail/multilayer-ceramic-capacitors-mlcc-smd-smt_tdk-cga5f4c0g2j102jt0y0n_C342841.html,"Capacitor 1nF 5% 630V C0G 1206 Automotive Grade MLCC (CGA Series), TDK CGA5F4C0G2J102JT0Y0N (Flight, LCSC Extended)",capacitor 1nF 1206 tdk tdk cga flight general purpose,1046,0.0661
C 3.3nF 1206 250V C0G 5% TDK,3.3nF,C49241936,Extended,CGA5F3C0G2E332JT0Y0N,TDK,TDK CGA,1206,5%,,250V,C0G,,,,,E24,Flight,General Purpose,Device:C,Capacitor_SMD:C_1206_3216Metric,https://product.tdk.com/en/system/files/dam/doc/product/capacitor/ceramic/mlcc/catalog/mlcc_automotive_general_en.pdf,https://www.lcsc.com/product-detail/C49241936.html,"Capacitor 3.3nF 5% 250V C0G 1206 Automotive Grade MLCC (CGA Series), TDK CGA5F3C0G2E332JT0Y0N (Flight, LCSC Extended)",capacitor 3.3nF 1206 tdk tdk cga flight general purpose,626,0.2605
C 4.7nF 1206 630V X7R 10% TDK,4.7nF,C432947,Extended,CGA5H4X7R2J472KT0Y0U,TDK,TDK CGA,1206,10%,,630V,X7R,,,,,E24,Flight,General Purpose,Device:C,Capacitor_SMD:C_1206_3216Metric,https://wmsc.lcsc.com/wmsc/upload/file/pdf/v2/lcsc/2304140030_TDK-CGA5H4X7R2J472KT0Y0U_C432947.pdf,https://www.lcsc.com/product-detail/multilayer-ceramic-capacitors-mlcc-smd-smt_tdk-cga5h4x7r2j472kt0y0u_C432947.html,"Capacitor 4.7nF 10% 630V X7R 1206 Automotive Grade MLCC (CGA Series), TDK CGA5H4X7R2J472KT0Y0U (Flight, LCSC Extended)",capacitor 4.7nF 1206 tdk tdk cga flight general purpose,5,0.0754
C 4.7nF 1206 630V C0G 5% TDK,4.7nF,C361181,Extended,CGA5F4C0G2J472JT0Y0N,TDK,TDK CGA,1206,5%,,630V,C0G,,,,,E24,Flight,General Purpose,Device:C,Capacitor_SMD:C_1206_3216Metric,https://wmsc.lcsc.com/wmsc/upload/file/pdf/v2/lcsc/2209071200_TDK-CGA5F4C0G2J472JT0Y0N_C361181.pdf,https://www.lcsc.com/product-detail/multilayer-ceramic-capacitors-mlcc-smd-smt_tdk-cga5f4c0g2j472jt0y0n_C361181.html,"Capacitor 4.7nF 5% 630V C0G 1206 Automotive Grade MLCC (CGA Series), TDK CGA5F4C0G2J472JT0Y0N (Flight, LCSC Extended)",capacitor 4.7nF 1206 tdk tdk cga flight general purpose,1488,0.2063
C 6.8nF 1206 630V NP0 5% TDK,6.8nF,C5139553,Extended,CGA5H4NP02J682JT0Y0N,TDK,TDK CGA,1206,5%,,630V,NP0,,,,,E24,Flight,General Purpose,Device:C,Capacitor_SMD:C_1206_3216Metric,https://wmsc.lcsc.com/wmsc/upload/file/pdf/v2/lcsc/2208240930_TDK-CGA5H4NP02J682JT0Y0N_C5139553.pdf,https://www.lcsc.com/product-detail/multilayer-ceramic-capacitors-mlcc-smd-smt_tdk-cga5h4np02j682jt0y0n_C5139553.html,"Capacitor 6.8nF 5% 630V NP0 1206 Automotive Grade MLCC (CGA Series), TDK CGA5H4NP02J682JT0Y0N (Flight, LCSC Extended)",capacitor 6.8nF 1206 tdk tdk cga flight general purpose,1986,0.5369
C 8.2nF 1206 250V C0G 5% TDK,8.2nF,C5139535,Extended,CGA5L3C0G2E822JT0Y0N,TDK,TDK CGA,1206,5%,,250V,C0G,,,,,E24,Flight,General Purpose,Device:C,Capacitor_SMD:C_1206_3216Metric,https://wmsc.lcsc.com/wmsc/upload/file/pdf/v2/lcsc/2208240930_TDK-CGA5L3C0G2E822JT0Y0N_C5139535.pdf,https://www.lcsc.com/product-detail/multilayer-ceramic-capacitors-mlcc-smd-smt_tdk-cga5l3c0g2e822jt0y0n_C5139535.html,"Capacitor 8.2nF 5% 250V C0G 1206 Automotive Grade MLCC (CGA Series), TDK CGA5L3C0G2E822JT0Y0N (Flight, LCSC Extended)",capacitor 8.2nF 1206 tdk tdk cga flight general purpose,31,0.2102
C 10nF 1206 630V X7R 10% TDK,10nF,C342834,Extended,CGA5H4X7R2J103KT0Y0U,TDK,TDK CGA,1206,10%,,630V,X7R,,,,,E24,Flight,General Purpose,Device:C,Capacitor_SMD:C_1206_3216Metric,https://wmsc.lcsc.com/wmsc/upload/file/pdf/v2/lcsc/2304140030_TDK-CGA5H4X7R2J103KT0Y0U_C342834.pdf,https://www.lcsc.com/product-detail/multilayer-ceramic-capacitors-mlcc-smd-smt_tdk-cga5h4x7r2j103kt0y0u_C342834.html,"Capacitor 10nF 10% 630V X7R 1206 Automotive Grade MLCC (CGA Series), TDK CGA5H4X7R2J103KT0Y0U (Flight, LCSC Extended)",capacitor 10nF 1206 tdk tdk cga flight general purpose,1027,0.0645
C 10nF 1206 100V C0G 5% TDK,10nF,C342719,Extended,CGA5H2C0G2A103JT0Y0N,TDK,TDK CGA,1206,5%,,100V,C0G,,,,,E24,Flight,General Purpose,Device:C,Capacitor_SMD:C_1206_3216Metric,https://wmsc.lcsc.com/wmsc/upload/file/pdf/v2/lcsc/2304140030_TDK-CGA5H2C0G2A103JT0Y0N_C342719.pdf,https://www.lcsc.com/product-detail/multilayer-ceramic-capacitors-mlcc-smd-smt_tdk-cga5h2c0g2a103jt0y0n_C342719.html,"Capacitor 10nF 5% 100V C0G 1206 Automotive Grade MLCC (CGA Series), TDK CGA5H2C0G2A103JT0Y0N (Flight, LCSC Extended)",capacitor 10nF 1206 tdk tdk cga flight general purpose,498,0.1434
C 10nF 1206 630V C0G 5% TDK,10nF,C360359,Extended,CGA5L4C0G2J103JT0Y0N,TDK,TDK CGA,1206,5%,,630V,C0G,,,,,E24,Flight,General Purpose,Device:C,Capacitor_SMD:C_1206_3216Metric,https://wmsc.lcsc.com/wmsc/upload/file/pdf/v2/lcsc/1912111437_TDK-CGA5L4C0G2J103JT0Y0N_C360359.pdf,https://www.lcsc.com/product-detail/multilayer-ceramic-capacitors-mlcc-smd-smt_tdk-cga5l4c0g2j103jt0y0n_C360359.html,"Capacitor 10nF 5% 630V C0G 1206 Automotive Grade MLCC (CGA Series), TDK CGA5L4C0G2J103JT0Y0N (Flight, LCSC Extended)",capacitor 10nF 1206 tdk tdk cga flight general purpose,3,0.1969
C 22nF 1206 630V X7R 10% TDK,22nF,C5119333,Extended,CGA5K4X7R2J223KT0Y0U,TDK,TDK CGA,1206,10%,,630V,X7R,,,,,E24,Flight,General Purpose,Device:C,Capacitor_SMD:C_1206_3216Metric,https://wmsc.lcsc.com/wmsc/upload/file/pdf/v2/lcsc/2207261800_TDK-CGA5K4X7R2J223KT0Y0U_C5119333.pdf,https://www.lcsc.com/product-detail/multilayer-ceramic-capacitors-mlcc-smd-smt_tdk-cga5k4x7r2j223kt0y0u_C5119333.html,"Capacitor 22nF 10% 630V X7R 1206 Automotive Grade MLCC (CGA Series), TDK CGA5K4X7R2J223KT0Y0U (Flight, LCSC Extended)",capacitor 22nF 1206 tdk tdk cga flight general purpose,2,0.0742
C 22nF 1206 50V C0G 5% TDK,22nF,C361178,Extended,CGA5C2C0G1H223JT0Y0N,TDK,TDK CGA,1206,5%,,50V,C0G,,,,,E24,Flight,General Purpose,Device:C,Capacitor_SMD:C_1206_3216Metric,https://www.lcsc.com/datasheet/lcsc_datasheet_2304140030_TDK-CGA5C2C0G1H223JT0Y0N_C361178.pdf,https://www.lcsc.com/product-detail/multilayer-ceramic-capacitors-mlcc-smd-smt_tdk-cga5c2c0g1h223jt0y0n_C361178.html,"Capacitor 22nF 5% 50V C0G 1206 Automotive Grade MLCC (CGA Series), TDK CGA5C2C0G1H223JT0Y0N (Flight, LCSC Extended)",capacitor 22nF 1206 tdk tdk cga flight general purpose,1217,0.275
C 100nF 1206 100V X8R 10% TDK,100nF,C694514,Extended,CGA5H2X8R2A104KT0Y0H,TDK,TDK CGA,1206,10%,,100V,X8R,,,,,E24,Flight,General Purpose,Device:C,Capacitor_SMD:C_1206_3216Metric,https://wmsc.lcsc.com/wmsc/upload/file/pdf/v2/lcsc/2304140030_TDK-CGA5H2X8R2A104KT0Y0H_C694514.pdf,https://www.lcsc.com/product-detail/multilayer-ceramic-capacitors-mlcc-smd-smt_tdk-cga5h2x8r2a104kt0y0h_C694514.html,"Capacitor 100nF 10% 100V X8R 1206 Automotive Grade MLCC (CGA Series), TDK CGA5H2X8R2A104KT0Y0H (Flight, LCSC Extended)",capacitor 100nF 1206 tdk tdk cga flight general purpose,2,0.211
C 100nF 1206 100V X7R 10% TDK,100nF,C338057,Extended,CGA5L2X7R2A104KT0Y0U,TDK,TDK CGA,1206,10%,,100V,X7R,,,,,E24,Flight,General Purpose,Device:C,Capacitor_SMD:C_1206_3216Metric,https://wmsc.lcsc.com/wmsc/upload/file/pdf/v2/lcsc/2304140030_TDK-CGA5L2X7R2A104KT0Y0U_C338057.pdf,https://www.lcsc.com/product-detail/multilayer-ceramic-capacitors-mlcc-smd-smt_tdk-cga5l2x7r2a104kt0y0u_C338057.html,"Capacitor 100nF 10% 100V X7R 1206 Automotive Grade MLCC (CGA Series), TDK CGA5L2X7R2A104KT0Y0U (Flight, LCSC Extended)",capacitor 100nF 1206 tdk tdk cga flight general purpose,7,0.0711
C 100nF 1206 250V X7R 10% TDK,100nF,C342817,Extended,CGA5L3X7R2E104KT0Y0U,TDK,TDK CGA,1206,10%,,250V,X7R,,,,,E24,Flight,General Purpose,Device:C,Capacitor_SMD:C_1206_3216Metric,https://wmsc.lcsc.com/wmsc/upload/file/pdf/v2/lcsc/2304140030_TDK-CGA5L3X7R2E104KT0Y0U_C342817.pdf,https://www.lcsc.com/product-detail/multilayer-ceramic-capacitors-mlcc-smd-smt_tdk-cga5l3x7r2e104kt0y0u_C342817.html,"Capacitor 100nF 10% 250V X7R 1206 Automotive Grade MLCC (CGA Series), TDK CGA5L3X7R2E104KT0Y0U (Flight, LCSC Extended)",capacitor 100nF 1206 tdk tdk cga flight general purpose,7,0.068
C 100nF 1206 450V X7T 10% TDK,100nF,C342697,Extended,CGA5L4X7T2W104KT0Y0N,TDK,TDK CGA,1206,10%,,450V,X7T,,,,,E24,Flight,General Purpose,Device:C,Capacitor_SMD:C_1206_3216Metric,https://wmsc.lcsc.com/wmsc/upload/file/pdf/v2/lcsc/2304140030_TDK-CGA5L4X7T2W104KT0Y0N_C342697.pdf,https://www.lcsc.com/product-detail/multilayer-ceramic-capacitors-mlcc-smd-smt_tdk-cga5l4x7t2w104kt0y0n_C342697.html,"Capacitor 100nF 10% 450V X7T 1206 Automotive Grade MLCC (CGA Series), TDK CGA5L4X7T2W104KT0Y0N (Flight, LCSC Extended)",capacitor 100nF 1206 tdk tdk cga flight general purpose,1,0.2686
C 100nF 1206 450V X7T 20% TDK,100nF,C2991839,Extended,CGA5L4X7T2W104MT0Y0N,TDK,TDK CGA,1206,20%,,450V,X7T,,,,,E24,Flight,General Purpose,Device:C,Capacitor_SMD:C_1206_3216Metric,https://wmsc.lcsc.com/wmsc/upload/file/pdf/v2/lcsc/2204251600_TDK-CGA5L4X7T2W104MT0Y0N_C2991839.pdf,https://www.lcsc.com/product-detail/multilayer-ceramic-capacitors-mlcc-smd-smt_tdk-cga5l4x7t2w104mt0y0n_C2991839.html,"Capacitor 100nF 20% 450V X7T 1206 Automotive Grade MLCC (CGA Series), TDK CGA5L4X7T2W104MT0Y0N (Flight, LCSC Extended)",capacitor 100nF 1206 tdk tdk cga flight general purpose,551,0.1949
C 100nF 1206 100V C0G 5% TDK,100nF,C531430,Extended,CGA5L1C0G2A104JT0Y0E,TDK,TDK CGA,1206,5%,,100V,C0G,,,,,E24,Flight,General Purpose,Device:C,Capacitor_SMD:C_1206_3216Metric,https://wmsc.lcsc.com/wmsc/upload/file/pdf/v2/lcsc/2304140030_TDK-CGA5L1C0G2A104JT0Y0E_C531430.pdf,https://www.lcsc.com/product-detail/multilayer-ceramic-capacitors-mlcc-smd-smt_tdk-cga5l1c0g2a104jt0y0e_C531430.html,"Capacitor 100nF 5% 100V C0G 1206 Automotive Grade MLCC (CGA Series), TDK CGA5L1C0G2A104JT0Y0E (Flight, LCSC Extended)",capacitor 100nF 1206 tdk tdk cga flight general purpose,492,0.462
C 100nF 1206 50V C0G 5% TDK,100nF,C338082,Extended,CGA5L2C0G1H104JT0Y0N,TDK,TDK CGA,1206,5%,,50V,C0G,,,,,E24,Flight,General Purpose,Device:C,Capacitor_SMD:C_1206_3216Metric,https://wmsc.lcsc.com/wmsc/upload/file/pdf/v2/lcsc/2304140030_TDK-CGA5L2C0G1H104JT0Y0N_C338082.pdf,https://www.lcsc.com/product-detail/multilayer-ceramic-capacitors-mlcc-smd-smt_tdk-cga5l2c0g1h104jt0y0n_C338082.html,"Capacitor 100nF 5% 50V C0G 1206 Automotive Grade MLCC (CGA Series), TDK CGA5L2C0G1H104JT0Y0N (Flight, LCSC Extended)",capacitor 100nF 1206 tdk tdk cga flight general purpose,19,0.3402
C 150nF 1206 100V X7R 10% TDK,150nF,C49296943,Extended,CGA5L2X7R2A154KT0Y0U,TDK,TDK CGA,1206,10%,,100V,X7R,,,,,E24,Flight,General Purpose,Device:C,Capacitor_SMD:C_1206_3216Metric,https://product.tdk.com/en/system/files/dam/doc/product/capacitor/ceramic/mlcc/catalog/mlcc_automotive_general_en.pdf,https://www.lcsc.com/product-detail/C49296943.html,"Capacitor 150nF 10% 100V X7R 1206 Automotive Grade MLCC (CGA Series), TDK CGA5L2X7R2A154KT0Y0U (Flight, LCSC Extended)",capacitor 150nF 1206 tdk tdk cga flight general purpose,1917,0.1419
C 220nF 1206 50V X8R 10% TDK,220nF,C361182,Extended,CGA5H2X8R1H224KT0Y0H,TDK,TDK CGA,1206,10%,,50V,X8R,,,,,E24,Flight,General Purpose,Device:C,Capacitor_SMD:C_1206_3216Metric,https://wmsc.lcsc.com/wmsc/upload/file/pdf/v2/lcsc/1912111437_TDK-CGA5H2X8R1H224KT0Y0H_C361182.pdf,https://www.lcsc.com/product-detail/multilayer-ceramic-capacitors-mlcc-smd-smt_tdk-cga5h2x8r1h224kt0y0h_C361182.html,"Capacitor 220nF 10% 50V X8R 1206 Automotive Grade MLCC (CGA Series), TDK CGA5H2X8R1H224KT0Y0H (Flight, LCSC Extended)",capacitor 220nF 1206 tdk tdk cga flight general purpose,1576,0.2156
C 330nF 1206 100V X8R 10% TDK,330nF,C3907492,Extended,CGA5L3X8R2A334K160AE,TDK,TDK CGA,1206,10%,,100V,X8R,,,,,E24,Flight,General Purpose,Device:C,Capacitor_SMD:C_1206_3216Metric,https://wmsc.lcsc.com/wmsc/upload/file/pdf/v2/lcsc/2401181709_TDK-CGA5L3X8R2A334K160AE_C3907492.pdf,https://www.lcsc.com/product-detail/multilayer-ceramic-capacitors-mlcc-smd-smt_tdk-cga5l3x8r2a334k160ae_C3907492.html,"Capacitor 330nF 10% 100V X8R 1206 Automotive Grade MLCC (CGA Series), TDK CGA5L3X8R2A334K160AE (Flight, LCSC Extended)",capacitor 330nF 1206 tdk tdk cga flight general purpose,20,0.9354
C 330nF 1206 100V X8R 20% TDK,330nF,C5139527,Extended,CGA5L3X8R2A334MT0Y0N,TDK,TDK CGA,1206,20%,,100V,X8R,,,,,E24,Flight,General Purpose,Device:C,Capacitor_SMD:C_1206_3216Metric,https://wmsc.lcsc.com/wmsc/upload/file/pdf/v2/lcsc/2208240930_TDK-CGA5L3X8R2A334MT0Y0N_C5139527.pdf,https://www.lcsc.com/product-detail/multilayer-ceramic-capacitors-mlcc-smd-smt_tdk-cga5l3x8r2a334mt0y0n_C5139527.html,"Capacitor 330nF 20% 100V X8R 1206 Automotive Grade MLCC (CGA Series), TDK CGA5L3X8R2A334MT0Y0N (Flight, LCSC Extended)",capacitor 330nF 1206 tdk tdk cga flight general purpose,5,0.4124
C 470nF 1206 100V X7R 10% TDK,470nF,C338107,Extended,CGA5L2X7R2A474KT0Y0U,TDK,TDK CGA,1206,10%,,100V,X7R,,,,,E24,Flight,General Purpose,Device:C,Capacitor_SMD:C_1206_3216Metric,https://wmsc.lcsc.com/wmsc/upload/file/pdf/v2/lcsc/2304140030_TDK-CGA5L2X7R2A474KT0Y0U_C338107.pdf,https://www.lcsc.com/product-detail/multilayer-ceramic-capacitors-mlcc-smd-smt_tdk-cga5l2x7r2a474kt0y0u_C338107.html,"Capacitor 470nF 10% 100V X7R 1206 Automotive Grade MLCC (CGA Series), TDK CGA5L2X7R2A474KT0Y0U (Flight, LCSC Extended)",capacitor 470nF 1206 tdk tdk cga flight general purpose,4,0.1204
C 680nF 1206 50V X7R 10% TDK,680nF,C342826,Extended,CGA5L2X7R1H684KT0Y0N,TDK,TDK CGA,1206,10%,,50V,X7R,,,,,E24,Flight,General Purpose,Device:C,Capacitor_SMD:C_1206_3216Metric,https://wmsc.lcsc.com/wmsc/upload/file/pdf/v2/lcsc/2304140030_TDK-CGA5L2X7R1H684KT0Y0N_C342826.pdf,https://www.lcsc.com/product-detail/multilayer-ceramic-capacitors-mlcc-smd-smt_tdk-cga5l2x7r1h684kt0y0n_C342826.html,"Capacitor 680nF 10% 50V X7R 1206 Automotive Grade MLCC (CGA Series), TDK CGA5L2X7R1H684KT0Y0N (Flight, LCSC Extended)",capacitor 680nF 1206 tdk tdk cga flight general purpose,4,0.0742
C 1uF 1206 50V X7R 10% TDK,1uF,C329965,Extended,CGA5L3X7R1H105KT0Y0N,TDK,TDK CGA,1206,10%,,50V,X7R,,,,,E24,Flight,General Purpose,Device:C,Capacitor_SMD:C_1206_3216Metric,https://wmsc.lcsc.com/wmsc/upload/file/pdf/v2/lcsc/2304140030_TDK-CGA5L3X7R1H105KT0Y0N_C329965.pdf,https://www.lcsc.com/product-detail/multilayer-ceramic-capacitors-mlcc-smd-smt_tdk-cga5l3x7r1h105kt0y0n_C329965.html,"Capacitor 1uF 10% 50V X7R 1206 Automotive Grade MLCC (CGA Series), TDK CGA5L3X7R1H105KT0Y0N (Flight, LCSC Extended)",capacitor 1uF 1206 tdk tdk cga flight general purpose,42,0.0739
C 1uF 1206 50V X8R 10% TDK,1uF,C342628,Extended,CGA5L3X8R1H105KT0Y0N,TDK,TDK CGA,1206,10%,,50V,X8R,,,,,E24,Flight,General Purpose,Device:C,Capacitor_SMD:C_1206_3216Metric,https://wmsc.lcsc.com/wmsc/upload/file/pdf/v2/lcsc/2304140030_TDK-CGA5L3X8R1H105KT0Y0N_C342628.pdf,https://www.lcsc.com/product-detail/multilayer-ceramic-capacitors-mlcc-smd-smt_tdk-cga5l3x8r1h105kt0y0n_C342628.html,"Capacitor 1uF 10% 50V X8R 1206 Automotive Grade MLCC (CGA Series), TDK CGA5L3X8R1H105KT0Y0N (Flight, LCSC Extended)",capacitor 1uF 1206 tdk tdk cga flight general purpose,358,0.5125
C 2.2uF 1206 100V X7S 10% TDK,2.2uF,C342669,Extended,CGA5L3X7S2A225KT0Y0N,TDK,TDK CGA,1206,10%,,100V,X7S,,,,,E24,Flight,General Purpose,Device:C,Capacitor_SMD:C_1206_3216Metric,https://wmsc.lcsc.com/wmsc/upload/file/pdf/v2/lcsc/2304140030_TDK-CGA5L3X7S2A225KT0Y0N_C342669.pdf,https://www.lcsc.com/product-detail/multilayer-ceramic-capacitors-mlcc-smd-smt_tdk-cga5l3x7s2a225kt0y0n_C342669.html,"Capacitor 2.2uF 10% 100V X7S 1206 Automotive Grade MLCC (CGA Series), TDK CGA5L3X7S2A225KT0Y0N (Flight, LCSC Extended)",capacitor 2.2uF 1206 tdk tdk cga flight general purpose,8164,0.3129
C 2.2uF 1206 25V X7R 10% TDK,2.2uF,C2939049,Extended,CGA5L2X7R1E225KT0Y0N,TDK,TDK CGA,1206,10%,,25V,X7R,,,,,E24,Flight,General Purpose,Device:C,Capacitor_SMD:C_1206_3216Metric,https://wmsc.lcsc.com/wmsc/upload/file/pdf/v2/lcsc/2208240930_TDK-CGA5L2X7R1E225KT0Y0N_C2939049.pdf,https://www.lcsc.com/product-detail/multilayer-ceramic-capacitors-mlcc-smd-smt_tdk-cga5l2x7r1e225kt0y0n_C2939049.html,"Capacitor 2.2uF 10% 25V X7R 1206 Automotive Grade MLCC (CGA Series), TDK CGA5L2X7R1E225KT0Y0N (Flight, LCSC Extended)",capacitor 2.2uF 1206 tdk tdk cga flight general purpose,3700,0.1224
C 2.2uF 1206 25V X8R 10% TDK,2.2uF,C694517,Extended,CGA5L3X8R1E225KT0Y0N,TDK,TDK CGA,1206,10%,,25V,X8R,,,,,E24,Flight,General Purpose,Device:C,Capacitor_SMD:C_1206_3216Metric,https://wmsc.lcsc.com/wmsc/upload/file/pdf/v2/lcsc/2208221800_TDK-CGA5L3X8R1E225KT0Y0N_C694517.pdf,https://www.lcsc.com/product-detail/multilayer-ceramic-capacitors-mlcc-smd-smt_tdk-cga5l3x8r1e225kt0y0n_C694517.html,"Capacitor 2.2uF 10% 25V X8R 1206 Automotive Grade MLCC (CGA Series), TDK CGA5L3X8R1E225KT0Y0N (Flight, LCSC Extended)",capacitor 2.2uF 1206 tdk tdk cga flight general purpose,187,0.4604
C 2.2uF 1206 50V X8L 10% TDK,2.2uF,C7587877,Extended,CGA5L1X8L1H225KT0Y0N,TDK,TDK CGA,1206,10%,,50V,X8L,,,,,E24,Flight,General Purpose,Device:C,Capacitor_SMD:C_1206_3216Metric,https://product.tdk.com/en/system/files/dam/doc/product/capacitor/ceramic/mlcc/catalog/mlcc_automotive_general_en.pdf,https://www.lcsc.com/product-detail/C7587877.html,"Capacitor 2.2uF 10% 50V X8L 1206 Automotive Grade MLCC (CGA Series), TDK CGA5L1X8L1H225KT0Y0N (Flight, LCSC Extended)",capacitor 2.2uF 1206 tdk tdk cga flight general purpose,1061,0.4246
C 2.2uF 1206 50V X7R 10% TDK,2.2uF,C342683,Extended,CGA5L3X7R1H225KT0Y0N,TDK,TDK CGA,1206,10%,,50V,X7R,,,,,E24,Flight,General Purpose,Device:C,Capacitor_SMD:C_1206_3216Metric,https://wmsc.lcsc.com/wmsc/upload/file/pdf/v2/lcsc/2304140030_TDK-CGA5L3X7R1H225KT0Y0N_C342683.pdf,https://www.lcsc.com/product-detail/multilayer-ceramic-capacitors-mlcc-smd-smt_tdk-cga5l3x7r1h225kt0y0n_C342683.html,"Capacitor 2.2uF 10% 50V X7R 1206 Automotive Grade MLCC (CGA Series), TDK CGA5L3X7R1H225KT0Y0N (Flight, LCSC Extended)",capacitor 2.2uF 1206 tdk tdk cga flight general purpose,1765,0.1659
C 3.3uF 1206 100V X7S 10% TDK,3.3uF,C2182086,Extended,CGA5L3X7S2A335K160AB,TDK,TDK CGA,1206,10%,,100V,X7S,,,,,E24,Flight,General Purpose,Device:C,Capacitor_SMD:C_1206_3216Metric,https://wmsc.lcsc.com/wmsc/upload/file/pdf/v2/lcsc/2304140030_TDK-CGA5L3X7S2A335K160AB_C2182086.pdf,https://www.lcsc.com/product-detail/multilayer-ceramic-capacitors-mlcc-smd-smt_tdk-cga5l3x7s2a335k160ab_C2182086.html,"Capacitor 3.3uF 10% 100V X7S 1206 Automotive Grade MLCC (CGA Series), TDK CGA5L3X7S2A335K160AB (Flight, LCSC Extended)",capacitor 3.3uF 1206 tdk tdk cga flight general purpose,1,1.0541
C 3.3uF 1206 16V X7R 10% TDK,3.3uF,C338046,Extended,CGA5L1X7R1C335KT0Y0N,TDK,TDK CGA,1206,10%,,16V,X7R,,,,,E24,Flight,General Purpose,Device:C,Capacitor_SMD:C_1206_3216Metric,https://wmsc.lcsc.com/wmsc/upload/file/pdf/v2/lcsc/2304140030_TDK-CGA5L1X7R1C335KT0Y0N_C338046.pdf,https://www.lcsc.com/product-detail/multilayer-ceramic-capacitors-mlcc-smd-smt_tdk-cga5l1x7r1c335kt0y0n_C338046.html,"Capacitor 3.3uF 10% 16V X7R 1206 Automotive Grade MLCC (CGA Series), TDK CGA5L1X7R1C335KT0Y0N (Flight, LCSC Extended)",capacitor 3.3uF 1206 tdk tdk cga flight general purpose,19,0.1502
C 3.3uF 1206 35V X7R 10% TDK,3.3uF,C2172767,Extended,CGA5L1X7R1V335K160AC,TDK,TDK CGA,1206,10%,,35V,X7R,,,,,E24,Flight,General Purpose,Device:C,Capacitor_SMD:C_1206_3216Metric,https://wmsc.lcsc.com/wmsc/upload/file/pdf/v2/lcsc/2304140030_TDK-CGA5L1X7R1V335K160AC_C2172767.pdf,https://www.lcsc.com/product-detail/multilayer-ceramic-capacitors-mlcc-smd-smt_tdk-cga5l1x7r1v335k160ac_C2172767.html,"Capacitor 3.3uF 10% 35V X7R 1206 Automotive Grade MLCC (CGA Series), TDK CGA5L1X7R1V335K160AC (Flight, LCSC Extended)",capacitor 3.3uF 1206 tdk tdk cga flight general purpose,1,0.4718
C 3.3uF 1206 50V X8L 10% TDK,3.3uF,C49297035,Extended,CGA5L1X8L1H335KT0Y0N,TDK,TDK CGA,1206,10%,,50V,X8L,,,,,E24,Flight,General Purpose,Device:C,Capacitor_SMD:C_1206_3216Metric,https://product.tdk.com/en/system/files/dam/doc/product/capacitor/ceramic/mlcc/catalog/mlcc_automotive_general_en.pdf,https://www.lcsc.com/product-detail/C49297035.html,"Capacitor 3.3uF 10% 50V X8L 1206 Automotive Grade MLCC (CGA Series), TDK CGA5L1X8L1H335KT0Y0N (Flight, LCSC Extended)",capacitor 3.3uF 1206 tdk tdk cga flight general purpose,6,0.6361
C 4.7uF 1206 25V X7R 10% TDK,4.7uF,C329964,Extended,CGA5L1X7R1E475KTJY0N,TDK,TDK CGA,1206,10%,,25V,X7R,,,,,E24,Flight,General Purpose,Device:C,Capacitor_SMD:C_1206_3216Metric,https://wmsc.lcsc.com/wmsc/upload/file/pdf/v2/lcsc/2304140030_TDK-CGA5L1X7R1E475KTJY0N_C329964.pdf,https://www.lcsc.com/product-detail/multilayer-ceramic-capacitors-mlcc-smd-smt_tdk-cga5l1x7r1e475ktjy0n_C329964.html,"Capacitor 4.7uF 10% 25V X7R 1206 Automotive Grade MLCC (CGA Series), TDK CGA5L1X7R1E475KTJY0N (Flight, LCSC Extended)",capacitor 4.7uF 1206 tdk tdk cga flight general purpose,1157,0.1372
C 4.7uF 1206 25V X8R 10% TDK,4.7uF,C2171011,Extended,CGA5L1X8R1E475K160AE,TDK,TDK CGA,1206,10%,,25V,X8R,,,,,E24,Flight,General Purpose,Device:C,Capacitor_SMD:C_1206_3216Metric,https://wmsc.lcsc.com/wmsc/upload/file/pdf/v2/lcsc/2304140030_TDK-CGA5L1X8R1E475K160AE_C2171011.pdf,https://www.lcsc.com/product-detail/multilayer-ceramic-capacitors-mlcc-smd-smt_tdk-cga5l1x8r1e475k160ae_C2171011.html,"Capacitor 4.7uF 10% 25V X8R 1206 Automotive Grade MLCC (CGA Series), TDK CGA5L1X8R1E475K160AE (Flight, LCSC Extended)",capacitor 4.7uF 1206 tdk tdk cga flight general purpose,6,0.9842
C 4.7uF 1206 35V X7R 10% TDK,4.7uF,C76716,Extended,CGA5L1X7R1V475KT0Y0E,TDK,TDK CGA,1206,10%,,35V,X7R,,,,,E24,Flight,General Purpose,Device:C,Capacitor_SMD:C_1206_3216Metric,https://wmsc.lcsc.com/wmsc/upload/file/pdf/v2/lcsc/2304140030_TDK-CGA5L1X7R1V475KT0Y0E_C76716.pdf,https://www.lcsc.com/product-detail/multilayer-ceramic-capacitors-mlcc-smd-smt_tdk-cga5l1x7r1v475kt0y0e_C76716.html,"Capacitor 4.7uF 10% 35V X7R 1206 Automotive Grade MLCC (CGA Series), TDK CGA5L1X7R1V475KT0Y0E (Flight, LCSC Extended)",capacitor 4.7uF 1206 tdk tdk cga flight general purpose,1960,0.1891
C 4.7uF 1206 50V X7R 10% TDK,4.7uF,C412300,Extended,CGA5L1X7R1H475KT0Y0S,TDK,TDK CGA,1206,10%,,50V,X7R,,,,,E24,Flight,General Purpose,Device:C,Capacitor_SMD:C_1206_3216Metric,https://wmsc.lcsc.com/wmsc/upload/file/pdf/v2/lcsc/2304140030_TDK-CGA5L1X7R1H475KT0Y0S_C412300.pdf,https://www.lcsc.com/product-detail/multilayer-ceramic-capacitors-mlcc-smd-smt_tdk-cga5l1x7r1h475kt0y0s_C412300.html,"Capacitor 4.7uF 10% 50V X7R 1206 Automotive Grade MLCC (CGA Series), TDK CGA5L1X7R1H475KT0Y0S (Flight, LCSC Extended)",capacitor 4.7uF 1206 tdk tdk cga flight general purpose,17274,0.2728
C 10uF 1206 16V X7R 10% TDK,10uF,C338070,Extended,CGA5L1X7R1C106KT0Y0N,TDK,TDK CGA,1206,10%,,16V,X7R,,,,,E24,Flight,General Purpose,Device:C,Capacitor_SMD:C_1206_3216Metric,https://wmsc.lcsc.com/wmsc/upload/file/pdf/v2/lcsc/2304140030_TDK-CGA5L1X7R1C106KT0Y0N_C338070.pdf,https://www.lcsc.com/product-detail/multilayer-ceramic-capacitors-mlcc-smd-smt_tdk-cga5l1x7r1c106kt0y0n_C338070.html,"Capacitor 10uF 10% 16V X7R 1206 Automotive Grade MLCC (CGA Series), TDK CGA5L1X7R1C106KT0Y0N (Flight, LCSC Extended)",capacitor 10uF 1206 tdk tdk cga flight general purpose,2880,0.2701
C 10uF 1206 25V X7R 10% TDK,10uF,C76715,Extended,CGA5L1X7R1E106KT0Y0E,TDK,TDK CGA,1206,10%,,25V,X7R,,,,,E24,Flight,General Purpose,Device:C,Capacitor_SMD:C_1206_3216Metric,https://wmsc.lcsc.com/wmsc/upload/file/pdf/v2/lcsc/2304140030_TDK-CGA5L1X7R1E106KT0Y0E_C76715.pdf,https://www.lcsc.com/product-detail/multilayer-ceramic-capacitors-mlcc-smd-smt_tdk-cga5l1x7r1e106kt0y0e_C76715.html,"Capacitor 10uF 10% 25V X7R 1206 Automotive Grade MLCC (CGA Series), TDK CGA5L1X7R1E106KT0Y0E (Flight, LCSC Extended)",capacitor 10uF 1206 tdk tdk cga flight general purpose,4850,0.2348
C 10uF 1206 25V X5R 10% TDK,10uF,C2173864,Extended,CGA5L3X5R1E106K160AB,TDK,TDK CGA,1206,10%,,25V,X5R,,,,,E24,Flight,General Purpose,Device:C,Capacitor_SMD:C_1206_3216Metric,https://wmsc.lcsc.com/wmsc/upload/file/pdf/v2/lcsc/2304140030_TDK-CGA5L3X5R1E106K160AB_C2173864.pdf,https://www.lcsc.com/product-detail/multilayer-ceramic-capacitors-mlcc-smd-smt_tdk-cga5l3x5r1e106k160ab_C2173864.html,"Capacitor 10uF 10% 25V X5R 1206 Automotive Grade MLCC (CGA Series), TDK CGA5L3X5R1E106K160AB (Flight, LCSC Extended)",capacitor 10uF 1206 tdk tdk cga flight general purpose,2,0.8947
C 10uF 1206 35V X7R 10% TDK,10uF,C342663,Extended,CGA5L1X7R1V106KT000N,TDK,TDK CGA,1206,10%,,35V,X7R,,,,,E24,Flight,General Purpose,Device:C,Capacitor_SMD:C_1206_3216Metric,https://wmsc.lcsc.com/wmsc/upload/file/pdf/v2/lcsc/2304140030_TDK-CGA5L1X7R1V106KT000N_C342663.pdf,https://www.lcsc.com/product-detail/multilayer-ceramic-capacitors-mlcc-smd-smt_tdk-cga5l1x7r1v106kt000n_C342663.html,"Capacitor 10uF 10% 35V X7R 1206 Automotive Grade MLCC (CGA Series), TDK CGA5L1X7R1V106KT000N (Flight, LCSC Extended)",capacitor 10uF 1206 tdk tdk cga flight general purpose,1555,0.7776
C 10uF 1206 35V X5R 10% TDK,10uF,C445690,Extended,CGA5L3X5R1V106KT0Y0N,TDK,TDK CGA,1206,10%,,35V,X5R,,,,,E24,Flight,General Purpose,Device:C,Capacitor_SMD:C_1206_3216Metric,https://wmsc.lcsc.com/wmsc/upload/file/pdf/v2/lcsc/2304140030_TDK-CGA5L3X5R1V106KT0Y0N_C445690.pdf,https://www.lcsc.com/product-detail/multilayer-ceramic-capacitors-mlcc-smd-smt_tdk-cga5l3x5r1v106kt0y0n_C445690.html,"Capacitor 10uF 10% 35V X5R 1206 Automotive Grade MLCC (CGA Series), TDK CGA5L3X5R1V106KT0Y0N (Flight, LCSC Extended)",capacitor 10uF 1206 tdk tdk cga flight general purpose,4356,0.3287
C 10uF 1206 50V X7R 10% TDK,10uF,C531431,Extended,CGA5L1X7R1H106KT0Y0N,TDK,TDK CGA,1206,10%,,50V,X7R,,,,,E24,Flight,General Purpose,Device:C,Capacitor_SMD:C_1206_3216Metric,https://wmsc.lcsc.com/wmsc/upload/file/pdf/v2/lcsc/2304140030_TDK-CGA5L1X7R1H106KT0Y0N_C531431.pdf,https://www.lcsc.com/product-detail/multilayer-ceramic-capacitors-mlcc-smd-smt_tdk-cga5l1x7r1h106kt0y0n_C531431.html,"Capacitor 10uF 10% 50V X7R 1206 Automotive Grade MLCC (CGA Series), TDK CGA5L1X7R1H106KT0Y0N (Flight, LCSC Extended)",capacitor 10uF 1206 tdk tdk cga flight general purpose,48312,0.6328
C 10uF 1206 50V X5R 10% TDK,10uF,C338079,Extended,CGA5L3X5R1H106KT0Y0N,TDK,TDK CGA,1206,10%,,50V,X5R,,,,,E24,Flight,General Purpose,Device:C,Capacitor_SMD:C_1206_3216Metric,https://wmsc.lcsc.com/wmsc/upload/file/pdf/v2/lcsc/2304140030_TDK-CGA5L3X5R1H106KT0Y0N_C338079.pdf,https://www.lcsc.com/product-detail/multilayer-ceramic-capacitors-mlcc-smd-smt_tdk-cga5l3x5r1h106kt0y0n_C338079.html,"Capacitor 10uF 10% 50V X5R 1206 Automotive Grade MLCC (CGA Series), TDK CGA5L3X5R1H106KT0Y0N (Flight, LCSC Extended)",capacitor 10uF 1206 tdk tdk cga flight general purpose,2810,0.6247
C 10uF 1206 16V X7R 20% TDK,10uF,C2181365,Extended,CGA5L1X7R1C106M160AC,TDK,TDK CGA,1206,20%,,16V,X7R,,,,,E24,Flight,General Purpose,Device:C,Capacitor_SMD:C_1206_3216Metric,https://wmsc.lcsc.com/wmsc/upload/file/pdf/v2/lcsc/2304140030_TDK-CGA5L1X7R1C106M160AC_C2181365.pdf,https://www.lcsc.com/product-detail/multilayer-ceramic-capacitors-mlcc-smd-smt_tdk-cga5l1x7r1c106m160ac_C2181365.html,"Capacitor 10uF 20% 16V X7R 1206 Automotive Grade MLCC (CGA Series), TDK CGA5L1X7R1C106M160AC (Flight, LCSC Extended)",capacitor 10uF 1206 tdk tdk cga flight general purpose,8,0.5401
C 10uF 1206 35V X7R 20% TDK,10uF,C49296975,Extended,CGA5L1X7R1V106MT000S,TDK,TDK CGA,1206,20%,,35V,X7R,,,,,E24,Flight,General Purpose,Device:C,Capacitor_SMD:C_1206_3216Metric,https://product.tdk.com/en/system/files/dam/doc/product/capacitor/ceramic/mlcc/catalog/mlcc_automotive_general_en.pdf,https://www.lcsc.com/product-detail/C49296975.html,"Capacitor 10uF 20% 35V X7R 1206 Automotive Grade MLCC (CGA Series), TDK CGA5L1X7R1V106MT000S (Flight, LCSC Extended)",capacitor 10uF 1206 tdk tdk cga flight general purpose,749,0.5125
C 22uF 1206 10V X7S 20% TDK,22uF,C694515,Extended,CGA5L1X7S1A226MT0Y0N,TDK,TDK CGA,1206,20%,,10V,X7S,,,,,E24,Flight,General Purpose,Device:C,Capacitor_SMD:C_1206_3216Metric,https://wmsc.lcsc.com/wmsc/upload/file/pdf/v2/lcsc/2208221800_TDK-CGA5L1X7S1A226MT0Y0N_C694515.pdf,https://www.lcsc.com/product-detail/multilayer-ceramic-capacitors-mlcc-smd-smt_tdk-cga5l1x7s1a226mt0y0n_C694515.html,"Capacitor 22uF 20% 10V X7S 1206 Automotive Grade MLCC (CGA Series), TDK CGA5L1X7S1A226MT0Y0N (Flight, LCSC Extended)",capacitor 22uF 1206 tdk tdk cga flight general purpose,17,0.3654
C 22uF 1206 16V X5R 20% TDK,22uF,C329953,Extended,CGA5L1X5R1C226MT0Y0E,TDK,TDK CGA,1206,20%,,16V,X5R,,,,,E24,Flight,General Purpose,Device:C,Capacitor_SMD:C_1206_3216Metric,https://wmsc.lcsc.com/wmsc/upload/file/pdf/v2/lcsc/2304140030_TDK-CGA5L1X5R1C226MT0Y0E_C329953.pdf,https://www.lcsc.com/product-detail/multilayer-ceramic-capacitors-mlcc-smd-smt_tdk-cga5l1x5r1c226mt0y0e_C329953.html,"Capacitor 22uF 20% 16V X5R 1206 Automotive Grade MLCC (CGA Series), TDK CGA5L1X5R1C226MT0Y0E (Flight, LCSC Extended)",capacitor 22uF 1206 tdk tdk cga flight general purpose,2001,0.475
C 22uF 1206 6.3V X7R 20% TDK,22uF,C342630,Extended,CGA5L1X7R0J226MT0Y0E,TDK,TDK CGA,1206,20%,,6.3V,X7R,,,,,E24,Flight,General Purpose,Device:C,Capacitor_SMD:C_1206_3216Metric,https://wmsc.lcsc.com/wmsc/upload/file/pdf/v2/lcsc/2304140030_TDK-CGA5L1X7R0J226MT0Y0E_C342630.pdf,https://www.lcsc.com/product-detail/multilayer-ceramic-capacitors-mlcc-smd-smt_tdk-cga5l1x7r0j226mt0y0e_C342630.html,"Capacitor 22uF 20% 6.3V X7R 1206 Automotive Grade MLCC (CGA Series), TDK CGA5L1X7R0J226MT0Y0E (Flight, LCSC Extended)",capacitor 22uF 1206 tdk tdk cga flight general purpose,1,0.3953
C 6.8nF 1210 630V C0G 5% TDK,6.8nF,C342687,Extended,CGA6M4C0G2J682JT0Y0N,TDK,TDK CGA,1210,5%,,630V,C0G,,,,,E24,Flight,General Purpose,Device:C,Capacitor_SMD:C_1210_3225Metric,https://wmsc.lcsc.com/wmsc/upload/file/pdf/v2/lcsc/2208230930_TDK-CGA6M4C0G2J682JT0Y0N_C342687.pdf,https://www.lcsc.com/product-detail/multilayer-ceramic-capacitors-mlcc-smd-smt_tdk-cga6m4c0g2j682jt0y0n_C342687.html,"Capacitor 6.8nF 5% 630V C0G 1210 Automotive Grade MLCC (CGA Series), TDK CGA6M4C0G2J682JT0Y0N (Flight, LCSC Extended)",capacitor 6.8nF 1210 tdk tdk cga flight general purpose,1057,0.3125
C 10nF 1210 630V C0G 5% TDK,10nF,C338089,Extended,CGA6J4C0G2J103JT0Y0N,TDK,TDK CGA,1210,5%,,630V,C0G,,,,,E24,Flight,General Purpose,Device:C,Capacitor_SMD:C_1210_3225Metric,https://wmsc.lcsc.com/wmsc/upload/file/pdf/v2/lcsc/2304140030_TDK-CGA6J4C0G2J103JT0Y0N_C338089.pdf,https://www.lcsc.com/product-detail/multilayer-ceramic-capacitors-mlcc-smd-smt_tdk-cga6j4c0g2j103jt0y0n_C338089.html,"Capacitor 10nF 5% 630V C0G 1210 Automotive Grade MLCC (CGA Series), TDK CGA6J4C0G2J103JT0Y0N (Flight, LCSC Extended)",capacitor 10nF 1210 tdk tdk cga flight general purpose,5103,0.4409
C 15nF 1210 630V C0G 5% TDK,15nF,C694519,Extended,CGA6L4C0G2J153JT0Y0N,TDK,TDK CGA,1210,5%,,630V,C0G,,,,,E24,Flight,General Purpose,Device:C,Capacitor_SMD:C_1210_3225Metric,https://wmsc.lcsc.com/wmsc/upload/file/pdf/v2/lcsc/2304140030_TDK-CGA6L4C0G2J153JT0Y0N_C694519.pdf,https://www.lcsc.com/product-detail/multilayer-ceramic-capacitors-mlcc-smd-smt_tdk-cga6l4c0g2j153jt0y0n_C694519.html,"Capacitor 15nF 5% 630V C0G 1210 Automotive Grade MLCC (CGA Series), TDK CGA6L4C0G2J153JT0Y0N (Flight, LCSC Extended)",capacitor 15nF 1210 tdk tdk cga flight general purpose,2077,0.6442
C 22nF 1210 1000V C0G 5% TDK,22nF,C3837784,Extended,CGA6P1C0G3A223J250AC,TDK,TDK CGA,1210,5%,,1000V,C0G,,,,,E24,Flight,General Purpose,Device:C,Capacitor_SMD:C_1210_3225Metric,https://wmsc.lcsc.com/wmsc/upload/file/pdf/v2/lcsc/2401181526_TDK-CGA6P1C0G3A223J250AC_C3837784.pdf,https://www.lcsc.com/product-detail/multilayer-ceramic-capacitors-mlcc-smd-smt_tdk-cga6p1c0g3a223j250ac_C3837784.html,"Capacitor 22nF 5% 1000V C0G 1210 Automotive Grade MLCC (CGA Series), TDK CGA6P1C0G3A223J250AC (Flight, LCSC Extended)",capacitor 22nF 1210 tdk tdk cga flight general purpose,47,2.009
C 22nF 1210 630V C0G 5% TDK,22nF,C5139485,Extended,CGA6N4C0G2J223JT0Y0N,TDK,TDK CGA,1210,5%,,630V,C0G,,,,,E24,Flight,General Purpose,Device:C,Capacitor_SMD:C_1210_3225Metric,https://wmsc.lcsc.com/wmsc/upload/file/pdf/v2/lcsc/2208240930_TDK-CGA6N4C0G2J223JT0Y0N_C5139485.pdf,https://www.lcsc.com/product-detail/multilayer-ceramic-capacitors-mlcc-smd-smt_tdk-cga6n4c0g2j223jt0y0n_C5139485.html,"Capacitor 22nF 5% 630V C0G 1210 Automotive Grade MLCC (CGA Series), TDK CGA6N4C0G2J223JT0Y0N (Flight, LCSC Extended)",capacitor 22nF 1210 tdk tdk cga flight general purpose,270,0.6003
C 33nF 1210 630V C0G 5% TDK,33nF,C432954,Extended,CGA6P4C0G2J333JT0Y0N,TDK,TDK CGA,1210,5%,,630V,C0G,,,,,E24,Flight,General Purpose,Device:C,Capacitor_SMD:C_1210_3225Metric,https://wmsc.lcsc.com/wmsc/upload/file/pdf/v2/lcsc/2304140030_TDK-CGA6P4C0G2J333JT0Y0N_C432954.pdf,https://www.lcsc.com/product-detail/multilayer-ceramic-capacitors-mlcc-smd-smt_tdk-cga6p4c0g2j333jt0y0n_C432954.html,"Capacitor 33nF 5% 630V C0G 1210 Automotive Grade MLCC (CGA Series), TDK CGA6P4C0G2J333JT0Y0N (Flight, LCSC Extended)",capacitor 33nF 1210 tdk tdk cga flight general purpose,1244,0.9208
C 68nF 1210 630V X7R 10% TDK,68nF,C342703,Extended,CGA6M4X7R2J683KT0Y0U,TDK,TDK CGA,1210,10%,,630V,X7R,,,,,E24,Flight,General Purpose,Device:C,Capacitor_SMD:C_1210_3225Metric,https://wmsc.lcsc.com/wmsc/upload/file/pdf/v2/lcsc/2304140030_TDK-CGA6M4X7R2J683KT0Y0U_C342703.pdf,https://www.lcsc.com/product-detail/multilayer-ceramic-capacitors-mlcc-smd-smt_tdk-cga6m4x7r2j683kt0y0u_C342703.html,"Capacitor 68nF 10% 630V X7R 1210 Automotive Grade MLCC (CGA Series), TDK CGA6M4X7R2J683KT0Y0U (Flight, LCSC Extended)",capacitor 68nF 1210 tdk tdk cga flight general purpose,1,0.2057
C 100nF 1210 250V X7R 10% TDK,100nF,C338090,Extended,CGA6M3X7R2E104KT0Y0U,TDK,TDK CGA,1210,10%,,250V,X7R,,,,,E24,Flight,General Purpose,Device:C,Capacitor_SMD:C_1210_3225Metric,https://wmsc.lcsc.com/wmsc/upload/file/pdf/v2/lcsc/2304140030_TDK-CGA6M3X7R2E104KT0Y0U_C338090.pdf,https://www.lcsc.com/product-detail/multilayer-ceramic-capacitors-mlcc-smd-smt_tdk-cga6m3x7r2e104kt0y0u_C338090.html,"Capacitor 100nF 10% 250V X7R 1210 Automotive Grade MLCC (CGA Series), TDK CGA6M3X7R2E104KT0Y0U (Flight, LCSC Extended)",capacitor 100nF 1210 tdk tdk cga flight general purpose,4,0.2634
C 150nF 1210 630V X7T 10% TDK,150nF,C445687,Extended,CGA6M1X7T2J154KT0Y0N,TDK,TDK CGA,1210,10%,,630V,X7T,,,,,E24,Flight,General Purpose,Device:C,Capacitor_SMD:C_1210_3225Metric,https://wmsc.lcsc.com/wmsc/upload/file/pdf/v2/lcsc/2304140030_TDK-CGA6M1X7T2J154KT0Y0N_C445687.pdf,https://www.lcsc.com/product-detail/multilayer-ceramic-capacitors-mlcc-smd-smt_tdk-cga6m1x7t2j154kt0y0n_C445687.html,"Capacitor 150nF 10% 630V X7T 1210 Automotive Grade MLCC (CGA Series), TDK CGA6M1X7T2J154KT0Y0N (Flight, LCSC Extended)",capacitor 150nF 1210 tdk tdk cga flight general purpose,1123,0.423
C 220nF 1210 250V X7R 10% TDK,220nF,C5213808,Extended,CGA6M3X7R2E224KT0Y0U,TDK,TDK CGA,1210,10%,,250V,X7R,,,,,E24,Flight,General Purpose,Device:C,Capacitor_SMD:C_1210_3225Metric,https://wmsc.lcsc.com/wmsc/upload/file/pdf/v2/lcsc/2210261730_TDK-CGA6M3X7R2E224KT0Y0U_C5213808.pdf,https://www.lcsc.com/product-detail/multilayer-ceramic-capacitors-mlcc-smd-smt_tdk-cga6m3x7r2e224kt0y0u_C5213808.html,"Capacitor 220nF 10% 250V X7R 1210 Automotive Grade MLCC (CGA Series), TDK CGA6M3X7R2E224KT0Y0U (Flight, LCSC Extended)",capacitor 220nF 1210 tdk tdk cga flight general purpose,59,0.2364
C 1uF 1210 50V X7R 10% TDK,1uF,C342727,Extended,CGA6L2X7R1H105KT0Y0N,TDK,TDK CGA,1210,10%,,50V,X7R,,,,,E24,Flight,General Purpose,Device:C,Capacitor_SMD:C_1210_3225Metric,https://wmsc.lcsc.com/wmsc/upload/file/pdf/v2/lcsc/2304140030_TDK-CGA6L2X7R1H105KT0Y0N_C342727.pdf,https://www.lcsc.com/product-detail/multilayer-ceramic-capacitors-mlcc-smd-smt_tdk-cga6l2x7r1h105kt0y0n_C342727.html,"Capacitor 1uF 10% 50V X7R 1210 Automotive Grade MLCC (CGA Series), TDK CGA6L2X7R1H105KT0Y0N (Flight, LCSC Extended)",capacitor 1uF 1210 tdk tdk cga flight general purpose,2,0.1515
C 2.2uF 1210 100V X7R 10% TDK,2.2uF,C342652,Extended,CGA6N3X7R2A225KT0Y0U,TDK,TDK CGA,1210,10%,,100V,X7R,,,,,E24,Flight,General Purpose,Device:C,Capacitor_SMD:C_1210_3225Metric,https://wmsc.lcsc.com/wmsc/upload/file/pdf/v2/lcsc/2304140030_TDK-CGA6N3X7R2A225KT0Y0U_C342652.pdf,https://www.lcsc.com/product-detail/multilayer-ceramic-capacitors-mlcc-smd-smt_tdk-cga6n3x7r2a225kt0y0u_C342652.html,"Capacitor 2.2uF 10% 100V X7R 1210 Automotive Grade MLCC (CGA Series), TDK CGA6N3X7R2A225KT0Y0U (Flight, LCSC Extended)",capacitor 2.2uF 1210 tdk tdk cga flight general purpose,757,0.2989
C 2.2uF 1210 50V X7R 10% TDK,2.2uF,C342678,Extended,CGA6M3X7R1H225KT0Y0N,TDK,TDK CGA,1210,10%,,50V,X7R,,,,,E24,Flight,General Purpose,Device:C,Capacitor_SMD:C_1210_3225Metric,https://wmsc.lcsc.com/wmsc/upload/file/pdf/v2/lcsc/2304140030_TDK-CGA6M3X7R1H225KT0Y0N_C342678.pdf,https://www.lcsc.com/product-detail/multilayer-ceramic-capacitors-mlcc-smd-smt_tdk-cga6m3x7r1h225kt0y0n_C342678.html,"Capacitor 2.2uF 10% 50V X7R 1210 Automotive Grade MLCC (CGA Series), TDK CGA6M3X7R1H225KT0Y0N (Flight, LCSC Extended)",capacitor 2.2uF 1210 tdk tdk cga flight general purpose,358,0.2436
C 4.7uF 1210 100V X7S 10% TDK,4.7uF,C338088,Extended,CGA6M3X7S2A475KT0Y3S,TDK,TDK CGA,1210,10%,,100V,X7S,,,,,E24,Flight,General Purpose,Device:C,Capacitor_SMD:C_1210_3225Metric,https://wmsc.lcsc.com/wmsc/upload/file/pdf/v2/lcsc/2304140030_TDK-CGA6M3X7S2A475KT0Y3S_C338088.pdf,https://www.lcsc.com/product-detail/multilayer-ceramic-capacitors-mlcc-smd-smt_tdk-cga6m3x7s2a475kt0y3s_C338088.html,"Capacitor 4.7uF 10% 100V X7S 1210 Automotive Grade MLCC (CGA Series), TDK CGA6M3X7S2A475KT0Y3S (Flight, LCSC Extended)",capacitor 4.7uF 1210 tdk tdk cga flight general purpose,1155,0.7321
C 4.7uF 1210 25V X8R 10% TDK,4.7uF,C342597,Extended,CGA6P3X8R1E475KT0Y0N,TDK,TDK CGA,1210,10%,,25V,X8R,,,,,E24,Flight,General Purpose,Device:C,Capacitor_SMD:C_1210_3225Metric,https://wmsc.lcsc.com/wmsc/upload/file/pdf/v2/lcsc/2108171930_TDK-CGA6P3X8R1E475KT0Y0N_C342597.pdf,https://www.lcsc.com/product-detail/multilayer-ceramic-capacitors-mlcc-smd-smt_tdk-cga6p3x8r1e475kt0y0n_C342597.html,"Capacitor 4.7uF 10% 25V X8R 1210 Automotive Grade MLCC (CGA Series), TDK CGA6P3X8R1E475KT0Y0N (Flight, LCSC Extended)",capacitor 4.7uF 1210 tdk tdk cga flight general purpose,1176,0.7012
C 4.7uF 1210 50V X7R 10% TDK,4.7uF,C342648,Extended,CGA6P3X7R1H475KT0Y0N,TDK,TDK CGA,1210,10%,,50V,X7R,,,,,E24,Flight,General Purpose,Device:C,Capacitor_SMD:C_1210_3225Metric,https://wmsc.lcsc.com/wmsc/upload/file/pdf/v2/lcsc/2304140030_TDK-CGA6P3X7R1H475KT0Y0N_C342648.pdf,https://www.lcsc.com/product-detail/multilayer-ceramic-capacitors-mlcc-smd-smt_tdk-cga6p3x7r1h475kt0y0n_C342648.html,"Capacitor 4.7uF 10% 50V X7R 1210 Automotive Grade MLCC (CGA Series), TDK CGA6P3X7R1H475KT0Y0N (Flight, LCSC Extended)",capacitor 4.7uF 1210 tdk tdk cga flight general purpose,92,0.4311
C 4.7uF 1210 100V X7S 20% TDK,4.7uF,C5221345,Extended,CGA6M3X7S2A475MT0Y0N,TDK,TDK CGA,1210,20%,,100V,X7S,,,,,E24,Flight,General Purpose,Device:C,Capacitor_SMD:C_1210_3225Metric,https://wmsc.lcsc.com/wmsc/upload/file/pdf/v2/lcsc/2210271800_TDK-CGA6M3X7S2A475MT0Y0N_C5221345.pdf,https://www.lcsc.com/product-detail/multilayer-ceramic-capacitors-mlcc-smd-smt_tdk-cga6m3x7s2a475mt0y0n_C5221345.html,"Capacitor 4.7uF 20% 100V X7S 1210 Automotive Grade MLCC (CGA Series), TDK CGA6M3X7S2A475MT0Y0N (Flight, LCSC Extended)",capacitor 4.7uF 1210 tdk tdk cga flight general purpose,114,0.597
C 10uF 1210 16V X7R 10% TDK,10uF,C432950,Extended,CGA6M3X7R1C106KT0Y0N,TDK,TDK CGA,1210,10%,,16V,X7R,,,,,E24,Flight,General Purpose,Device:C,Capacitor_SMD:C_1210_3225Metric,https://wmsc.lcsc.com/wmsc/upload/file/pdf/v2/lcsc/2304140030_TDK-CGA6M3X7R1C106KT0Y0N_C432950.pdf,https://www.lcsc.com/product-detail/multilayer-ceramic-capacitors-mlcc-smd-smt_tdk-cga6m3x7r1c106kt0y0n_C432950.html,"Capacitor 10uF 10% 16V X7R 1210 Automotive Grade MLCC (CGA Series), TDK CGA6M3X7R1C106KT0Y0N (Flight, LCSC Extended)",capacitor 10uF 1210 tdk tdk cga flight general purpose,2,0.1974
C 10uF 1210 25V X7R 10% TDK,10uF,C342709,Extended,CGA6P1X7R1E106KT0Y0N,TDK,TDK CGA,1210,10%,,25V,X7R,,,,,E24,Flight,General Purpose,Device:C,Capacitor_SMD:C_1210_3225Metric,https://wmsc.lcsc.com/wmsc/upload/file/pdf/v2/lcsc/2304140030_TDK-CGA6P1X7R1E106KT0Y0N_C342709.pdf,https://www.lcsc.com/product-detail/multilayer-ceramic-capacitors-mlcc-smd-smt_tdk-cga6p1x7r1e106kt0y0n_C342709.html,"Capacitor 10uF 10% 25V X7R 1210 Automotive Grade MLCC (CGA Series), TDK CGA6P1X7R1E106KT0Y0N (Flight, LCSC Extended)",capacitor 10uF 1210 tdk tdk cga flight general purpose,4,0.1821
C 10uF 1210 50V X7S 10% TDK,10uF,C342616,Extended,CGA6P3X7S1H106KT0Y0N,TDK,TDK CGA,1210,10%,,50V,X7S,,,,,E24,Flight,General Purpose,Device:C,Capacitor_SMD:C_1210_3225Metric,https://wmsc.lcsc.com/wmsc/upload/file/pdf/v2/lcsc/2304140030_TDK-CGA6P3X7S1H106KT0Y0N_C342616.pdf,https://www.lcsc.com/product-detail/multilayer-ceramic-capacitors-mlcc-smd-smt_tdk-cga6p3x7s1h106kt0y0n_C342616.html,"Capacitor 10uF 10% 50V X7S 1210 Automotive Grade MLCC (CGA Series), TDK CGA6P3X7S1H106KT0Y0N (Flight, LCSC Extended)",capacitor 10uF 1210 tdk tdk cga flight general purpose,997,0.455
C 10uF 1210 50V X7S 20% TDK,10uF,C2182179,Extended,CGA6P3X7S1H106M250AB,TDK,TDK CGA,1210,20%,,50V,X7S,,,,,E24,Flight,General Purpose,Device:C,Capacitor_SMD:C_1210_3225Metric,https://wmsc.lcsc.com/wmsc/upload/file/pdf/v2/lcsc/2304140030_TDK-CGA6P3X7S1H106M250AB_C2182179.pdf,https://www.lcsc.com/product-detail/multilayer-ceramic-capacitors-mlcc-smd-smt_tdk-cga6p3x7s1h106m250ab_C2182179.html,"Capacitor 10uF 20% 50V X7S 1210 Automotive Grade MLCC (CGA Series), TDK CGA6P3X7S1H106M250AB (Flight, LCSC Extended)",capacitor 10uF 1210 tdk tdk cga flight general purpose,2,1.604
C 22uF 1210 16V X7R 20% TDK,22uF,C342674,Extended,CGA6P1X7R1C226MTJY0N,TDK,TDK CGA,1210,20%,,16V,X7R,,,,,E24,Flight,General Purpose,Device:C,Capacitor_SMD:C_1210_3225Metric,https://wmsc.lcsc.com/wmsc/upload/file/pdf/v2/lcsc/2304140030_TDK-CGA6P1X7R1C226MTJY0N_C342674.pdf,https://www.lcsc.com/product-detail/multilayer-ceramic-capacitors-mlcc-smd-smt_tdk-cga6p1x7r1c226mtjy0n_C342674.html,"Capacitor 22uF 20% 16V X7R 1210 Automotive Grade MLCC (CGA Series), TDK CGA6P1X7R1C226MTJY0N (Flight, LCSC Extended)",capacitor 22uF 1210 tdk tdk cga flight general purpose,11,0.205
C 22uF 1210 25V X7R 20% TDK,22uF,C694521,Extended,CGA6P3X7R1E226MT000N,TDK,TDK CGA,1210,20%,,25V,X7R,,,,,E24,Flight,General Purpose,Device:C,Capacitor_SMD:C_1210_3225Metric,https://wmsc.lcsc.com/wmsc/upload/file/pdf/v2/lcsc/2011051905_TDK-CGA6P3X7R1E226MT000N_C694521.pdf,https://www.lcsc.com/product-detail/multilayer-ceramic-capacitors-mlcc-smd-smt_tdk-cga6p3x7r1e226mt000n_C694521.html,"Capacitor 22uF 20% 25V X7R 1210 Automotive Grade MLCC (CGA Series), TDK CGA6P3X7R1E226MT000N (Flight, LCSC Extended)",capacitor 22uF 1210 tdk tdk cga flight general purpose,57,1.0005
