Part_ID,Value,LCSC,LCSC_Type,MPN,Manufacturer,Series,Package,Tolerance,Power,Voltage,Dielectric,Current,Isat,DCR,TempCo,Value_Series,Standard,Use_Case,Symbol,Footprint,Datasheet,LCSC_URL,Description,Keywords,Stock,Unit_Price_USD
L 1nH 0402CS 5% Coilcraft,1nH,C38192095,Extended,0402CS-1N0XJRW,Coilcraft,Coilcraft Ceramic Core,0402,5%,,,,1.36A,,45mΩ,,E24,Pre-Flight,RF/Filtering,Device:L,Inductor_SMD:L_0402_1005Metric,https://www.coilcraft.com/en-us/products/rf/ceramic-core-chip-inductors/,https://www.lcsc.com/product-detail/C38192095.html,"Inductor 1nH 5% 1.36A 0402 Ceramic Core Chip Inductors, Coilcraft 0402CS-1N0XJRW (Pre-Flight, LCSC Extended)",inductor 1nH 0402 coilcraft coilcraft ceramic core pre-flight rf/filtering,38,1.4771
L 1nH 0402DC 5% Coilcraft,1nH,C6354679,Extended,0402DC-1N0XJRW,Coilcraft,Coilcraft Ceramic Core,0402,5%,,,,1.7A,,45mΩ,,E24,Pre-Flight,RF/Filtering,Device:L,Inductor_SMD:L_0402_1005Metric,https://wmsc.lcsc.com/wmsc/upload/file/pdf/v2/lcsc/2312101851_Coilcraft-0402DC-1N0XJRW_C6354679.pdf,https://www.lcsc.com/product-detail/power-inductors_coilcraft-0402dc-1n0xjrw_C6354679.html,"Inductor 1nH 5% 1.7A 0402 Ceramic Core Chip Inductors, Coilcraft 0402DC-1N0XJRW (Pre-Flight, LCSC Extended)",inductor 1nH 0402 coilcraft coilcraft ceramic core pre-flight rf/filtering,14,1.6544
L 2nH 0402DC 5% Coilcraft,2nH,C3224408,Extended,0402DC-2N0XJRW,Coilcraft,Coilcraft Ceramic Core,0402,5%,,,,2A,,35mΩ,,E24,Pre-Flight,RF/Filtering,Device:L,Inductor_SMD:L_0402_1005Metric,https://wmsc.lcsc.com/wmsc/upload/file/pdf/v2/lcsc/2404021305_Coilcraft-0402DC-2N0XJRW_C3224408.pdf,https://www.lcsc.com/product-detail/power-inductors_coilcraft-0402dc-2n0xjrw_C3224408.html,"Inductor 2nH 5% 2A 0402 Ceramic Core Chip Inductors, Coilcraft 0402DC-2N0XJRW (Pre-Flight, LCSC Extended)",inductor 2nH 0402 coilcraft coilcraft ceramic core pre-flight rf/filtering,100,1.7341
L 2.2nH 0402CS 2% Coilcraft,2.2nH,C20417012,Extended,0402CS-2N2XGLW,Coilcraft,Coilcraft Ceramic Core,0402,2%,,,,960mA,,70mΩ,,E24,Pre-Flight,RF/Filtering,Device:L,Inductor_SMD:L_0402_1005Metric,https://wmsc.lcsc.com/wmsc/upload/file/pdf/v2/lcsc/2404092345_Coilcraft-0402CS-2N2XGLW_C20417012.pdf,https://www.lcsc.com/product-detail/inductors-smd_coilcraft-0402cs-2n2xglw_C20417012.html,"Inductor 2.2nH 2% 960mA 0402 Ceramic Core Chip Inductors, Coilcraft 0402CS-2N2XGLW (Pre-Flight, LCSC Extended)",inductor 2.2nH 0402 coilcraft coilcraft ceramic core pre-flight rf/filtering,10,1.0379
L 2.2nH 0402DC 5% Coilcraft,2.2nH,C3222084,Extended,0402DC-2N2XJRW,Coilcraft,Coilcraft Ceramic Core,0402,5%,,,,1.2A,,90mΩ,,E24,Pre-Flight,RF/Filtering,Device:L,Inductor_SMD:L_0402_1005Metric,https://wmsc.lcsc.com/wmsc/upload/file/pdf/v2/lcsc/2404021253_Coilcraft-0402DC-2N2XJRW_C3222084.pdf,https://www.lcsc.com/product-detail/power-inductors_coilcraft-0402dc-2n2xjrw_C3222084.html,"Inductor 2.2nH 5% 1.2A 0402 Ceramic Core Chip Inductors, Coilcraft 0402DC-2N2XJRW (Pre-Flight, LCSC Extended)",inductor 2.2nH 0402 coilcraft coilcraft ceramic core pre-flight rf/filtering,880,1.4901
L 2.4nH 0402DC 5% Coilcraft,2.4nH,C3221818,Extended,0402DC-2N4XJRW,Coilcraft,Coilcraft Ceramic Core,0402,5%,,,,850mA,,170mΩ,,E24,Pre-Flight,RF/Filtering,Device:L,Inductor_SMD:L_0402_1005Metric,https://wmsc.lcsc.com/wmsc/upload/file/pdf/v2/lcsc/2404021252_Coilcraft-0402DC-2N4XJRW_C3221818.pdf,https://www.lcsc.com/product-detail/power-inductors_coilcraft-0402dc-2n4xjrw_C3221818.html,"Inductor 2.4nH 5% 850mA 0402 Ceramic Core Chip Inductors, Coilcraft 0402DC-2N4XJRW (Pre-Flight, LCSC Extended)",inductor 2.4nH 0402 coilcraft coilcraft ceramic core pre-flight rf/filtering,36,1.0769
L 3.3nH 0402CS 5% Coilcraft,3.3nH,C20623486,Extended,0402CS-3N3XJRW,Coilcraft,Coilcraft Ceramic Core,0402,5%,,,,840mA,,66mΩ,,E24,Pre-Flight,RF/Filtering,Device:L,Inductor_SMD:L_0402_1005Metric,https://wmsc.lcsc.com/wmsc/upload/file/pdf/v2/lcsc/2402231752_Coilcraft-0402CS-3N3XJRW_C20623486.pdf,https://www.lcsc.com/product-detail/inductors-smd_coilcraft-0402cs-3n3xjrw_C20623486.html,"Inductor 3.3nH 5% 840mA 0402 Ceramic Core Chip Inductors, Coilcraft 0402CS-3N3XJRW (Pre-Flight, LCSC Extended)",inductor 3.3nH 0402 coilcraft coilcraft ceramic core pre-flight rf/filtering,1,0.7223
L 3.3nH 0402DC 5% Coilcraft,3.3nH,C3222286,Extended,0402DC-3N3XJRW,Coilcraft,Coilcraft Ceramic Core,0402,5%,,,,2.1A,,37mΩ,,E24,Pre-Flight,RF/Filtering,Device:L,Inductor_SMD:L_0402_1005Metric,https://wmsc.lcsc.com/wmsc/upload/file/pdf/v2/lcsc/2404021255_Coilcraft-0402DC-3N3XJRW_C3222286.pdf,https://www.lcsc.com/product-detail/power-inductors_coilcraft-0402dc-3n3xjrw_C3222286.html,"Inductor 3.3nH 5% 2.1A 0402 Ceramic Core Chip Inductors, Coilcraft 0402DC-3N3XJRW (Pre-Flight, LCSC Extended)",inductor 3.3nH 0402 coilcraft coilcraft ceramic core pre-flight rf/filtering,82,1.3844
L 3.9nH 0402CS 2% Coilcraft,3.9nH,C40570821,Extended,0402CS-3N9XGRW,Coilcraft,Coilcraft Ceramic Core,0402,2%,,,,840mA,,66mΩ,,E24,Pre-Flight,RF/Filtering,Device:L,Inductor_SMD:L_0402_1005Metric,https://www.coilcraft.com/en-us/products/rf/ceramic-core-chip-inductors/,https://www.lcsc.com/product-detail/C40570821.html,"Inductor 3.9nH 2% 840mA 0402 Ceramic Core Chip Inductors, Coilcraft 0402CS-3N9XGRW (Pre-Flight, LCSC Extended)",inductor 3.9nH 0402 coilcraft coilcraft ceramic core pre-flight rf/filtering,23,0.6296
L 3.9nH 0402CS 5% Coilcraft,3.9nH,C20623475,Extended,0402CS-3N9XJRW,Coilcraft,Coilcraft Ceramic Core,0402,5%,,,,840mA,,66mΩ,,E24,Pre-Flight,RF/Filtering,Device:L,Inductor_SMD:L_0402_1005Metric,https://wmsc.lcsc.com/wmsc/upload/file/pdf/v2/lcsc/2402231752_Coilcraft-0402CS-3N9XJRW_C20623475.pdf,https://www.lcsc.com/product-detail/inductors-smd_coilcraft-0402cs-3n9xjrw_C20623475.html,"Inductor 3.9nH 5% 840mA 0402 Ceramic Core Chip Inductors, Coilcraft 0402CS-3N9XJRW (Pre-Flight, LCSC Extended)",inductor 3.9nH 0402 coilcraft coilcraft ceramic core pre-flight rf/filtering,5,2.8647
L 3.9nH 0402DC 5% Coilcraft,3.9nH,C3221849,Extended,0402DC-3N9XJRW,Coilcraft,Coilcraft Ceramic Core,0402,5%,,,,2.05A,,46mΩ,,E24,Pre-Flight,RF/Filtering,Device:L,Inductor_SMD:L_0402_1005Metric,https://wmsc.lcsc.com/wmsc/upload/file/pdf/v2/lcsc/2404021252_Coilcraft-0402DC-3N9XJRW_C3221849.pdf,https://www.lcsc.com/product-detail/power-inductors_coilcraft-0402dc-3n9xjrw_C3221849.html,"Inductor 3.9nH 5% 2.05A 0402 Ceramic Core Chip Inductors, Coilcraft 0402DC-3N9XJRW (Pre-Flight, LCSC Extended)",inductor 3.9nH 0402 coilcraft coilcraft ceramic core pre-flight rf/filtering,20,0.8882
L 4.3nH 0402DC 5% Coilcraft,4.3nH,C3221514,Extended,0402DC-4N3XJRW,Coilcraft,Coilcraft Ceramic Core,0402,5%,,,,1.85A,,48mΩ,,E24,Pre-Flight,RF/Filtering,Device:L,Inductor_SMD:L_0402_1005Metric,https://wmsc.lcsc.com/wmsc/upload/file/pdf/v2/lcsc/2404021250_Coilcraft-0402DC-4N3XJRW_C3221514.pdf,https://www.lcsc.com/product-detail/power-inductors_coilcraft-0402dc-4n3xjrw_C3221514.html,"Inductor 4.3nH 5% 1.85A 0402 Ceramic Core Chip Inductors, Coilcraft 0402DC-4N3XJRW (Pre-Flight, LCSC Extended)",inductor 4.3nH 0402 coilcraft coilcraft ceramic core pre-flight rf/filtering,1000,1.3177
L 4.7nH 0402CS 5% Coilcraft,4.7nH,C20623550,Extended,0402CS-4N7XJRW,Coilcraft,Coilcraft Ceramic Core,0402,5%,,,,640mA,,130mΩ,,E24,Pre-Flight,RF/Filtering,Device:L,Inductor_SMD:L_0402_1005Metric,https://wmsc.lcsc.com/wmsc/upload/file/pdf/v2/lcsc/2402211726_Coilcraft-0402CS-4N7XJRW_C20623550.pdf,https://www.lcsc.com/product-detail/inductors-smd_coilcraft-0402cs-4n7xjrw_C20623550.html,"Inductor 4.7nH 5% 640mA 0402 Ceramic Core Chip Inductors, Coilcraft 0402CS-4N7XJRW (Pre-Flight, LCSC Extended)",inductor 4.7nH 0402 coilcraft coilcraft ceramic core pre-flight rf/filtering,20,0.7613
L 4.7nH 0402DC 5% Coilcraft,4.7nH,C6030646,Extended,0402DC-4N7XJRW,Coilcraft,Coilcraft Ceramic Core,0402,5%,,,,1.85A,,48mΩ,,E24,Pre-Flight,RF/Filtering,Device:L,Inductor_SMD:L_0402_1005Metric,https://wmsc.lcsc.com/wmsc/upload/file/pdf/v2/lcsc/2312070130_Coilcraft-0402DC-4N7XJRW_C6030646.pdf,https://www.lcsc.com/product-detail/power-inductors_coilcraft-0402dc-4n7xjrw_C6030646.html,"Inductor 4.7nH 5% 1.85A 0402 Ceramic Core Chip Inductors, Coilcraft 0402DC-4N7XJRW (Pre-Flight, LCSC Extended)",inductor 4.7nH 0402 coilcraft coilcraft ceramic core pre-flight rf/filtering,8,0.5125
L 5.1nH 0402DC 2% Coilcraft,5.1nH,C5467983,Extended,0402DC-5N1XGRW,Coilcraft,Coilcraft Ceramic Core,0402,2%,,,,1.85A,,48mΩ,,E24,Pre-Flight,RF/Filtering,Device:L,Inductor_SMD:L_0402_1005Metric,https://www.coilcraft.com/en-us/products/rf/ceramic-core-chip-inductors/,https://www.lcsc.com/product-detail/C5467983.html,"Inductor 5.1nH 2% 1.85A 0402 Ceramic Core Chip Inductors, Coilcraft 0402DC-5N1XGRW (Pre-Flight, LCSC Extended)",inductor 5.1nH 0402 coilcraft coilcraft ceramic core pre-flight rf/filtering,1,1.1664
L 5.1nH 0402HP 2% Coilcraft,5.1nH,C40687728,Extended,0402HP-5N1XGRW,Coilcraft,Coilcraft Ceramic Core,0402,2%,,,,1.2A,,125mΩ,,E24,Pre-Flight,RF/Filtering,Device:L,Inductor_SMD:L_0402_1005Metric,https://www.coilcraft.com/en-us/products/rf/ceramic-core-chip-inductors/,https://www.lcsc.com/product-detail/C40687728.html,"Inductor 5.1nH 2% 1.2A 0402 Ceramic Core Chip Inductors, Coilcraft 0402HP-5N1XGRW (Pre-Flight, LCSC Extended)",inductor 5.1nH 0402 coilcraft coilcraft ceramic core pre-flight rf/filtering,2,0.706
L 5.6nH 0402CS 2% Coilcraft,5.6nH,C39950523,Extended,0402CS-5N6XGRW,Coilcraft,Coilcraft Ceramic Core,0402,2%,,,,760mA,,83mΩ,,E24,Pre-Flight,RF/Filtering,Device:L,Inductor_SMD:L_0402_1005Metric,https://www.coilcraft.com/en-us/products/rf/ceramic-core-chip-inductors/,https://www.lcsc.com/product-detail/C39950523.html,"Inductor 5.6nH 2% 760mA 0402 Ceramic Core Chip Inductors, Coilcraft 0402CS-5N6XGRW (Pre-Flight, LCSC Extended)",inductor 5.6nH 0402 coilcraft coilcraft ceramic core pre-flight rf/filtering,37,0.5515
L 5.6nH 0402DC 5% Coilcraft,5.6nH,C3224163,Extended,0402DC-5N6XJRW,Coilcraft,Coilcraft Ceramic Core,0402,5%,,,,1.8A,,57mΩ,,E24,Pre-Flight,RF/Filtering,Device:L,Inductor_SMD:L_0402_1005Metric,https://wmsc.lcsc.com/wmsc/upload/file/pdf/v2/lcsc/2404021304_Coilcraft-0402DC-5N6XJRW_C3224163.pdf,https://www.lcsc.com/product-detail/power-inductors_coilcraft-0402dc-5n6xjrw_C3224163.html,"Inductor 5.6nH 5% 1.8A 0402 Ceramic Core Chip Inductors, Coilcraft 0402DC-5N6XJRW (Pre-Flight, LCSC Extended)",inductor 5.6nH 0402 coilcraft coilcraft ceramic core pre-flight rf/filtering,190,1.4494
L 6.8nH 0402CS 2% Coilcraft,6.8nH,C20416990,Extended,0402CS-6N8XGRW,Coilcraft,Coilcraft Ceramic Core,0402,2%,,,,680mA,,83mΩ,,E24,Pre-Flight,RF/Filtering,Device:L,Inductor_SMD:L_0402_1005Metric,https://wmsc.lcsc.com/wmsc/upload/file/pdf/v2/lcsc/2401121833_Coilcraft-0402CS-6N8XGRW_C20416990.pdf,https://www.lcsc.com/product-detail/inductors-smd_coilcraft-0402cs-6n8xgrw_C20416990.html,"Inductor 6.8nH 2% 680mA 0402 Ceramic Core Chip Inductors, Coilcraft 0402CS-6N8XGRW (Pre-Flight, LCSC Extended)",inductor 6.8nH 0402 coilcraft coilcraft ceramic core pre-flight rf/filtering,144,0.5759
L 6.8nH 0402HP 2% Coilcraft,6.8nH,C39963716,Extended,0402HP-6N8XGRW,Coilcraft,Coilcraft Ceramic Core,0402,2%,,,,1.5A,,70mΩ,,E24,Pre-Flight,RF/Filtering,Device:L,Inductor_SMD:L_0402_1005Metric,https://www.coilcraft.com/en-us/products/rf/ceramic-core-chip-inductors/,https://www.lcsc.com/product-detail/C39963716.html,"Inductor 6.8nH 2% 1.5A 0402 Ceramic Core Chip Inductors, Coilcraft 0402HP-6N8XGRW (Pre-Flight, LCSC Extended)",inductor 6.8nH 0402 coilcraft coilcraft ceramic core pre-flight rf/filtering,54,0.706
L 6.8nH 0402CS 5% Coilcraft,6.8nH,C38296322,Extended,0402CS-6N8XJRW,Coilcraft,Coilcraft Ceramic Core,0402,5%,,,,680mA,,83mΩ,,E24,Pre-Flight,RF/Filtering,Device:L,Inductor_SMD:L_0402_1005Metric,https://www.coilcraft.com/en-us/products/rf/ceramic-core-chip-inductors/,https://www.lcsc.com/product-detail/C38296322.html,"Inductor 6.8nH 5% 680mA 0402 Ceramic Core Chip Inductors, Coilcraft 0402CS-6N8XJRW (Pre-Flight, LCSC Extended)",inductor 6.8nH 0402 coilcraft coilcraft ceramic core pre-flight rf/filtering,96,1.303
L 7.5nH 0402CS 2% Coilcraft,7.5nH,C41966234,Extended,0402CS-7N5XGRW,Coilcraft,Coilcraft Ceramic Core,0402,2%,,,,680mA,,100mΩ,,E24,Pre-Flight,RF/Filtering,Device:L,Inductor_SMD:L_0402_1005Metric,https://www.coilcraft.com/en-us/products/rf/ceramic-core-chip-inductors/,https://www.lcsc.com/product-detail/C41966234.html,"Inductor 7.5nH 2% 680mA 0402 Ceramic Core Chip Inductors, Coilcraft 0402CS-7N5XGRW (Pre-Flight, LCSC Extended)",inductor 7.5nH 0402 coilcraft coilcraft ceramic core pre-flight rf/filtering,192,0.9679
L 7.5nH 0402DC 2% Coilcraft,7.5nH,C3221357,Extended,0402DC-7N5XGRW,Coilcraft,Coilcraft Ceramic Core,0402,2%,,,,1.65A,,63mΩ,,E24,Pre-Flight,RF/Filtering,Device:L,Inductor_SMD:L_0402_1005Metric,https://wmsc.lcsc.com/wmsc/upload/file/pdf/v2/lcsc/2404021250_Coilcraft-0402DC-7N5XGRW_C3221357.pdf,https://www.lcsc.com/product-detail/power-inductors_coilcraft-0402dc-7n5xgrw_C3221357.html,"Inductor 7.5nH 2% 1.65A 0402 Ceramic Core Chip Inductors, Coilcraft 0402DC-7N5XGRW (Pre-Flight, LCSC Extended)",inductor 7.5nH 0402 coilcraft coilcraft ceramic core pre-flight rf/filtering,49,0.8541
L 8.2nH 0402CS 2% Coilcraft,8.2nH,C43289021,Extended,0402CS-8N2XGRW,Coilcraft,Coilcraft Ceramic Core,0402,2%,,,,680mA,,100mΩ,,E24,Pre-Flight,RF/Filtering,Device:L,Inductor_SMD:L_0402_1005Metric,https://www.coilcraft.com/en-us/products/rf/ceramic-core-chip-inductors/,https://www.lcsc.com/product-detail/C43289021.html,"Inductor 8.2nH 2% 680mA 0402 Ceramic Core Chip Inductors, Coilcraft 0402CS-8N2XGRW (Pre-Flight, LCSC Extended)",inductor 8.2nH 0402 coilcraft coilcraft ceramic core pre-flight rf/filtering,73,0.6849
L 8.2nH 0402CT 2% Coilcraft,8.2nH,C50132512,Extended,0402CT-8N2XGRW,Coilcraft,Coilcraft Ceramic Core,0402,2%,,,,1.5A,,80mΩ,,E24,Pre-Flight,RF/Filtering,Device:L,Inductor_SMD:L_0402_1005Metric,https://www.coilcraft.com/en-us/products/rf/ceramic-core-chip-inductors/,https://www.lcsc.com/product-detail/C50132512.html,"Inductor 8.2nH 2% 1.5A 0402 Ceramic Core Chip Inductors, Coilcraft 0402CT-8N2XGRW (Pre-Flight, LCSC Extended)",inductor 8.2nH 0402 coilcraft coilcraft ceramic core pre-flight rf/filtering,80,0.6849
L 8.2nH 0402CS 5% Coilcraft,8.2nH,C20623494,Extended,0402CS-8N2XJLW,Coilcraft,Coilcraft Ceramic Core,0402,5%,,,,680mA,,100mΩ,,E24,Pre-Flight,RF/Filtering,Device:L,Inductor_SMD:L_0402_1005Metric,https://wmsc.lcsc.com/wmsc/upload/file/pdf/v2/lcsc/2402231752_Coilcraft-0402CS-8N2XJLW_C20623494.pdf,https://www.lcsc.com/product-detail/inductors-smd_coilcraft-0402cs-8n2xjlw_C20623494.html,"Inductor 8.2nH 5% 680mA 0402 Ceramic Core Chip Inductors, Coilcraft 0402CS-8N2XJLW (Pre-Flight, LCSC Extended)",inductor 8.2nH 0402 coilcraft coilcraft ceramic core pre-flight rf/filtering,20,1.2119
L 8.2nH 0402DC 5% Coilcraft,8.2nH,C3224597,Extended,0402DC-8N2XJRW,Coilcraft,Coilcraft Ceramic Core,0402,5%,,,,1.6A,,70mΩ,,E24,Pre-Flight,RF/Filtering,Device:L,Inductor_SMD:L_0402_1005Metric,https://wmsc.lcsc.com/wmsc/upload/file/pdf/v2/lcsc/2404021306_Coilcraft-0402DC-8N2XJRW_C3224597.pdf,https://www.lcsc.com/product-detail/power-inductors_coilcraft-0402dc-8n2xjrw_C3224597.html,"Inductor 8.2nH 5% 1.6A 0402 Ceramic Core Chip Inductors, Coilcraft 0402DC-8N2XJRW (Pre-Flight, LCSC Extended)",inductor 8.2nH 0402 coilcraft coilcraft ceramic core pre-flight rf/filtering,261,1.4511
L 10nH 0402HP 2% Coilcraft,10nH,C40976557,Extended,0402HP-10NXGRW,Coilcraft,Coilcraft Ceramic Core,0402,2%,,,,1.3A,,110mΩ,,E24,Pre-Flight,RF/Filtering,Device:L,Inductor_SMD:L_0402_1005Metric,https://www.coilcraft.com/en-us/products/rf/ceramic-core-chip-inductors/,https://www.lcsc.com/product-detail/C40976557.html,"Inductor 10nH 2% 1.3A 0402 Ceramic Core Chip Inductors, Coilcraft 0402HP-10NXGRW (Pre-Flight, LCSC Extended)",inductor 10nH 0402 coilcraft coilcraft ceramic core pre-flight rf/filtering,19,0.7988
L 11nH 0402CS 2% Coilcraft,11nH,C40247717,Extended,0402CS-11NXGRW,Coilcraft,Coilcraft Ceramic Core,0402,2%,,,,640mA,,120mΩ,,E24,Pre-Flight,RF/Filtering,Device:L,Inductor_SMD:L_0402_1005Metric,https://www.coilcraft.com/en-us/products/rf/ceramic-core-chip-inductors/,https://www.lcsc.com/product-detail/C40247717.html,"Inductor 11nH 2% 640mA 0402 Ceramic Core Chip Inductors, Coilcraft 0402CS-11NXGRW (Pre-Flight, LCSC Extended)",inductor 11nH 0402 coilcraft coilcraft ceramic core pre-flight rf/filtering,89,0.4279
L 11nH 0402DC 2% Coilcraft,11nH,C3221015,Extended,0402DC-11NXGRW,Coilcraft,Coilcraft Ceramic Core,0402,2%,,,,1.45A,,78.2mΩ,,E24,Pre-Flight,RF/Filtering,Device:L,Inductor_SMD:L_0402_1005Metric,https://wmsc.lcsc.com/wmsc/upload/file/pdf/v2/lcsc/2404021248_Coilcraft-0402DC-11NXGRW_C3221015.pdf,https://www.lcsc.com/product-detail/power-inductors_coilcraft-0402dc-11nxgrw_C3221015.html,"Inductor 11nH 2% 1.45A 0402 Ceramic Core Chip Inductors, Coilcraft 0402DC-11NXGRW (Pre-Flight, LCSC Extended)",inductor 11nH 0402 coilcraft coilcraft ceramic core pre-flight rf/filtering,10,3.4763
L 11nH 0402CS 5% Coilcraft,11nH,C37663637,Extended,0402CS-11NXJRW,Coilcraft,Coilcraft Ceramic Core,0402,5%,,,,640mA,,120mΩ,,E24,Pre-Flight,RF/Filtering,Device:L,Inductor_SMD:L_0402_1005Metric,https://www.coilcraft.com/en-us/products/rf/ceramic-core-chip-inductors/,https://www.lcsc.com/product-detail/C37663637.html,"Inductor 11nH 5% 640mA 0402 Ceramic Core Chip Inductors, Coilcraft 0402CS-11NXJRW (Pre-Flight, LCSC Extended)",inductor 11nH 0402 coilcraft coilcraft ceramic core pre-flight rf/filtering,8,1.0053
L 12nH 0402CS 2% Coilcraft,12nH,C40345589,Extended,0402CS-12NXGRW,Coilcraft,Coilcraft Ceramic Core,0402,2%,,,,640mA,,120mΩ,,E24,Pre-Flight,RF/Filtering,Device:L,Inductor_SMD:L_0402_1005Metric,https://www.coilcraft.com/en-us/products/rf/ceramic-core-chip-inductors/,https://www.lcsc.com/product-detail/C40345589.html,"Inductor 12nH 2% 640mA 0402 Ceramic Core Chip Inductors, Coilcraft 0402CS-12NXGRW (Pre-Flight, LCSC Extended)",inductor 12nH 0402 coilcraft coilcraft ceramic core pre-flight rf/filtering,8,0.7727
L 12nH 0402CS 5% Coilcraft,12nH,C20623532,Extended,0402CS-12NXJRW,Coilcraft,Coilcraft Ceramic Core,0402,5%,,,,640mA,,120mΩ,,E24,Pre-Flight,RF/Filtering,Device:L,Inductor_SMD:L_0402_1005Metric,https://wmsc.lcsc.com/wmsc/upload/file/pdf/v2/lcsc/2402231753_Coilcraft-0402CS-12NXJRW_C20623532.pdf,https://www.lcsc.com/product-detail/inductors-smd_coilcraft-0402cs-12nxjrw_C20623532.html,"Inductor 12nH 5% 640mA 0402 Ceramic Core Chip Inductors, Coilcraft 0402CS-12NXJRW (Pre-Flight, LCSC Extended)",inductor 12nH 0402 coilcraft coilcraft ceramic core pre-flight rf/filtering,7,0.5092
L 12nH 0402DC 5% Coilcraft,12nH,C3223875,Extended,0402DC-12NXJRW,Coilcraft,Coilcraft Ceramic Core,0402,5%,,,,1.45A,,81.3mΩ,,E24,Pre-Flight,RF/Filtering,Device:L,Inductor_SMD:L_0402_1005Metric,https://www.coilcraft.com/en-us/products/rf/ceramic-core-chip-inductors/,https://www.lcsc.com/product-detail/C3223875.html,"Inductor 12nH 5% 1.45A 0402 Ceramic Core Chip Inductors, Coilcraft 0402DC-12NXJRW (Pre-Flight, LCSC Extended)",inductor 12nH 0402 coilcraft coilcraft ceramic core pre-flight rf/filtering,57,1.7032
L 13nH 0402CS 2% Coilcraft,13nH,C43818907,Extended,0402CS-13NXGRW,Coilcraft,Coilcraft Ceramic Core,0402,2%,,,,440mA,,210mΩ,,E24,Pre-Flight,RF/Filtering,Device:L,Inductor_SMD:L_0402_1005Metric,https://www.coilcraft.com/en-us/products/rf/ceramic-core-chip-inductors/,https://www.lcsc.com/product-detail/C43818907.html,"Inductor 13nH 2% 440mA 0402 Ceramic Core Chip Inductors, Coilcraft 0402CS-13NXGRW (Pre-Flight, LCSC Extended)",inductor 13nH 0402 coilcraft coilcraft ceramic core pre-flight rf/filtering,64,0.7125
L 15nH 0402CS 2% Coilcraft,15nH,C20623513,Extended,0402CS-15NXGLW,Coilcraft,Coilcraft Ceramic Core,0402,2%,,,,560mA,,170mΩ,,E24,Pre-Flight,RF/Filtering,Device:L,Inductor_SMD:L_0402_1005Metric,https://wmsc.lcsc.com/wmsc/upload/file/pdf/v2/lcsc/2402231753_Coilcraft-0402CS-15NXGLW_C20623513.pdf,https://www.lcsc.com/product-detail/inductors-smd_coilcraft-0402cs-15nxglw_C20623513.html,"Inductor 15nH 2% 560mA 0402 Ceramic Core Chip Inductors, Coilcraft 0402CS-15NXGLW (Pre-Flight, LCSC Extended)",inductor 15nH 0402 coilcraft coilcraft ceramic core pre-flight rf/filtering,81,1.0379
L 15nH 0402CS 5% Coilcraft,15nH,C20623531,Extended,0402CS-15NXJLW,Coilcraft,Coilcraft Ceramic Core,0402,5%,,,,560mA,,170mΩ,,E24,Pre-Flight,RF/Filtering,Device:L,Inductor_SMD:L_0402_1005Metric,https://wmsc.lcsc.com/wmsc/upload/file/pdf/v2/lcsc/2402231753_Coilcraft-0402CS-15NXJLW_C20623531.pdf,https://www.lcsc.com/product-detail/inductors-smd_coilcraft-0402cs-15nxjlw_C20623531.html,"Inductor 15nH 5% 560mA 0402 Ceramic Core Chip Inductors, Coilcraft 0402CS-15NXJLW (Pre-Flight, LCSC Extended)",inductor 15nH 0402 coilcraft coilcraft ceramic core pre-flight rf/filtering,11,0.7809
L 15nH 0402DC 5% Coilcraft,15nH,C3222443,Extended,0402DC-15NXJRW,Coilcraft,Coilcraft Ceramic Core,0402,5%,,,,1.2A,,115mΩ,,E24,Pre-Flight,RF/Filtering,Device:L,Inductor_SMD:L_0402_1005Metric,https://wmsc.lcsc.com/wmsc/upload/file/pdf/v2/lcsc/2404021255_Coilcraft-0402DC-15NXJRW_C3222443.pdf,https://www.lcsc.com/product-detail/power-inductors_coilcraft-0402dc-15nxjrw_C3222443.html,"Inductor 15nH 5% 1.2A 0402 Ceramic Core Chip Inductors, Coilcraft 0402DC-15NXJRW (Pre-Flight, LCSC Extended)",inductor 15nH 0402 coilcraft coilcraft ceramic core pre-flight rf/filtering,5,0.8882
L 15nH 0402HP 5% Coilcraft,15nH,C39750903,Extended,0402HP-15NXJRW,Coilcraft,Coilcraft Ceramic Core,0402,5%,,,,1.1A,,115mΩ,,E24,Pre-Flight,RF/Filtering,Device:L,Inductor_SMD:L_0402_1005Metric,https://www.coilcraft.com/en-us/products/rf/ceramic-core-chip-inductors/,https://www.lcsc.com/product-detail/C39750903.html,"Inductor 15nH 5% 1.1A 0402 Ceramic Core Chip Inductors, Coilcraft 0402HP-15NXJRW (Pre-Flight, LCSC Extended)",inductor 15nH 0402 coilcraft coilcraft ceramic core pre-flight rf/filtering,137,1.2152
L 16nH 0402CS 2% Coilcraft,16nH,C40056697,Extended,0402CS-16NXGRW,Coilcraft,Coilcraft Ceramic Core,0402,2%,,,,560mA,,220mΩ,,E24,Pre-Flight,RF/Filtering,Device:L,Inductor_SMD:L_0402_1005Metric,https://www.coilcraft.com/en-us/products/rf/ceramic-core-chip-inductors/,https://www.lcsc.com/product-detail/C40056697.html,"Inductor 16nH 2% 560mA 0402 Ceramic Core Chip Inductors, Coilcraft 0402CS-16NXGRW (Pre-Flight, LCSC Extended)",inductor 16nH 0402 coilcraft coilcraft ceramic core pre-flight rf/filtering,59,0.7125
L 18nH 0402CS 2% Coilcraft,18nH,C22398296,Extended,0402CS-18NXGRW,Coilcraft,Coilcraft Ceramic Core,0402,2%,,,,420mA,,230mΩ,,E24,Pre-Flight,RF/Filtering,Device:L,Inductor_SMD:L_0402_1005Metric,https://www.coilcraft.com/en-us/products/rf/ceramic-core-chip-inductors/,https://www.lcsc.com/product-detail/inductors-smd_coilcraft-0402cs-18nxgrw_C22398296.html,"Inductor 18nH 2% 420mA 0402 Ceramic Core Chip Inductors, Coilcraft 0402CS-18NXGRW (Pre-Flight, LCSC Extended)",inductor 18nH 0402 coilcraft coilcraft ceramic core pre-flight rf/filtering,105,0.4864
L 18nH 0402DC 5% Coilcraft,18nH,C3224175,Extended,0402DC-18NXJRW,Coilcraft,Coilcraft Ceramic Core,0402,5%,,,,1.1A,,137.9mΩ,,E24,Pre-Flight,RF/Filtering,Device:L,Inductor_SMD:L_0402_1005Metric,https://wmsc.lcsc.com/wmsc/upload/file/pdf/v2/lcsc/2404021304_Coilcraft-0402DC-18NXJRW_C3224175.pdf,https://www.lcsc.com/product-detail/power-inductors_coilcraft-0402dc-18nxjrw_C3224175.html,"Inductor 18nH 5% 1.1A 0402 Ceramic Core Chip Inductors, Coilcraft 0402DC-18NXJRW (Pre-Flight, LCSC Extended)",inductor 18nH 0402 coilcraft coilcraft ceramic core pre-flight rf/filtering,4,1.5519
L 18nH 0402HP 5% Coilcraft,18nH,C39084920,Extended,0402HP-18NXJRW,Coilcraft,Coilcraft Ceramic Core,0402,5%,,,,900mA,,120mΩ,,E24,Pre-Flight,RF/Filtering,Device:L,Inductor_SMD:L_0402_1005Metric,https://www.coilcraft.com/en-us/products/rf/ceramic-core-chip-inductors/,https://www.lcsc.com/product-detail/C39084920.html,"Inductor 18nH 5% 900mA 0402 Ceramic Core Chip Inductors, Coilcraft 0402HP-18NXJRW (Pre-Flight, LCSC Extended)",inductor 18nH 0402 coilcraft coilcraft ceramic core pre-flight rf/filtering,101,0.9826
L 19nH 0402CS 2% Coilcraft,19nH,C40113638,Extended,0402CS-19NXGRW,Coilcraft,Coilcraft Ceramic Core,0402,2%,,,,480mA,,200mΩ,,OTHER,Pre-Flight,RF/Filtering,Device:L,Inductor_SMD:L_0402_1005Metric,https://www.coilcraft.com/en-us/products/rf/ceramic-core-chip-inductors/,https://www.lcsc.com/product-detail/C40113638.html,"Inductor 19nH 2% 480mA 0402 Ceramic Core Chip Inductors, Coilcraft 0402CS-19NXGRW (Pre-Flight, LCSC Extended)",inductor 19nH 0402 coilcraft coilcraft ceramic core pre-flight rf/filtering,9,0.7125
L 20nH 0402CS 2% Coilcraft,20nH,C40284483,Extended,0402CS-20NXGRW,Coilcraft,Coilcraft Ceramic Core,0402,2%,,,,420mA,,250mΩ,,E24,Pre-Flight,RF/Filtering,Device:L,Inductor_SMD:L_0402_1005Metric,https://www.coilcraft.com/en-us/products/rf/ceramic-core-chip-inductors/,https://www.lcsc.com/product-detail/C40284483.html,"Inductor 20nH 2% 420mA 0402 Ceramic Core Chip Inductors, Coilcraft 0402CS-20NXGRW (Pre-Flight, LCSC Extended)",inductor 20nH 0402 coilcraft coilcraft ceramic core pre-flight rf/filtering,105,0.9419
L 20nH 0402DC 2% Coilcraft,20nH,C3220928,Extended,0402DC-20NXGRW,Coilcraft,Coilcraft Ceramic Core,0402,2%,,,,1A,,162.7mΩ,,E24,Pre-Flight,RF/Filtering,Device:L,Inductor_SMD:L_0402_1005Metric,https://wmsc.lcsc.com/wmsc/upload/file/pdf/v2/lcsc/2404021247_Coilcraft-0402DC-20NXGRW_C3220928.pdf,https://www.lcsc.com/product-detail/power-inductors_coilcraft-0402dc-20nxgrw_C3220928.html,"Inductor 20nH 2% 1A 0402 Ceramic Core Chip Inductors, Coilcraft 0402DC-20NXGRW (Pre-Flight, LCSC Extended)",inductor 20nH 0402 coilcraft coilcraft ceramic core pre-flight rf/filtering,50,2.0204
L 22nH 0402CS 2% Coilcraft,22nH,C22440906,Extended,0402CS-22NXGRW,Coilcraft,Coilcraft Ceramic Core,0402,2%,,,,400mA,,300mΩ,,E24,Pre-Flight,RF/Filtering,Device:L,Inductor_SMD:L_0402_1005Metric,https://www.coilcraft.com/en-us/products/rf/ceramic-core-chip-inductors/,https://www.lcsc.com/product-detail/C22440906.html,"Inductor 22nH 2% 400mA 0402 Ceramic Core Chip Inductors, Coilcraft 0402CS-22NXGRW (Pre-Flight, LCSC Extended)",inductor 22nH 0402 coilcraft coilcraft ceramic core pre-flight rf/filtering,270,4.7419
L 23nH 0402CS 2% Coilcraft,23nH,C40875854,Extended,0402CS-23NXGRW,Coilcraft,Coilcraft Ceramic Core,0402,2%,,,,400mA,,300mΩ,,OTHER,Pre-Flight,RF/Filtering,Device:L,Inductor_SMD:L_0402_1005Metric,https://www.coilcraft.com/en-us/products/rf/ceramic-core-chip-inductors/,https://www.lcsc.com/product-detail/C40875854.html,"Inductor 23nH 2% 400mA 0402 Ceramic Core Chip Inductors, Coilcraft 0402CS-23NXGRW (Pre-Flight, LCSC Extended)",inductor 23nH 0402 coilcraft coilcraft ceramic core pre-flight rf/filtering,2,0.8557
L 24nH 0402CS 2% Coilcraft,24nH,C40167245,Extended,0402CS-24NXGRW,Coilcraft,Coilcraft Ceramic Core,0402,2%,,,,400mA,,300mΩ,,E24,Pre-Flight,RF/Filtering,Device:L,Inductor_SMD:L_0402_1005Metric,https://www.coilcraft.com/en-us/products/rf/ceramic-core-chip-inductors/,https://www.lcsc.com/product-detail/C40167245.html,"Inductor 24nH 2% 400mA 0402 Ceramic Core Chip Inductors, Coilcraft 0402CS-24NXGRW (Pre-Flight, LCSC Extended)",inductor 24nH 0402 coilcraft coilcraft ceramic core pre-flight rf/filtering,50,0.8557
L 24nH 0402DC 2% Coilcraft,24nH,C3223970,Extended,0402DC-24NXGRW,Coilcraft,Coilcraft Ceramic Core,0402,2%,,,,960mA,,185mΩ,,E24,Pre-Flight,RF/Filtering,Device:L,Inductor_SMD:L_0402_1005Metric,https://wmsc.lcsc.com/wmsc/upload/file/pdf/v2/lcsc/2404021303_Coilcraft-0402DC-24NXGRW_C3223970.pdf,https://www.lcsc.com/product-detail/power-inductors_coilcraft-0402dc-24nxgrw_C3223970.html,"Inductor 24nH 2% 960mA 0402 Ceramic Core Chip Inductors, Coilcraft 0402DC-24NXGRW (Pre-Flight, LCSC Extended)",inductor 24nH 0402 coilcraft coilcraft ceramic core pre-flight rf/filtering,10,3.4763
L 27nH 0402CS 2% Coilcraft,27nH,C43818909,Extended,0402CS-27NXGRW,Coilcraft,Coilcraft Ceramic Core,0402,2%,,,,400mA,,300mΩ,,E24,Pre-Flight,RF/Filtering,Device:L,Inductor_SMD:L_0402_1005Metric,https://www.coilcraft.com/en-us/products/rf/ceramic-core-chip-inductors/,https://www.lcsc.com/product-detail/C43818909.html,"Inductor 27nH 2% 400mA 0402 Ceramic Core Chip Inductors, Coilcraft 0402CS-27NXGRW (Pre-Flight, LCSC Extended)",inductor 27nH 0402 coilcraft coilcraft ceramic core pre-flight rf/filtering,14,0.8557
L 27nH 0402DC 5% Coilcraft,27nH,C3223720,Extended,0402DC-27NXJRW,Coilcraft,Coilcraft Ceramic Core,0402,5%,,,,920mA,,192.9mΩ,,E24,Pre-Flight,RF/Filtering,Device:L,Inductor_SMD:L_0402_1005Metric,https://wmsc.lcsc.com/wmsc/upload/file/pdf/v2/lcsc/2404021302_Coilcraft-0402DC-27NXJRW_C3223720.pdf,https://www.lcsc.com/product-detail/power-inductors_coilcraft-0402dc-27nxjrw_C3223720.html,"Inductor 27nH 5% 920mA 0402 Ceramic Core Chip Inductors, Coilcraft 0402DC-27NXJRW (Pre-Flight, LCSC Extended)",inductor 27nH 0402 coilcraft coilcraft ceramic core pre-flight rf/filtering,11,0.5873
L 30nH 0402CS 2% Coilcraft,30nH,C49203394,Extended,0402CS-30NXGLW,Coilcraft,Coilcraft Ceramic Core,0402,2%,,,,400mA,,300mΩ,,E24,Pre-Flight,RF/Filtering,Device:L,Inductor_SMD:L_0402_1005Metric,https://www.coilcraft.com/en-us/products/rf/ceramic-core-chip-inductors/,https://www.lcsc.com/product-detail/C49203394.html,"Inductor 30nH 2% 400mA 0402 Ceramic Core Chip Inductors, Coilcraft 0402CS-30NXGLW (Pre-Flight, LCSC Extended)",inductor 30nH 0402 coilcraft coilcraft ceramic core pre-flight rf/filtering,46,0.7142
L 33nH 0402CS 5% Coilcraft,33nH,C38348863,Extended,0402CS-33NXJRW,Coilcraft,Coilcraft Ceramic Core,0402,5%,,,,400mA,,300mΩ,,E24,Pre-Flight,RF/Filtering,Device:L,Inductor_SMD:L_0402_1005Metric,https://www.coilcraft.com/en-us/products/rf/ceramic-core-chip-inductors/,https://www.lcsc.com/product-detail/C38348863.html,"Inductor 33nH 5% 400mA 0402 Ceramic Core Chip Inductors, Coilcraft 0402CS-33NXJRW (Pre-Flight, LCSC Extended)",inductor 33nH 0402 coilcraft coilcraft ceramic core pre-flight rf/filtering,1,0.5043
L 36nH 0402CS 2% Coilcraft,36nH,C40000998,Extended,0402CS-36NXGRW,Coilcraft,Coilcraft Ceramic Core,0402,2%,,,,320mA,,440mΩ,,E24,Pre-Flight,RF/Filtering,Device:L,Inductor_SMD:L_0402_1005Metric,https://www.coilcraft.com/en-us/products/rf/ceramic-core-chip-inductors/,https://www.lcsc.com/product-detail/C40000998.html,"Inductor 36nH 2% 320mA 0402 Ceramic Core Chip Inductors, Coilcraft 0402CS-36NXGRW (Pre-Flight, LCSC Extended)",inductor 36nH 0402 coilcraft coilcraft ceramic core pre-flight rf/filtering,10,0.8557
L 36nH 0402DC 2% Coilcraft,36nH,C3221590,Extended,0402DC-36NXGRW,Coilcraft,Coilcraft Ceramic Core,0402,2%,,,,700mA,,320mΩ,,E24,Pre-Flight,RF/Filtering,Device:L,Inductor_SMD:L_0402_1005Metric,https://wmsc.lcsc.com/wmsc/upload/file/pdf/v2/lcsc/2404021251_Coilcraft-0402DC-36NXGRW_C3221590.pdf,https://www.lcsc.com/product-detail/power-inductors_coilcraft-0402dc-36nxgrw_C3221590.html,"Inductor 36nH 2% 700mA 0402 Ceramic Core Chip Inductors, Coilcraft 0402DC-36NXGRW (Pre-Flight, LCSC Extended)",inductor 36nH 0402 coilcraft coilcraft ceramic core pre-flight rf/filtering,5,0.7174
L 36nH 0402DC 5% Coilcraft,36nH,C3223246,Extended,0402DC-36NXJRW,Coilcraft,Coilcraft Ceramic Core,0402,5%,,,,700mA,,320mΩ,,E24,Pre-Flight,RF/Filtering,Device:L,Inductor_SMD:L_0402_1005Metric,https://wmsc.lcsc.com/wmsc/upload/file/pdf/v2/lcsc/2404021300_Coilcraft-0402DC-36NXJRW_C3223246.pdf,https://www.lcsc.com/product-detail/power-inductors_coilcraft-0402dc-36nxjrw_C3223246.html,"Inductor 36nH 5% 700mA 0402 Ceramic Core Chip Inductors, Coilcraft 0402DC-36NXJRW (Pre-Flight, LCSC Extended)",inductor 36nH 0402 coilcraft coilcraft ceramic core pre-flight rf/filtering,70,1.6642
L 39nH 0402CS 2% Coilcraft,39nH,C40399699,Extended,0402CS-39NXGRW,Coilcraft,Coilcraft Ceramic Core,0402,2%,,,,200mA,,550mΩ,,E24,Pre-Flight,RF/Filtering,Device:L,Inductor_SMD:L_0402_1005Metric,https://www.coilcraft.com/en-us/products/rf/ceramic-core-chip-inductors/,https://www.lcsc.com/product-detail/C40399699.html,"Inductor 39nH 2% 200mA 0402 Ceramic Core Chip Inductors, Coilcraft 0402CS-39NXGRW (Pre-Flight, LCSC Extended)",inductor 39nH 0402 coilcraft coilcraft ceramic core pre-flight rf/filtering,602,2.1798
L 39nH 0402DC 5% Coilcraft,39nH,C3221429,Extended,0402DC-39NXJRW,Coilcraft,Coilcraft Ceramic Core,0402,5%,,,,670mA,,375mΩ,,E24,Pre-Flight,RF/Filtering,Device:L,Inductor_SMD:L_0402_1005Metric,https://wmsc.lcsc.com/wmsc/upload/file/pdf/v2/lcsc/2404021250_Coilcraft-0402DC-39NXJRW_C3221429.pdf,https://www.lcsc.com/product-detail/power-inductors_coilcraft-0402dc-39nxjrw_C3221429.html,"Inductor 39nH 5% 670mA 0402 Ceramic Core Chip Inductors, Coilcraft 0402DC-39NXJRW (Pre-Flight, LCSC Extended)",inductor 39nH 0402 coilcraft coilcraft ceramic core pre-flight rf/filtering,4,1.1696
L 40nH 0402CS 2% Coilcraft,40nH,C40988770,Extended,0402CS-40NXGRW,Coilcraft,Coilcraft Ceramic Core,0402,2%,,,,320mA,,440mΩ,,OTHER,Pre-Flight,RF/Filtering,Device:L,Inductor_SMD:L_0402_1005Metric,https://www.coilcraft.com/en-us/products/rf/ceramic-core-chip-inductors/,https://www.lcsc.com/product-detail/C40988770.html,"Inductor 40nH 2% 320mA 0402 Ceramic Core Chip Inductors, Coilcraft 0402CS-40NXGRW (Pre-Flight, LCSC Extended)",inductor 40nH 0402 coilcraft coilcraft ceramic core pre-flight rf/filtering,77,0.7711
L 47nH 0402CS 2% Coilcraft,47nH,C40325065,Extended,0402CS-47NXGRW,Coilcraft,Coilcraft Ceramic Core,0402,2%,,,,150mA,,830mΩ,,E24,Pre-Flight,RF/Filtering,Device:L,Inductor_SMD:L_0402_1005Metric,https://www.coilcraft.com/en-us/products/rf/ceramic-core-chip-inductors/,https://www.lcsc.com/product-detail/C40325065.html,"Inductor 47nH 2% 150mA 0402 Ceramic Core Chip Inductors, Coilcraft 0402CS-47NXGRW (Pre-Flight, LCSC Extended)",inductor 47nH 0402 coilcraft coilcraft ceramic core pre-flight rf/filtering,489,0.8671
L 47nH 0402DC 5% Coilcraft,47nH,C3221702,Extended,0402DC-47NXJRW,Coilcraft,Coilcraft Ceramic Core,0402,5%,,,,640mA,,427mΩ,,E24,Pre-Flight,RF/Filtering,Device:L,Inductor_SMD:L_0402_1005Metric,https://www.coilcraft.com/en-us/products/rf/ceramic-core-chip-inductors/,https://www.lcsc.com/product-detail/C3221702.html,"Inductor 47nH 5% 640mA 0402 Ceramic Core Chip Inductors, Coilcraft 0402DC-47NXJRW (Pre-Flight, LCSC Extended)",inductor 47nH 0402 coilcraft coilcraft ceramic core pre-flight rf/filtering,16,0.6149
L 51nH 0402CS 2% Coilcraft,51nH,C40409732,Extended,0402CS-51NXGLW,Coilcraft,Coilcraft Ceramic Core,0402,2%,,,,100mA,,820mΩ,,E24,Pre-Flight,RF/Filtering,Device:L,Inductor_SMD:L_0402_1005Metric,https://www.coilcraft.com/en-us/products/rf/ceramic-core-chip-inductors/,https://www.lcsc.com/product-detail/C40409732.html,"Inductor 51nH 2% 100mA 0402 Ceramic Core Chip Inductors, Coilcraft 0402CS-51NXGLW (Pre-Flight, LCSC Extended)",inductor 51nH 0402 coilcraft coilcraft ceramic core pre-flight rf/filtering,71,0.7044
L 56nH 0402DC 2% Coilcraft,56nH,C3223663,Extended,0402DC-56NXGRW,Coilcraft,Coilcraft Ceramic Core,0402,2%,,,,460mA,,690mΩ,,E24,Pre-Flight,RF/Filtering,Device:L,Inductor_SMD:L_0402_1005Metric,https://wmsc.lcsc.com/wmsc/upload/file/pdf/v2/lcsc/2404021301_Coilcraft-0402DC-56NXGRW_C3223663.pdf,https://www.lcsc.com/product-detail/power-inductors_coilcraft-0402dc-56nxgrw_C3223663.html,"Inductor 56nH 2% 460mA 0402 Ceramic Core Chip Inductors, Coilcraft 0402DC-56NXGRW (Pre-Flight, LCSC Extended)",inductor 56nH 0402 coilcraft coilcraft ceramic core pre-flight rf/filtering,32,2.2302
L 68nH 0402CS 2% Coilcraft,68nH,C20623524,Extended,0402CS-68NXGLW,Coilcraft,Coilcraft Ceramic Core,0402,2%,,,,100mA,,1.12Ω,,E24,Pre-Flight,RF/Filtering,Device:L,Inductor_SMD:L_0402_1005Metric,https://wmsc.lcsc.com/wmsc/upload/file/pdf/v2/lcsc/2402231753_Coilcraft-0402CS-68NXGLW_C20623524.pdf,https://www.lcsc.com/product-detail/inductors-smd_coilcraft-0402cs-68nxglw_C20623524.html,"Inductor 68nH 2% 100mA 0402 Ceramic Core Chip Inductors, Coilcraft 0402CS-68NXGLW (Pre-Flight, LCSC Extended)",inductor 68nH 0402 coilcraft coilcraft ceramic core pre-flight rf/filtering,90,0.7223
L 68nH 0402DC 5% Coilcraft,68nH,C3221883,Extended,0402DC-68NXJRW,Coilcraft,Coilcraft Ceramic Core,0402,5%,,,,400mA,,943mΩ,,E24,Pre-Flight,RF/Filtering,Device:L,Inductor_SMD:L_0402_1005Metric,https://wmsc.lcsc.com/wmsc/upload/file/pdf/v2/lcsc/2404021252_Coilcraft-0402DC-68NXJRW_C3221883.pdf,https://www.lcsc.com/product-detail/power-inductors_coilcraft-0402dc-68nxjrw_C3221883.html,"Inductor 68nH 5% 400mA 0402 Ceramic Core Chip Inductors, Coilcraft 0402DC-68NXJRW (Pre-Flight, LCSC Extended)",inductor 68nH 0402 coilcraft coilcraft ceramic core pre-flight rf/filtering,21,1.0297
L 82nH 0402DC 5% Coilcraft,82nH,C3222196,Extended,0402DC-82NXJRW,Coilcraft,Coilcraft Ceramic Core,0402,5%,,,,370mA,,1.057Ω,,E24,Pre-Flight,RF/Filtering,Device:L,Inductor_SMD:L_0402_1005Metric,https://wmsc.lcsc.com/wmsc/upload/file/pdf/v2/lcsc/2404021254_Coilcraft-0402DC-82NXJRW_C3222196.pdf,https://www.lcsc.com/product-detail/power-inductors_coilcraft-0402dc-82nxjrw_C3222196.html,"Inductor 82nH 5% 370mA 0402 Ceramic Core Chip Inductors, Coilcraft 0402DC-82NXJRW (Pre-Flight, LCSC Extended)",inductor 82nH 0402 coilcraft coilcraft ceramic core pre-flight rf/filtering,50,0.7825
L 100nH 0402CS 2% Coilcraft,100nH,C41064064,Extended,0402CS-R10XGRW,Coilcraft,Coilcraft Ceramic Core,0402,2%,,,,30mA,,2Ω,,E24,Pre-Flight,RF/Filtering,Device:L,Inductor_SMD:L_0402_1005Metric,https://www.coilcraft.com/en-us/products/rf/ceramic-core-chip-inductors/,https://www.lcsc.com/product-detail/C41064064.html,"Inductor 100nH 2% 30mA 0402 Ceramic Core Chip Inductors, Coilcraft 0402CS-R10XGRW (Pre-Flight, LCSC Extended)",inductor 100nH 0402 coilcraft coilcraft ceramic core pre-flight rf/filtering,37,1.3714
L 100nH 0402CS 5% Coilcraft,100nH,C38947152,Extended,0402CS-R10XJRW,Coilcraft,Coilcraft Ceramic Core,0402,5%,,,,30mA,,2Ω,,E24,Pre-Flight,RF/Filtering,Device:L,Inductor_SMD:L_0402_1005Metric,https://www.coilcraft.com/en-us/products/rf/ceramic-core-chip-inductors/,https://www.lcsc.com/product-detail/C38947152.html,"Inductor 100nH 5% 30mA 0402 Ceramic Core Chip Inductors, Coilcraft 0402CS-R10XJRW (Pre-Flight, LCSC Extended)",inductor 100nH 0402 coilcraft coilcraft ceramic core pre-flight rf/filtering,38,1.0021
L 820nH 0402HL 5% Coilcraft,820nH,C22410852,Extended,0402HL-821XJRW,Coilcraft,Coilcraft Ceramic Core,0402,5%,,,,90mA,,5.85Ω,,E24,Pre-Flight,RF/Filtering,Device:L,Inductor_SMD:L_0402_1005Metric,https://www.coilcraft.com/en-us/products/rf/ceramic-core-chip-inductors/,https://www.lcsc.com/product-detail/C22410852.html,"Inductor 820nH 5% 90mA 0402 Ceramic Core Chip Inductors, Coilcraft 0402HL-821XJRW (Pre-Flight, LCSC Extended)",inductor 820nH 0402 coilcraft coilcraft ceramic core pre-flight rf/filtering,5,0.7125
L 1.8nH 0603HP 5% Coilcraft,1.8nH,C22409843,Extended,0603HP-1N8XJLW,Coilcraft,Coilcraft Ceramic Core,0603,5%,,,,2.1A,,0.033mΩ,,E24,Pre-Flight,RF/Filtering,Device:L,Inductor_SMD:L_0603_1608Metric,https://www.coilcraft.com/en-us/products/rf/ceramic-core-chip-inductors/,https://www.lcsc.com/product-detail/C22409843.html,"Inductor 1.8nH 5% 2.1A 0603 Ceramic Core Chip Inductors, Coilcraft 0603HP-1N8XJLW (Pre-Flight, LCSC Extended)",inductor 1.8nH 0603 coilcraft coilcraft ceramic core pre-flight rf/filtering,68,1.2412
L 2.7nH 0603DC 5% Coilcraft,2.7nH,C3224458,Extended,0603DC-2N7XJRW,Coilcraft,Coilcraft Ceramic Core,0603,5%,,,,3.34A,,29mΩ,,E24,Pre-Flight,RF/Filtering,Device:L,Inductor_SMD:L_0603_1608Metric,https://wmsc.lcsc.com/wmsc/upload/file/pdf/v2/lcsc/2404021305_Coilcraft-0603DC-2N7XJRW_C3224458.pdf,https://www.lcsc.com/product-detail/power-inductors_coilcraft-0603dc-2n7xjrw_C3224458.html,"Inductor 2.7nH 5% 3.34A 0603 Ceramic Core Chip Inductors, Coilcraft 0603DC-2N7XJRW (Pre-Flight, LCSC Extended)",inductor 2.7nH 0603 coilcraft coilcraft ceramic core pre-flight rf/filtering,44,0.571
L 3nH 0603CT 2% Coilcraft,3nH,C41050064,Extended,0603CT-3N0XGRW,Coilcraft,Coilcraft Ceramic Core,0603,2%,,,,1.6A,,39mΩ,,E24,Pre-Flight,RF/Filtering,Device:L,Inductor_SMD:L_0603_1608Metric,https://www.coilcraft.com/en-us/products/rf/ceramic-core-chip-inductors/,https://www.lcsc.com/product-detail/C41050064.html,"Inductor 3nH 2% 1.6A 0603 Ceramic Core Chip Inductors, Coilcraft 0603CT-3N0XGRW (Pre-Flight, LCSC Extended)",inductor 3nH 0603 coilcraft coilcraft ceramic core pre-flight rf/filtering,43,0.8394
L 3nH 0603CT 5% Coilcraft,3nH,C22402488,Extended,0603CT-3N0XJRW,Coilcraft,Coilcraft Ceramic Core,0603,5%,,,,1.6A,,39mΩ,,E24,Pre-Flight,RF/Filtering,Device:L,Inductor_SMD:L_0603_1608Metric,https://www.coilcraft.com/en-us/products/rf/ceramic-core-chip-inductors/,https://www.lcsc.com/product-detail/C22402488.html,"Inductor 3nH 5% 1.6A 0603 Ceramic Core Chip Inductors, Coilcraft 0603CT-3N0XJRW (Pre-Flight, LCSC Extended)",inductor 3nH 0603 coilcraft coilcraft ceramic core pre-flight rf/filtering,10,2.1229
L 3.3nH 0603CT 2% Coilcraft,3.3nH,C41065559,Extended,0603CT-3N3XGRW,Coilcraft,Coilcraft Ceramic Core,0603,2%,,,,1.6A,,39mΩ,,E24,Pre-Flight,RF/Filtering,Device:L,Inductor_SMD:L_0603_1608Metric,https://www.coilcraft.com/en-us/products/rf/ceramic-core-chip-inductors/,https://www.lcsc.com/product-detail/C41065559.html,"Inductor 3.3nH 2% 1.6A 0603 Ceramic Core Chip Inductors, Coilcraft 0603CT-3N3XGRW (Pre-Flight, LCSC Extended)",inductor 3.3nH 0603 coilcraft coilcraft ceramic core pre-flight rf/filtering,49,0.7044
L 3.9nH 0603DC 2% Coilcraft,3.9nH,C5466054,Extended,0603DC-3N9XGRW,Coilcraft,Coilcraft Ceramic Core,0603,2%,,,,2.8A,,40mΩ,,E24,Pre-Flight,RF/Filtering,Device:L,Inductor_SMD:L_0603_1608Metric,https://www.coilcraft.com/en-us/products/rf/ceramic-core-chip-inductors/,https://www.lcsc.com/product-detail/power-inductors_coilcraft-0603dc-3n9xgrw_C5466054.html,"Inductor 3.9nH 2% 2.8A 0603 Ceramic Core Chip Inductors, Coilcraft 0603DC-3N9XGRW (Pre-Flight, LCSC Extended)",inductor 3.9nH 0603 coilcraft coilcraft ceramic core pre-flight rf/filtering,92,0.5905
L 3.9nH 0603HP 2% Coilcraft,3.9nH,C39733416,Extended,0603HP-3N9XGLW,Coilcraft,Coilcraft Ceramic Core,0603,2%,,,,1.6A,,39mΩ,,E24,Pre-Flight,RF/Filtering,Device:L,Inductor_SMD:L_0603_1608Metric,https://www.coilcraft.com/en-us/products/rf/ceramic-core-chip-inductors/,https://www.lcsc.com/product-detail/C39733416.html,"Inductor 3.9nH 2% 1.6A 0603 Ceramic Core Chip Inductors, Coilcraft 0603HP-3N9XGLW (Pre-Flight, LCSC Extended)",inductor 3.9nH 0603 coilcraft coilcraft ceramic core pre-flight rf/filtering,45,0.6914
L 3.9nH 0603DC 5% Coilcraft,3.9nH,C3223592,Extended,0603DC-3N9XJRW,Coilcraft,Coilcraft Ceramic Core,0603,5%,,,,2.8A,,40mΩ,,E24,Pre-Flight,RF/Filtering,Device:L,Inductor_SMD:L_0603_1608Metric,https://wmsc.lcsc.com/wmsc/upload/file/pdf/v2/lcsc/2404021301_Coilcraft-0603DC-3N9XJRW_C3223592.pdf,https://www.lcsc.com/product-detail/power-inductors_coilcraft-0603dc-3n9xjrw_C3223592.html,"Inductor 3.9nH 5% 2.8A 0603 Ceramic Core Chip Inductors, Coilcraft 0603DC-3N9XJRW (Pre-Flight, LCSC Extended)",inductor 3.9nH 0603 coilcraft coilcraft ceramic core pre-flight rf/filtering,18,0.5678
L 6.2nH 0603DC 5% Coilcraft,6.2nH,C3222796,Extended,0603DC-6N2XJRW,Coilcraft,Coilcraft Ceramic Core,0603,5%,,,,2.58A,,48mΩ,,E24,Pre-Flight,RF/Filtering,Device:L,Inductor_SMD:L_0603_1608Metric,https://www.coilcraft.com/en-us/products/rf/ceramic-core-chip-inductors/,https://www.lcsc.com/product-detail/C3222796.html,"Inductor 6.2nH 5% 2.58A 0603 Ceramic Core Chip Inductors, Coilcraft 0603DC-6N2XJRW (Pre-Flight, LCSC Extended)",inductor 6.2nH 0603 coilcraft coilcraft ceramic core pre-flight rf/filtering,100,1.0607
L 6.8nH 0603CT 2% Coilcraft,6.8nH,C46470444,Extended,0603CT-6N8XGRW,Coilcraft,Coilcraft Ceramic Core,0603,2%,,,,1.2A,,80mΩ,,E24,Pre-Flight,RF/Filtering,Device:L,Inductor_SMD:L_0603_1608Metric,https://www.coilcraft.com/en-us/products/rf/ceramic-core-chip-inductors/,https://www.lcsc.com/product-detail/C46470444.html,"Inductor 6.8nH 2% 1.2A 0603 Ceramic Core Chip Inductors, Coilcraft 0603CT-6N8XGRW (Pre-Flight, LCSC Extended)",inductor 6.8nH 0603 coilcraft coilcraft ceramic core pre-flight rf/filtering,10,0.7418
L 6.8nH 0603HP 2% Coilcraft,6.8nH,C22410373,Extended,0603HP-6N8XGLW,Coilcraft,Coilcraft Ceramic Core,0603,2%,,,,1.4A,,42mΩ,,E24,Pre-Flight,RF/Filtering,Device:L,Inductor_SMD:L_0603_1608Metric,https://www.coilcraft.com/en-us/products/rf/ceramic-core-chip-inductors/,https://www.lcsc.com/product-detail/C22410373.html,"Inductor 6.8nH 2% 1.4A 0603 Ceramic Core Chip Inductors, Coilcraft 0603HP-6N8XGLW (Pre-Flight, LCSC Extended)",inductor 6.8nH 0603 coilcraft coilcraft ceramic core pre-flight rf/filtering,285,1.4397
L 6.8nH 0603DC 5% Coilcraft,6.8nH,C3222983,Extended,0603DC-6N8XJRW,Coilcraft,Coilcraft Ceramic Core,0603,5%,,,,2.58A,,48mΩ,,E24,Pre-Flight,RF/Filtering,Device:L,Inductor_SMD:L_0603_1608Metric,https://wmsc.lcsc.com/wmsc/upload/file/pdf/v2/lcsc/2404021258_Coilcraft-0603DC-6N8XJRW_C3222983.pdf,https://www.lcsc.com/product-detail/power-inductors_coilcraft-0603dc-6n8xjrw_C3222983.html,"Inductor 6.8nH 5% 2.58A 0603 Ceramic Core Chip Inductors, Coilcraft 0603DC-6N8XJRW (Pre-Flight, LCSC Extended)",inductor 6.8nH 0603 coilcraft coilcraft ceramic core pre-flight rf/filtering,76,1.5454
L 7.5nH 0603CS 2% Coilcraft,7.5nH,C40457537,Extended,0603CS-7N5XGLW,Coilcraft,Coilcraft Ceramic Core,0603,2%,,,,700mA,,106mΩ,,E24,Pre-Flight,RF/Filtering,Device:L,Inductor_SMD:L_0603_1608Metric,https://www.coilcraft.com/en-us/products/rf/ceramic-core-chip-inductors/,https://www.lcsc.com/product-detail/C40457537.html,"Inductor 7.5nH 2% 700mA 0603 Ceramic Core Chip Inductors, Coilcraft 0603CS-7N5XGLW (Pre-Flight, LCSC Extended)",inductor 7.5nH 0603 coilcraft coilcraft ceramic core pre-flight rf/filtering,68,1.0655
L 8.2nH 0603DC 5% Coilcraft,8.2nH,C3222104,Extended,0603DC-8N2XJRW,Coilcraft,Coilcraft Ceramic Core,0603,5%,,,,2.45A,,53mΩ,,E24,Pre-Flight,RF/Filtering,Device:L,Inductor_SMD:L_0603_1608Metric,https://wmsc.lcsc.com/wmsc/upload/file/pdf/v2/lcsc/2404021254_Coilcraft-0603DC-8N2XJRW_C3222104.pdf,https://www.lcsc.com/product-detail/power-inductors_coilcraft-0603dc-8n2xjrw_C3222104.html,"Inductor 8.2nH 5% 2.45A 0603 Ceramic Core Chip Inductors, Coilcraft 0603DC-8N2XJRW (Pre-Flight, LCSC Extended)",inductor 8.2nH 0603 coilcraft coilcraft ceramic core pre-flight rf/filtering,134,0.9191
L 9.1nH 0603HP 2% Coilcraft,9.1nH,C22410522,Extended,0603HP-9N1XGLW,Coilcraft,Coilcraft Ceramic Core,0603,2%,,,,1.4A,,37mΩ,,E24,Pre-Flight,RF/Filtering,Device:L,Inductor_SMD:L_0603_1608Metric,https://www.coilcraft.com/en-us/products/rf/ceramic-core-chip-inductors/,https://www.lcsc.com/product-detail/C22410522.html,"Inductor 9.1nH 2% 1.4A 0603 Ceramic Core Chip Inductors, Coilcraft 0603HP-9N1XGLW (Pre-Flight, LCSC Extended)",inductor 9.1nH 0603 coilcraft coilcraft ceramic core pre-flight rf/filtering,6,1.4185
L 9.1nH 0603DC 5% Coilcraft,9.1nH,C3221231,Extended,0603DC-9N1XJRW,Coilcraft,Coilcraft Ceramic Core,0603,5%,,,,2.26A,,60mΩ,,E24,Pre-Flight,RF/Filtering,Device:L,Inductor_SMD:L_0603_1608Metric,https://wmsc.lcsc.com/wmsc/upload/file/pdf/v2/lcsc/2404021249_Coilcraft-0603DC-9N1XJRW_C3221231.pdf,https://www.lcsc.com/product-detail/power-inductors_coilcraft-0603dc-9n1xjrw_C3221231.html,"Inductor 9.1nH 5% 2.26A 0603 Ceramic Core Chip Inductors, Coilcraft 0603DC-9N1XJRW (Pre-Flight, LCSC Extended)",inductor 9.1nH 0603 coilcraft coilcraft ceramic core pre-flight rf/filtering,59,0.4962
L 10nH 0603DC 2% Coilcraft,10nH,C3220902,Extended,0603DC-10NXGRW,Coilcraft,Coilcraft Ceramic Core,0603,2%,,,,2.26A,,60mΩ,,E24,Pre-Flight,RF/Filtering,Device:L,Inductor_SMD:L_0603_1608Metric,https://wmsc.lcsc.com/wmsc/upload/file/pdf/v2/lcsc/2404021247_Coilcraft-0603DC-10NXGRW_C3220902.pdf,https://www.lcsc.com/product-detail/power-inductors_coilcraft-0603dc-10nxgrw_C3220902.html,"Inductor 10nH 2% 2.26A 0603 Ceramic Core Chip Inductors, Coilcraft 0603DC-10NXGRW (Pre-Flight, LCSC Extended)",inductor 10nH 0603 coilcraft coilcraft ceramic core pre-flight rf/filtering,14,0.4279
L 10nH 0603CS 5% Coilcraft,10nH,C40784427,Extended,0603CS-10NXJRW,Coilcraft,Coilcraft Ceramic Core,0603,5%,,,,700mA,,130mΩ,,E24,Pre-Flight,RF/Filtering,Device:L,Inductor_SMD:L_0603_1608Metric,https://www.coilcraft.com/en-us/products/rf/ceramic-core-chip-inductors/,https://www.lcsc.com/product-detail/C40784427.html,"Inductor 10nH 5% 700mA 0603 Ceramic Core Chip Inductors, Coilcraft 0603CS-10NXJRW (Pre-Flight, LCSC Extended)",inductor 10nH 0603 coilcraft coilcraft ceramic core pre-flight rf/filtering,24,0.5141
L 10nH 0603DC 5% Coilcraft,10nH,C3224475,Extended,0603DC-10NXJRW,Coilcraft,Coilcraft Ceramic Core,0603,5%,,,,2.26A,,60mΩ,,E24,Pre-Flight,RF/Filtering,Device:L,Inductor_SMD:L_0603_1608Metric,https://wmsc.lcsc.com/wmsc/upload/file/pdf/v2/lcsc/2404021306_Coilcraft-0603DC-10NXJRW_C3224475.pdf,https://www.lcsc.com/product-detail/power-inductors_coilcraft-0603dc-10nxjrw_C3224475.html,"Inductor 10nH 5% 2.26A 0603 Ceramic Core Chip Inductors, Coilcraft 0603DC-10NXJRW (Pre-Flight, LCSC Extended)",inductor 10nH 0603 coilcraft coilcraft ceramic core pre-flight rf/filtering,68,1.2412
L 10nH 0603HC 5% Coilcraft,10nH,C5441636,Extended,0603HC-10NXJLW,Coilcraft,Coilcraft Ceramic Core,0603,5%,,,,2A,,71mΩ,,E24,Pre-Flight,RF/Filtering,Device:L,Inductor_SMD:L_0603_1608Metric,https://www.coilcraft.com/en-us/products/rf/ceramic-core-chip-inductors/,https://www.lcsc.com/product-detail/C5441636.html,"Inductor 10nH 5% 2A 0603 Ceramic Core Chip Inductors, Coilcraft 0603HC-10NXJLW (Pre-Flight, LCSC Extended)",inductor 10nH 0603 coilcraft coilcraft ceramic core pre-flight rf/filtering,125,1.0379
L 11nH 0603HP 2% Coilcraft,11nH,C22410303,Extended,0603HP-11NXGLW,Coilcraft,Coilcraft Ceramic Core,0603,2%,,,,1.4A,,58mΩ,,E24,Pre-Flight,RF/Filtering,Device:L,Inductor_SMD:L_0603_1608Metric,https://www.coilcraft.com/en-us/products/rf/ceramic-core-chip-inductors/,https://www.lcsc.com/product-detail/C22410303.html,"Inductor 11nH 2% 1.4A 0603 Ceramic Core Chip Inductors, Coilcraft 0603HP-11NXGLW (Pre-Flight, LCSC Extended)",inductor 11nH 0603 coilcraft coilcraft ceramic core pre-flight rf/filtering,169,0.7418
L 11nH 0603CS 5% Coilcraft,11nH,C41292351,Extended,0603CS-11NXJRW,Coilcraft,Coilcraft Ceramic Core,0603,5%,,,,700mA,,130mΩ,,E24,Pre-Flight,RF/Filtering,Device:L,Inductor_SMD:L_0603_1608Metric,https://www.coilcraft.com/en-us/products/rf/ceramic-core-chip-inductors/,https://www.lcsc.com/product-detail/C41292351.html,"Inductor 11nH 5% 700mA 0603 Ceramic Core Chip Inductors, Coilcraft 0603CS-11NXJRW (Pre-Flight, LCSC Extended)",inductor 11nH 0603 coilcraft coilcraft ceramic core pre-flight rf/filtering,58,0.571
L 12nH 0603CT 5% Coilcraft,12nH,C50132509,Extended,0603CT-12NXJRW,Coilcraft,Coilcraft Ceramic Core,0603,5%,,,,920mA,,130mΩ,,E24,Pre-Flight,RF/Filtering,Device:L,Inductor_SMD:L_0603_1608Metric,https://www.coilcraft.com/en-us/products/rf/ceramic-core-chip-inductors/,https://www.lcsc.com/product-detail/C50132509.html,"Inductor 12nH 5% 920mA 0603 Ceramic Core Chip Inductors, Coilcraft 0603CT-12NXJRW (Pre-Flight, LCSC Extended)",inductor 12nH 0603 coilcraft coilcraft ceramic core pre-flight rf/filtering,2,0.7125
L 15nH 0603CS 2% Coilcraft,15nH,C43824819,Extended,0603CS-15NXGRW,Coilcraft,Coilcraft Ceramic Core,0603,2%,,,,700mA,,170mΩ,,E24,Pre-Flight,RF/Filtering,Device:L,Inductor_SMD:L_0603_1608Metric,https://www.coilcraft.com/en-us/products/rf/ceramic-core-chip-inductors/,https://www.lcsc.com/product-detail/C43824819.html,"Inductor 15nH 2% 700mA 0603 Ceramic Core Chip Inductors, Coilcraft 0603CS-15NXGRW (Pre-Flight, LCSC Extended)",inductor 15nH 0603 coilcraft coilcraft ceramic core pre-flight rf/filtering,39,0.5157
L 15nH 0603DC 2% Coilcraft,15nH,C3221837,Extended,0603DC-15NXGRW,Coilcraft,Coilcraft Ceramic Core,0603,2%,,,,2.04A,,74mΩ,,E24,Pre-Flight,RF/Filtering,Device:L,Inductor_SMD:L_0603_1608Metric,https://wmsc.lcsc.com/wmsc/upload/file/pdf/v2/lcsc/2404021252_Coilcraft-0603DC-15NXGRW_C3221837.pdf,https://www.lcsc.com/product-detail/power-inductors_coilcraft-0603dc-15nxgrw_C3221837.html,"Inductor 15nH 2% 2.04A 0603 Ceramic Core Chip Inductors, Coilcraft 0603DC-15NXGRW (Pre-Flight, LCSC Extended)",inductor 15nH 0603 coilcraft coilcraft ceramic core pre-flight rf/filtering,5,1.2412
L 15nH 0603HP 2% Coilcraft,15nH,C41016610,Extended,0603HP-15NXGRW,Coilcraft,Coilcraft Ceramic Core,0603,2%,,,,1.2A,,78mΩ,,E24,Pre-Flight,RF/Filtering,Device:L,Inductor_SMD:L_0603_1608Metric,https://www.coilcraft.com/en-us/products/rf/ceramic-core-chip-inductors/,https://www.lcsc.com/product-detail/C41016610.html,"Inductor 15nH 2% 1.2A 0603 Ceramic Core Chip Inductors, Coilcraft 0603HP-15NXGRW (Pre-Flight, LCSC Extended)",inductor 15nH 0603 coilcraft coilcraft ceramic core pre-flight rf/filtering,5,0.7581
L 15nH 0603DC 5% Coilcraft,15nH,C3223638,Extended,0603DC-15NXJRW,Coilcraft,Coilcraft Ceramic Core,0603,5%,,,,2.04A,,47mΩ,,E24,Pre-Flight,RF/Filtering,Device:L,Inductor_SMD:L_0603_1608Metric,https://wmsc.lcsc.com/wmsc/upload/file/pdf/v2/lcsc/2404021301_Coilcraft-0603DC-15NXJRW_C3223638.pdf,https://www.lcsc.com/product-detail/power-inductors_coilcraft-0603dc-15nxjrw_C3223638.html,"Inductor 15nH 5% 2.04A 0603 Ceramic Core Chip Inductors, Coilcraft 0603DC-15NXJRW (Pre-Flight, LCSC Extended)",inductor 15nH 0603 coilcraft coilcraft ceramic core pre-flight rf/filtering,116,1.0867
L 16nH 0603DC 5% Coilcraft,16nH,C3222744,Extended,0603DC-16NXJRW,Coilcraft,Coilcraft Ceramic Core,0603,5%,,,,2.04A,,74mΩ,,E24,Pre-Flight,RF/Filtering,Device:L,Inductor_SMD:L_0603_1608Metric,https://wmsc.lcsc.com/wmsc/upload/file/pdf/v2/lcsc/2404021257_Coilcraft-0603DC-16NXJRW_C3222744.pdf,https://www.lcsc.com/product-detail/power-inductors_coilcraft-0603dc-16nxjrw_C3222744.html,"Inductor 16nH 5% 2.04A 0603 Ceramic Core Chip Inductors, Coilcraft 0603DC-16NXJRW (Pre-Flight, LCSC Extended)",inductor 16nH 0603 coilcraft coilcraft ceramic core pre-flight rf/filtering,181,0.6361
L 18nH 0603DC 5% Coilcraft,18nH,C3222091,Extended,0603DC-18NXJRW,Coilcraft,Coilcraft Ceramic Core,0603,5%,,,,2A,,78mΩ,,E24,Pre-Flight,RF/Filtering,Device:L,Inductor_SMD:L_0603_1608Metric,https://wmsc.lcsc.com/wmsc/upload/file/pdf/v2/lcsc/2404021253_Coilcraft-0603DC-18NXJRW_C3222091.pdf,https://www.lcsc.com/product-detail/power-inductors_coilcraft-0603dc-18nxjrw_C3222091.html,"Inductor 18nH 5% 2A 0603 Ceramic Core Chip Inductors, Coilcraft 0603DC-18NXJRW (Pre-Flight, LCSC Extended)",inductor 18nH 0603 coilcraft coilcraft ceramic core pre-flight rf/filtering,74,1.3827
L 18nH 0603HP 5% Coilcraft,18nH,C50132504,Extended,0603HP-18NXJRW,Coilcraft,Coilcraft Ceramic Core,0603,5%,,,,1.2A,,0.066mΩ,,E24,Pre-Flight,RF/Filtering,Device:L,Inductor_SMD:L_0603_1608Metric,https://www.coilcraft.com/en-us/products/rf/ceramic-core-chip-inductors/,https://www.lcsc.com/product-detail/C50132504.html,"Inductor 18nH 5% 1.2A 0603 Ceramic Core Chip Inductors, Coilcraft 0603HP-18NXJRW (Pre-Flight, LCSC Extended)",inductor 18nH 0603 coilcraft coilcraft ceramic core pre-flight rf/filtering,104,1.1648
L 20nH 0603DC 5% Coilcraft,20nH,C3221998,Extended,0603DC-20NXJRW,Coilcraft,Coilcraft Ceramic Core,0603,5%,,,,1.92A,,84mΩ,,E24,Pre-Flight,RF/Filtering,Device:L,Inductor_SMD:L_0603_1608Metric,https://wmsc.lcsc.com/wmsc/upload/file/pdf/v2/lcsc/2404021253_Coilcraft-0603DC-20NXJRW_C3221998.pdf,https://www.lcsc.com/product-detail/power-inductors_coilcraft-0603dc-20nxjrw_C3221998.html,"Inductor 20nH 5% 1.92A 0603 Ceramic Core Chip Inductors, Coilcraft 0603DC-20NXJRW (Pre-Flight, LCSC Extended)",inductor 20nH 0603 coilcraft coilcraft ceramic core pre-flight rf/filtering,100,0.9793
L 22nH 0603DC 5% Coilcraft,22nH,C6640398,Extended,0603DC-22NXJRW,Coilcraft,Coilcraft Ceramic Core,0603,5%,,,,1.75A,,95mΩ,,E24,Pre-Flight,RF/Filtering,Device:L,Inductor_SMD:L_0603_1608Metric,https://wmsc.lcsc.com/wmsc/upload/file/pdf/v2/lcsc/2312191330_Coilcraft-0603DC-22NXJRW_C6640398.pdf,https://www.lcsc.com/product-detail/power-inductors_coilcraft-0603dc-22nxjrw_C6640398.html,"Inductor 22nH 5% 1.75A 0603 Ceramic Core Chip Inductors, Coilcraft 0603DC-22NXJRW (Pre-Flight, LCSC Extended)",inductor 22nH 0603 coilcraft coilcraft ceramic core pre-flight rf/filtering,29,1.7243
L 24nH 0603CS 5% Coilcraft,24nH,C40780102,Extended,0603CS-24NXJLW,Coilcraft,Coilcraft Ceramic Core,0603,5%,,,,700mA,,190mΩ,,E24,Pre-Flight,RF/Filtering,Device:L,Inductor_SMD:L_0603_1608Metric,https://www.coilcraft.com/en-us/products/rf/ceramic-core-chip-inductors/,https://www.lcsc.com/product-detail/C40780102.html,"Inductor 24nH 5% 700mA 0603 Ceramic Core Chip Inductors, Coilcraft 0603CS-24NXJLW (Pre-Flight, LCSC Extended)",inductor 24nH 0603 coilcraft coilcraft ceramic core pre-flight rf/filtering,64,0.5466
L 27nH 0603DC 5% Coilcraft,27nH,C5469180,Extended,0603DC-27NXJRW,Coilcraft,Coilcraft Ceramic Core,0603,5%,,,,1.63A,,116mΩ,,E24,Pre-Flight,RF/Filtering,Device:L,Inductor_SMD:L_0603_1608Metric,https://www.coilcraft.com/en-us/products/rf/ceramic-core-chip-inductors/,https://www.lcsc.com/product-detail/C5469180.html,"Inductor 27nH 5% 1.63A 0603 Ceramic Core Chip Inductors, Coilcraft 0603DC-27NXJRW (Pre-Flight, LCSC Extended)",inductor 27nH 0603 coilcraft coilcraft ceramic core pre-flight rf/filtering,395,1.0964
L 36nH 0603CS 5% Coilcraft,36nH,C40264266,Extended,0603CS-36NXJLW,Coilcraft,Coilcraft Ceramic Core,0603,5%,,,,600mA,,250mΩ,,E24,Pre-Flight,RF/Filtering,Device:L,Inductor_SMD:L_0603_1608Metric,https://www.coilcraft.com/en-us/products/rf/ceramic-core-chip-inductors/,https://www.lcsc.com/product-detail/C40264266.html,"Inductor 36nH 5% 600mA 0603 Ceramic Core Chip Inductors, Coilcraft 0603CS-36NXJLW (Pre-Flight, LCSC Extended)",inductor 36nH 0603 coilcraft coilcraft ceramic core pre-flight rf/filtering,92,0.5141
L 39nH 0603DC 2% Coilcraft,39nH,C3222008,Extended,0603DC-39NXGRW,Coilcraft,Coilcraft Ceramic Core,0603,2%,,,,1.35A,,163mΩ,,E24,Pre-Flight,RF/Filtering,Device:L,Inductor_SMD:L_0603_1608Metric,https://wmsc.lcsc.com/wmsc/upload/file/pdf/v2/lcsc/2404021253_Coilcraft-0603DC-39NXGRW_C3222008.pdf,https://www.lcsc.com/product-detail/power-inductors_coilcraft-0603dc-39nxgrw_C3222008.html,"Inductor 39nH 2% 1.35A 0603 Ceramic Core Chip Inductors, Coilcraft 0603DC-39NXGRW (Pre-Flight, LCSC Extended)",inductor 39nH 0603 coilcraft coilcraft ceramic core pre-flight rf/filtering,170,1.0428
L 39nH 0603DC 5% Coilcraft,39nH,C3222389,Extended,0603DC-39NXJRW,Coilcraft,Coilcraft Ceramic Core,0603,5%,,,,1.35A,,163mΩ,,E24,Pre-Flight,RF/Filtering,Device:L,Inductor_SMD:L_0603_1608Metric,https://wmsc.lcsc.com/wmsc/upload/file/pdf/v2/lcsc/2404021255_Coilcraft-0603DC-39NXJRW_C3222389.pdf,https://www.lcsc.com/product-detail/power-inductors_coilcraft-0603dc-39nxjrw_C3222389.html,"Inductor 39nH 5% 1.35A 0603 Ceramic Core Chip Inductors, Coilcraft 0603DC-39NXJRW (Pre-Flight, LCSC Extended)",inductor 39nH 0603 coilcraft coilcraft ceramic core pre-flight rf/filtering,85,0.6361
L 43nH 0603CS 5% Coilcraft,43nH,C45911330,Extended,0603CS-43NXJLC,Coilcraft,Coilcraft Ceramic Core,0603,5%,,,,600mA,,280mΩ,,E24,Pre-Flight,RF/Filtering,Device:L,Inductor_SMD:L_0603_1608Metric,https://www.coilcraft.com/en-us/products/rf/ceramic-core-chip-inductors/,https://www.lcsc.com/product-detail/C45911330.html,"Inductor 43nH 5% 600mA 0603 Ceramic Core Chip Inductors, Coilcraft 0603CS-43NXJLC (Pre-Flight, LCSC Extended)",inductor 43nH 0603 coilcraft coilcraft ceramic core pre-flight rf/filtering,190,0.7841
L 47nH 0603CS 2% Coilcraft,47nH,C40595751,Extended,0603CS-47NXGRW,Coilcraft,Coilcraft Ceramic Core,0603,2%,,,,600mA,,280mΩ,,E24,Pre-Flight,RF/Filtering,Device:L,Inductor_SMD:L_0603_1608Metric,https://www.coilcraft.com/en-us/products/rf/ceramic-core-chip-inductors/,https://www.lcsc.com/product-detail/C40595751.html,"Inductor 47nH 2% 600mA 0603 Ceramic Core Chip Inductors, Coilcraft 0603CS-47NXGRW (Pre-Flight, LCSC Extended)",inductor 47nH 0603 coilcraft coilcraft ceramic core pre-flight rf/filtering,43,0.7597
L 47nH 0603DC 2% Coilcraft,47nH,C3223790,Extended,0603DC-47NXGRW,Coilcraft,Coilcraft Ceramic Core,0603,2%,,,,1.2A,,200mΩ,,E24,Pre-Flight,RF/Filtering,Device:L,Inductor_SMD:L_0603_1608Metric,https://wmsc.lcsc.com/wmsc/upload/file/pdf/v2/lcsc/2404021302_Coilcraft-0603DC-47NXGRW_C3223790.pdf,https://www.lcsc.com/product-detail/power-inductors_coilcraft-0603dc-47nxgrw_C3223790.html,"Inductor 47nH 2% 1.2A 0603 Ceramic Core Chip Inductors, Coilcraft 0603DC-47NXGRW (Pre-Flight, LCSC Extended)",inductor 47nH 0603 coilcraft coilcraft ceramic core pre-flight rf/filtering,74,1.9651
L 47nH 0603DC 5% Coilcraft,47nH,C3223315,Extended,0603DC-47NXJRW,Coilcraft,Coilcraft Ceramic Core,0603,5%,,,,1.2A,,200mΩ,,E24,Pre-Flight,RF/Filtering,Device:L,Inductor_SMD:L_0603_1608Metric,https://wmsc.lcsc.com/wmsc/upload/file/pdf/v2/lcsc/2404021300_Coilcraft-0603DC-47NXJRW_C3223315.pdf,https://www.lcsc.com/product-detail/power-inductors_coilcraft-0603dc-47nxjrw_C3223315.html,"Inductor 47nH 5% 1.2A 0603 Ceramic Core Chip Inductors, Coilcraft 0603DC-47NXJRW (Pre-Flight, LCSC Extended)",inductor 47nH 0603 coilcraft coilcraft ceramic core pre-flight rf/filtering,370,1.6707
L 56nH 0603CS 2% Coilcraft,56nH,C40245240,Extended,0603CS-56NXGRW,Coilcraft,Coilcraft Ceramic Core,0603,2%,,,,600mA,,310mΩ,,E24,Pre-Flight,RF/Filtering,Device:L,Inductor_SMD:L_0603_1608Metric,https://www.coilcraft.com/en-us/products/rf/ceramic-core-chip-inductors/,https://www.lcsc.com/product-detail/C40245240.html,"Inductor 56nH 2% 600mA 0603 Ceramic Core Chip Inductors, Coilcraft 0603CS-56NXGRW (Pre-Flight, LCSC Extended)",inductor 56nH 0603 coilcraft coilcraft ceramic core pre-flight rf/filtering,57,0.5027
L 62nH 0603DC 2% Coilcraft,62nH,C3221990,Extended,0603DC-62NXGRW,Coilcraft,Coilcraft Ceramic Core,0603,2%,,,,970mA,,312mΩ,,E24,Pre-Flight,RF/Filtering,Device:L,Inductor_SMD:L_0603_1608Metric,https://wmsc.lcsc.com/wmsc/upload/file/pdf/v2/lcsc/2404021253_Coilcraft-0603DC-62NXGRW_C3221990.pdf,https://www.lcsc.com/product-detail/power-inductors_coilcraft-0603dc-62nxgrw_C3221990.html,"Inductor 62nH 2% 970mA 0603 Ceramic Core Chip Inductors, Coilcraft 0603DC-62NXGRW (Pre-Flight, LCSC Extended)",inductor 62nH 0603 coilcraft coilcraft ceramic core pre-flight rf/filtering,55,0.628
L 62nH 0603DC 5% Coilcraft,62nH,C3222729,Extended,0603DC-62NXJRW,Coilcraft,Coilcraft Ceramic Core,0603,5%,,,,970mA,,312mΩ,,E24,Pre-Flight,RF/Filtering,Device:L,Inductor_SMD:L_0603_1608Metric,https://wmsc.lcsc.com/wmsc/upload/file/pdf/v2/lcsc/2404021257_Coilcraft-0603DC-62NXJRW_C3222729.pdf,https://www.lcsc.com/product-detail/power-inductors_coilcraft-0603dc-62nxjrw_C3222729.html,"Inductor 62nH 5% 970mA 0603 Ceramic Core Chip Inductors, Coilcraft 0603DC-62NXJRW (Pre-Flight, LCSC Extended)",inductor 62nH 0603 coilcraft coilcraft ceramic core pre-flight rf/filtering,100,0.5596
L 68nH 0603CS 2% Coilcraft,68nH,C42569864,Extended,0603CS-68NXGRW,Coilcraft,Coilcraft Ceramic Core,0603,2%,,,,600mA,,340mΩ,,E24,Pre-Flight,RF/Filtering,Device:L,Inductor_SMD:L_0603_1608Metric,https://www.coilcraft.com/en-us/products/rf/ceramic-core-chip-inductors/,https://www.lcsc.com/product-detail/C42569864.html,"Inductor 68nH 2% 600mA 0603 Ceramic Core Chip Inductors, Coilcraft 0603CS-68NXGRW (Pre-Flight, LCSC Extended)",inductor 68nH 0603 coilcraft coilcraft ceramic core pre-flight rf/filtering,10,0.2929
L 68nH 0603DC 5% Coilcraft,68nH,C3223896,Extended,0603DC-68NXJRW,Coilcraft,Coilcraft Ceramic Core,0603,5%,,,,890mA,,372mΩ,,E24,Pre-Flight,RF/Filtering,Device:L,Inductor_SMD:L_0603_1608Metric,https://wmsc.lcsc.com/wmsc/upload/file/pdf/v2/lcsc/2404021303_Coilcraft-0603DC-68NXJRW_C3223896.pdf,https://www.lcsc.com/product-detail/power-inductors_coilcraft-0603dc-68nxjrw_C3223896.html,"Inductor 68nH 5% 890mA 0603 Ceramic Core Chip Inductors, Coilcraft 0603DC-68NXJRW (Pre-Flight, LCSC Extended)",inductor 68nH 0603 coilcraft coilcraft ceramic core pre-flight rf/filtering,3,0.9744
L 75nH 0603DC 5% Coilcraft,75nH,C5336156,Extended,0603DC-75NXJRW,Coilcraft,Coilcraft Ceramic Core,0603,5%,,,,860mA,,396mΩ,,E24,Pre-Flight,RF/Filtering,Device:L,Inductor_SMD:L_0603_1608Metric,https://www.coilcraft.com/en-us/products/rf/ceramic-core-chip-inductors/,https://www.lcsc.com/product-detail/C5336156.html,"Inductor 75nH 5% 860mA 0603 Ceramic Core Chip Inductors, Coilcraft 0603DC-75NXJRW (Pre-Flight, LCSC Extended)",inductor 75nH 0603 coilcraft coilcraft ceramic core pre-flight rf/filtering,32,0.7516
L 82nH 0603CS 2% Coilcraft,82nH,C42569867,Extended,0603CS-82NXGRW,Coilcraft,Coilcraft Ceramic Core,0603,2%,,,,400mA,,540mΩ,,E24,Pre-Flight,RF/Filtering,Device:L,Inductor_SMD:L_0603_1608Metric,https://www.coilcraft.com/en-us/products/rf/ceramic-core-chip-inductors/,https://www.lcsc.com/product-detail/C42569867.html,"Inductor 82nH 2% 400mA 0603 Ceramic Core Chip Inductors, Coilcraft 0603CS-82NXGRW (Pre-Flight, LCSC Extended)",inductor 82nH 0603 coilcraft coilcraft ceramic core pre-flight rf/filtering,1377,0.8085
L 82nH 0603DC 2% Coilcraft,82nH,C3224176,Extended,0603DC-82NXGRW,Coilcraft,Coilcraft Ceramic Core,0603,2%,,,,830mA,,424mΩ,,E24,Pre-Flight,RF/Filtering,Device:L,Inductor_SMD:L_0603_1608Metric,https://wmsc.lcsc.com/wmsc/upload/file/pdf/v2/lcsc/2404021304_Coilcraft-0603DC-82NXGRW_C3224176.pdf,https://www.lcsc.com/product-detail/power-inductors_coilcraft-0603dc-82nxgrw_C3224176.html,"Inductor 82nH 2% 830mA 0603 Ceramic Core Chip Inductors, Coilcraft 0603DC-82NXGRW (Pre-Flight, LCSC Extended)",inductor 82nH 0603 coilcraft coilcraft ceramic core pre-flight rf/filtering,515,0.9208
L 82nH 0603HP 2% Coilcraft,82nH,C40536204,Extended,0603HP-82NXGRW,Coilcraft,Coilcraft Ceramic Core,0603,2%,,,,510mA,,0.46mΩ,,E24,Pre-Flight,RF/Filtering,Device:L,Inductor_SMD:L_0603_1608Metric,https://www.coilcraft.com/en-us/products/rf/ceramic-core-chip-inductors/,https://www.lcsc.com/product-detail/C40536204.html,"Inductor 82nH 2% 510mA 0603 Ceramic Core Chip Inductors, Coilcraft 0603HP-82NXGRW (Pre-Flight, LCSC Extended)",inductor 82nH 0603 coilcraft coilcraft ceramic core pre-flight rf/filtering,94,0.7223
L 82nH 0603CS 5% Coilcraft,82nH,C41835727,Extended,0603CS-82NXJRW,Coilcraft,Coilcraft Ceramic Core,0603,5%,,,,400mA,,540mΩ,,E24,Pre-Flight,RF/Filtering,Device:L,Inductor_SMD:L_0603_1608Metric,https://www.coilcraft.com/en-us/products/rf/ceramic-core-chip-inductors/,https://www.lcsc.com/product-detail/C41835727.html,"Inductor 82nH 5% 400mA 0603 Ceramic Core Chip Inductors, Coilcraft 0603CS-82NXJRW (Pre-Flight, LCSC Extended)",inductor 82nH 0603 coilcraft coilcraft ceramic core pre-flight rf/filtering,100,0.4572
L 91nH 0603DC 5% Coilcraft,91nH,C3223455,Extended,0603DC-91NXJRW,Coilcraft,Coilcraft Ceramic Core,0603,5%,,,,710mA,,576mΩ,,E24,Pre-Flight,RF/Filtering,Device:L,Inductor_SMD:L_0603_1608Metric,https://wmsc.lcsc.com/wmsc/upload/file/pdf/v2/lcsc/2404021301_Coilcraft-0603DC-91NXJRW_C3223455.pdf,https://www.lcsc.com/product-detail/power-inductors_coilcraft-0603dc-91nxjrw_C3223455.html,"Inductor 91nH 5% 710mA 0603 Ceramic Core Chip Inductors, Coilcraft 0603DC-91NXJRW (Pre-Flight, LCSC Extended)",inductor 91nH 0603 coilcraft coilcraft ceramic core pre-flight rf/filtering,50,1.0558
L 91nH 0603HP 5% Coilcraft,91nH,C7422608,Extended,0603HP-91NXJLW,Coilcraft,Coilcraft Ceramic Core,0603,5%,,,,440mA,,580mΩ,,E24,Pre-Flight,RF/Filtering,Device:L,Inductor_SMD:L_0603_1608Metric,https://www.coilcraft.com/getmedia/624a615f-2f4d-4200-95a6-61764a49bbc8/0603hp.pdf,https://www.lcsc.com/product-detail/C7422608.html,"Inductor 91nH 5% 440mA 0603 Ceramic Core Chip Inductors, Coilcraft 0603HP-91NXJLW (Pre-Flight, LCSC Extended)",inductor 91nH 0603 coilcraft coilcraft ceramic core pre-flight rf/filtering,90,0.6117
L 110nH 0603CS 2% Coilcraft,110nH,C40265388,Extended,0603CS-R11XGRW,Coilcraft,Coilcraft Ceramic Core,0603,2%,,,,300mA,,610mΩ,,E24,Pre-Flight,RF/Filtering,Device:L,Inductor_SMD:L_0603_1608Metric,https://www.coilcraft.com/en-us/products/rf/ceramic-core-chip-inductors/,https://www.lcsc.com/product-detail/C40265388.html,"Inductor 110nH 2% 300mA 0603 Ceramic Core Chip Inductors, Coilcraft 0603CS-R11XGRW (Pre-Flight, LCSC Extended)",inductor 110nH 0603 coilcraft coilcraft ceramic core pre-flight rf/filtering,10,0.776
L 120nH 0603CS 2% Coilcraft,120nH,C40628390,Extended,0603CS-R12XGRW,Coilcraft,Coilcraft Ceramic Core,0603,2%,,,,300mA,,650mΩ,,E24,Pre-Flight,RF/Filtering,Device:L,Inductor_SMD:L_0603_1608Metric,https://www.coilcraft.com/en-us/products/rf/ceramic-core-chip-inductors/,https://www.lcsc.com/product-detail/C40628390.html,"Inductor 120nH 2% 300mA 0603 Ceramic Core Chip Inductors, Coilcraft 0603CS-R12XGRW (Pre-Flight, LCSC Extended)",inductor 120nH 0603 coilcraft coilcraft ceramic core pre-flight rf/filtering,35,0.506
L 130nH 0603DC 5% Coilcraft,130nH,C3223235,Extended,0603DC-R13XJRW,Coilcraft,Coilcraft Ceramic Core,0603,5%,,,,590mA,,804mΩ,,E24,Pre-Flight,RF/Filtering,Device:L,Inductor_SMD:L_0603_1608Metric,https://wmsc.lcsc.com/wmsc/upload/file/pdf/v2/lcsc/2404021300_Coilcraft-0603DC-R13XJRW_C3223235.pdf,https://www.lcsc.com/product-detail/power-inductors_coilcraft-0603dc-r13xjrw_C3223235.html,"Inductor 130nH 5% 590mA 0603 Ceramic Core Chip Inductors, Coilcraft 0603DC-R13XJRW (Pre-Flight, LCSC Extended)",inductor 130nH 0603 coilcraft coilcraft ceramic core pre-flight rf/filtering,23,0.7467
L 180nH 0603CS 5% Coilcraft,180nH,C40500287,Extended,0603CS-R18XJRW,Coilcraft,Coilcraft Ceramic Core,0603,5%,,,,240mA,,1.25Ω,,E24,Pre-Flight,RF/Filtering,Device:L,Inductor_SMD:L_0603_1608Metric,https://www.coilcraft.com/en-us/products/rf/ceramic-core-chip-inductors/,https://www.lcsc.com/product-detail/C40500287.html,"Inductor 180nH 5% 240mA 0603 Ceramic Core Chip Inductors, Coilcraft 0603CS-R18XJRW (Pre-Flight, LCSC Extended)",inductor 180nH 0603 coilcraft coilcraft ceramic core pre-flight rf/filtering,10,0.6849
L 220nH 0603DC 2% Coilcraft,220nH,C6640400,Extended,0603DC-R22XGRW,Coilcraft,Coilcraft Ceramic Core,0603,2%,,,,390mA,,1.69Ω,,E24,Pre-Flight,RF/Filtering,Device:L,Inductor_SMD:L_0603_1608Metric,https://wmsc.lcsc.com/wmsc/upload/file/pdf/v2/lcsc/2312191331_Coilcraft-0603DC-R22XGRW_C6640400.pdf,https://www.lcsc.com/product-detail/power-inductors_coilcraft-0603dc-r22xgrw_C6640400.html,"Inductor 220nH 2% 390mA 0603 Ceramic Core Chip Inductors, Coilcraft 0603DC-R22XGRW (Pre-Flight, LCSC Extended)",inductor 220nH 0603 coilcraft coilcraft ceramic core pre-flight rf/filtering,17,1.2998
L 250nH 0603CS 5% Coilcraft,250nH,C41237878,Extended,0603CS-R25XJLW,Coilcraft,Coilcraft Ceramic Core,0603,5%,,,,120mA,,3.55Ω,,OTHER,Pre-Flight,RF/Filtering,Device:L,Inductor_SMD:L_0603_1608Metric,https://www.coilcraft.com/en-us/products/rf/ceramic-core-chip-inductors/,https://www.lcsc.com/product-detail/C41237878.html,"Inductor 250nH 5% 120mA 0603 Ceramic Core Chip Inductors, Coilcraft 0603CS-R25XJLW (Pre-Flight, LCSC Extended)",inductor 250nH 0603 coilcraft coilcraft ceramic core pre-flight rf/filtering,29,0.571
L 270nH 0603DC 5% Coilcraft,270nH,C3224696,Extended,0603DC-R27XJRW,Coilcraft,Coilcraft Ceramic Core,0603,5%,,,,360mA,,2.06Ω,,E24,Pre-Flight,RF/Filtering,Device:L,Inductor_SMD:L_0603_1608Metric,https://wmsc.lcsc.com/wmsc/upload/file/pdf/v2/lcsc/2404021307_Coilcraft-0603DC-R27XJRW_C3224696.pdf,https://www.lcsc.com/product-detail/power-inductors_coilcraft-0603dc-r27xjrw_C3224696.html,"Inductor 270nH 5% 360mA 0603 Ceramic Core Chip Inductors, Coilcraft 0603DC-R27XJRW (Pre-Flight, LCSC Extended)",inductor 270nH 0603 coilcraft coilcraft ceramic core pre-flight rf/filtering,19,0.7467
L 270nH 0603HP 5% Coilcraft,270nH,C50132481,Extended,0603HP-R27XJLW,Coilcraft,Coilcraft Ceramic Core,0603,5%,,,,220mA,,2.8Ω,,E24,Pre-Flight,RF/Filtering,Device:L,Inductor_SMD:L_0603_1608Metric,https://www.coilcraft.com/en-us/products/rf/ceramic-core-chip-inductors/,https://www.lcsc.com/product-detail/C50132481.html,"Inductor 270nH 5% 220mA 0603 Ceramic Core Chip Inductors, Coilcraft 0603HP-R27XJLW (Pre-Flight, LCSC Extended)",inductor 270nH 0603 coilcraft coilcraft ceramic core pre-flight rf/filtering,18,1.251
L 330nH 0603DC 2% Coilcraft,330nH,C3223084,Extended,0603DC-R33XGRW,Coilcraft,Coilcraft Ceramic Core,0603,2%,,,,300mA,,2.93Ω,,E24,Pre-Flight,RF/Filtering,Device:L,Inductor_SMD:L_0603_1608Metric,https://wmsc.lcsc.com/wmsc/upload/file/pdf/v2/lcsc/2404021259_Coilcraft-0603DC-R33XGRW_C3223084.pdf,https://www.lcsc.com/product-detail/power-inductors_coilcraft-0603dc-r33xgrw_C3223084.html,"Inductor 330nH 2% 300mA 0603 Ceramic Core Chip Inductors, Coilcraft 0603DC-R33XGRW (Pre-Flight, LCSC Extended)",inductor 330nH 0603 coilcraft coilcraft ceramic core pre-flight rf/filtering,101,0.9988
L 390nH 0603DC 5% Coilcraft,390nH,C3222377,Extended,0603DC-R39XJRW,Coilcraft,Coilcraft Ceramic Core,0603,5%,,,,260mA,,3.92Ω,,E24,Pre-Flight,RF/Filtering,Device:L,Inductor_SMD:L_0603_1608Metric,https://wmsc.lcsc.com/wmsc/upload/file/pdf/v2/lcsc/2404021255_Coilcraft-0603DC-R39XJRW_C3222377.pdf,https://www.lcsc.com/product-detail/power-inductors_coilcraft-0603dc-r39xjrw_C3222377.html,"Inductor 390nH 5% 260mA 0603 Ceramic Core Chip Inductors, Coilcraft 0603DC-R39XJRW (Pre-Flight, LCSC Extended)",inductor 390nH 0603 coilcraft coilcraft ceramic core pre-flight rf/filtering,20,0.5255
L 2.8nH 0805CS 5% Coilcraft,2.8nH,C41239258,Extended,0805CS-020XJLC,Coilcraft,Coilcraft Ceramic Core,0805,5%,,,,800mA,,60mΩ,,E96,Pre-Flight,RF/Filtering,Device:L,Inductor_SMD:L_0805_2012Metric,https://www.coilcraft.com/en-us/products/rf/ceramic-core-chip-inductors/,https://www.lcsc.com/product-detail/C41239258.html,"Inductor 2.8nH 5% 800mA 0805 Ceramic Core Chip Inductors, Coilcraft 0805CS-020XJLC (Pre-Flight, LCSC Extended)",inductor 2.8nH 0805 coilcraft coilcraft ceramic core pre-flight rf/filtering,100,0.7223
L 7.5nH 0805CS 5% Coilcraft,7.5nH,C40304843,Extended,0805CS-070XJRC,Coilcraft,Coilcraft Ceramic Core,0805,5%,,,,600mA,,140mΩ,,E24,Pre-Flight,RF/Filtering,Device:L,Inductor_SMD:L_0805_2012Metric,https://www.coilcraft.com/en-us/products/rf/ceramic-core-chip-inductors/,https://www.lcsc.com/product-detail/C40304843.html,"Inductor 7.5nH 5% 600mA 0805 Ceramic Core Chip Inductors, Coilcraft 0805CS-070XJRC (Pre-Flight, LCSC Extended)",inductor 7.5nH 0805 coilcraft coilcraft ceramic core pre-flight rf/filtering,17,0.5775
L 8.2nH 0805CS 2% Coilcraft,8.2nH,C40375029,Extended,0805CS-080XGLC,Coilcraft,Coilcraft Ceramic Core,0805,2%,,,,600mA,,120mΩ,,E24,Pre-Flight,RF/Filtering,Device:L,Inductor_SMD:L_0805_2012Metric,https://www.coilcraft.com/en-us/products/rf/ceramic-core-chip-inductors/,https://www.lcsc.com/product-detail/C40375029.html,"Inductor 8.2nH 2% 600mA 0805 Ceramic Core Chip Inductors, Coilcraft 0805CS-080XGLC (Pre-Flight, LCSC Extended)",inductor 8.2nH 0805 coilcraft coilcraft ceramic core pre-flight rf/filtering,95,0.571
L 12nH 0805CS 2% Coilcraft,12nH,C43303588,Extended,0805CS-120XGRC,Coilcraft,Coilcraft Ceramic Core,0805,2%,,,,600mA,,150mΩ,,E24,Pre-Flight,RF/Filtering,Device:L,Inductor_SMD:L_0805_2012Metric,https://www.coilcraft.com/en-us/products/rf/ceramic-core-chip-inductors/,https://www.lcsc.com/product-detail/C43303588.html,"Inductor 12nH 2% 600mA 0805 Ceramic Core Chip Inductors, Coilcraft 0805CS-120XGRC (Pre-Flight, LCSC Extended)",inductor 12nH 0805 coilcraft coilcraft ceramic core pre-flight rf/filtering,36,0.5922
L 22nH 0805CS 5% Coilcraft,22nH,C22406321,Extended,0805CS-220XJLC,Coilcraft,Coilcraft Ceramic Core,0805,5%,,,,500mA,,220mΩ,,E24,Pre-Flight,RF/Filtering,Device:L,Inductor_SMD:L_0805_2012Metric,https://www.coilcraft.com/en-us/products/rf/ceramic-core-chip-inductors/,https://www.lcsc.com/product-detail/C22406321.html,"Inductor 22nH 5% 500mA 0805 Ceramic Core Chip Inductors, Coilcraft 0805CS-220XJLC (Pre-Flight, LCSC Extended)",inductor 22nH 0805 coilcraft coilcraft ceramic core pre-flight rf/filtering,87,0.7532
L 24nH 0805CS 2% Coilcraft,24nH,C42576146,Extended,0805CS-240XGRC,Coilcraft,Coilcraft Ceramic Core,0805,2%,,,,500mA,,220mΩ,,E24,Pre-Flight,RF/Filtering,Device:L,Inductor_SMD:L_0805_2012Metric,https://www.coilcraft.com/en-us/products/rf/ceramic-core-chip-inductors/,https://www.lcsc.com/product-detail/C42576146.html,"Inductor 24nH 2% 500mA 0805 Ceramic Core Chip Inductors, Coilcraft 0805CS-240XGRC (Pre-Flight, LCSC Extended)",inductor 24nH 0805 coilcraft coilcraft ceramic core pre-flight rf/filtering,282,0.8427
L 27nH 0805CS 2% Coilcraft,27nH,C38841159,Extended,0805CS-270XGLC,Coilcraft,Coilcraft Ceramic Core,0805,2%,,,,500mA,,250mΩ,,E24,Pre-Flight,RF/Filtering,Device:L,Inductor_SMD:L_0805_2012Metric,https://www.coilcraft.com/getmedia/dd5f20e4-1ff7-43df-8317-b693eb2dce3e/0805cs.pdf,https://www.lcsc.com/product-detail/inductors-smd_coilcraft-0805cs-270xglc_C38841159.html,"Inductor 27nH 2% 500mA 0805 Ceramic Core Chip Inductors, Coilcraft 0805CS-270XGLC (Pre-Flight, LCSC Extended)",inductor 27nH 0805 coilcraft coilcraft ceramic core pre-flight rf/filtering,31,0.9679
L 33nH 0805CS 2% Coilcraft,33nH,C38516310,Extended,0805CS-330XGLC,Coilcraft,Coilcraft Ceramic Core,0805,2%,,,,500mA,,270mΩ,,E24,Pre-Flight,RF/Filtering,Device:L,Inductor_SMD:L_0805_2012Metric,https://www.coilcraft.com/en-us/products/rf/ceramic-core-chip-inductors/,https://www.lcsc.com/product-detail/C38516310.html,"Inductor 33nH 2% 500mA 0805 Ceramic Core Chip Inductors, Coilcraft 0805CS-330XGLC (Pre-Flight, LCSC Extended)",inductor 33nH 0805 coilcraft coilcraft ceramic core pre-flight rf/filtering,140,3.3104
L 33nH 0805HP 2% Coilcraft,33nH,C40112851,Extended,0805HP-33NXGRC,Coilcraft,Coilcraft Ceramic Core,0805,2%,,,,1.1A,,87Ω,,E24,Pre-Flight,RF/Filtering,Device:L,Inductor_SMD:L_0805_2012Metric,https://www.coilcraft.com/en-us/products/rf/ceramic-core-chip-inductors/,https://www.lcsc.com/product-detail/C40112851.html,"Inductor 33nH 2% 1.1A 0805 Ceramic Core Chip Inductors, Coilcraft 0805HP-33NXGRC (Pre-Flight, LCSC Extended)",inductor 33nH 0805 coilcraft coilcraft ceramic core pre-flight rf/filtering,10,2.3604
L 33nH 0805CS 5% Coilcraft,33nH,C40889159,Extended,0805CS-330XJRC,Coilcraft,Coilcraft Ceramic Core,0805,5%,,,,500mA,,270mΩ,,E24,Pre-Flight,RF/Filtering,Device:L,Inductor_SMD:L_0805_2012Metric,https://www.coilcraft.com/en-us/products/rf/ceramic-core-chip-inductors/,https://www.lcsc.com/product-detail/C40889159.html,"Inductor 33nH 5% 500mA 0805 Ceramic Core Chip Inductors, Coilcraft 0805CS-330XJRC (Pre-Flight, LCSC Extended)",inductor 33nH 0805 coilcraft coilcraft ceramic core pre-flight rf/filtering,46,0.4572
L 43nH 0805CS 2% Coilcraft,43nH,C39800179,Extended,0805CS-430XGLC,Coilcraft,Coilcraft Ceramic Core,0805,2%,,,,500mA,,340mΩ,,E24,Pre-Flight,RF/Filtering,Device:L,Inductor_SMD:L_0805_2012Metric,https://www.coilcraft.com/en-us/products/rf/ceramic-core-chip-inductors/,https://www.lcsc.com/product-detail/C39800179.html,"Inductor 43nH 2% 500mA 0805 Ceramic Core Chip Inductors, Coilcraft 0805CS-430XGLC (Pre-Flight, LCSC Extended)",inductor 43nH 0805 coilcraft coilcraft ceramic core pre-flight rf/filtering,200,1.0558
L 56nH 0805CS 2% Coilcraft,56nH,C40308704,Extended,0805CS-560XGLC,Coilcraft,Coilcraft Ceramic Core,0805,2%,,,,500mA,,340mΩ,,E24,Pre-Flight,RF/Filtering,Device:L,Inductor_SMD:L_0805_2012Metric,https://www.coilcraft.com/en-us/products/rf/ceramic-core-chip-inductors/,https://www.lcsc.com/product-detail/C40308704.html,"Inductor 56nH 2% 500mA 0805 Ceramic Core Chip Inductors, Coilcraft 0805CS-560XGLC (Pre-Flight, LCSC Extended)",inductor 56nH 0805 coilcraft coilcraft ceramic core pre-flight rf/filtering,86,0.8557
L 100nH 0805CS 2% Coilcraft,100nH,C40090410,Extended,0805CS-101XGRC,Coilcraft,Coilcraft Ceramic Core,0805,2%,,,,400mA,,460mΩ,,E24,Pre-Flight,RF/Filtering,Device:L,Inductor_SMD:L_0805_2012Metric,https://www.coilcraft.com/en-us/products/rf/ceramic-core-chip-inductors/,https://www.lcsc.com/product-detail/C40090410.html,"Inductor 100nH 2% 400mA 0805 Ceramic Core Chip Inductors, Coilcraft 0805CS-101XGRC (Pre-Flight, LCSC Extended)",inductor 100nH 0805 coilcraft coilcraft ceramic core pre-flight rf/filtering,111,0.9891
L 100nH 0805HP 2% Coilcraft,100nH,C49640957,Extended,0805HP-101XGRC,Coilcraft,Coilcraft Ceramic Core,0805,2%,,,,720mA,,220mΩ,,E24,Pre-Flight,RF/Filtering,Device:L,Inductor_SMD:L_0805_2012Metric,https://www.coilcraft.com/en-us/products/rf/ceramic-core-chip-inductors/,https://www.lcsc.com/product-detail/C49640957.html,"Inductor 100nH 2% 720mA 0805 Ceramic Core Chip Inductors, Coilcraft 0805HP-101XGRC (Pre-Flight, LCSC Extended)",inductor 100nH 0805 coilcraft coilcraft ceramic core pre-flight rf/filtering,100,1.4836
L 110nH 0805CS 2% Coilcraft,110nH,C40498152,Extended,0805CS-111XGRC,Coilcraft,Coilcraft Ceramic Core,0805,2%,,,,400mA,,480mΩ,,E24,Pre-Flight,RF/Filtering,Device:L,Inductor_SMD:L_0805_2012Metric,https://www.coilcraft.com/en-us/products/rf/ceramic-core-chip-inductors/,https://www.lcsc.com/product-detail/C40498152.html,"Inductor 110nH 2% 400mA 0805 Ceramic Core Chip Inductors, Coilcraft 0805CS-111XGRC (Pre-Flight, LCSC Extended)",inductor 110nH 0805 coilcraft coilcraft ceramic core pre-flight rf/filtering,81,0.6849
L 110nH 0805CS 5% Coilcraft,110nH,C40789895,Extended,0805CS-111XJLC,Coilcraft,Coilcraft Ceramic Core,0805,5%,,,,400mA,,480mΩ,,E24,Pre-Flight,RF/Filtering,Device:L,Inductor_SMD:L_0805_2012Metric,https://www.coilcraft.com/en-us/products/rf/ceramic-core-chip-inductors/,https://www.lcsc.com/product-detail/C40789895.html,"Inductor 110nH 5% 400mA 0805 Ceramic Core Chip Inductors, Coilcraft 0805CS-111XJLC (Pre-Flight, LCSC Extended)",inductor 110nH 0805 coilcraft coilcraft ceramic core pre-flight rf/filtering,28,0.4279
L 120nH 0805HP 2% Coilcraft,120nH,C43831062,Extended,0805HP-121XGRC,Coilcraft,Coilcraft Ceramic Core,0805,2%,,,,620mA,,293mΩ,,E24,Pre-Flight,RF/Filtering,Device:L,Inductor_SMD:L_0805_2012Metric,https://www.coilcraft.com/en-us/products/rf/ceramic-core-chip-inductors/,https://www.lcsc.com/product-detail/C43831062.html,"Inductor 120nH 2% 620mA 0805 Ceramic Core Chip Inductors, Coilcraft 0805HP-121XGRC (Pre-Flight, LCSC Extended)",inductor 120nH 0805 coilcraft coilcraft ceramic core pre-flight rf/filtering,680,1.3583
L 150nH 0805CS 2% Coilcraft,150nH,C38190612,Extended,0805CS-151XGLC,Coilcraft,Coilcraft Ceramic Core,0805,2%,,,,400mA,,560mΩ,,E24,Pre-Flight,RF/Filtering,Device:L,Inductor_SMD:L_0805_2012Metric,https://www.coilcraft.com/en-us/products/rf/ceramic-core-chip-inductors/,https://www.lcsc.com/product-detail/C38190612.html,"Inductor 150nH 2% 400mA 0805 Ceramic Core Chip Inductors, Coilcraft 0805CS-151XGLC (Pre-Flight, LCSC Extended)",inductor 150nH 0805 coilcraft coilcraft ceramic core pre-flight rf/filtering,5,0.7223
L 150nH 0805CS 5% Coilcraft,150nH,C40689242,Extended,0805CS-151XJRC,Coilcraft,Coilcraft Ceramic Core,0805,5%,,,,400mA,,560mΩ,,E24,Pre-Flight,RF/Filtering,Device:L,Inductor_SMD:L_0805_2012Metric,https://www.coilcraft.com/en-us/products/rf/ceramic-core-chip-inductors/,https://www.lcsc.com/product-detail/C40689242.html,"Inductor 150nH 5% 400mA 0805 Ceramic Core Chip Inductors, Coilcraft 0805CS-151XJRC (Pre-Flight, LCSC Extended)",inductor 150nH 0805 coilcraft coilcraft ceramic core pre-flight rf/filtering,7,0.5141
L 180nH 0805CS 2% Coilcraft,180nH,C42576145,Extended,0805CS-181XGRC,Coilcraft,Coilcraft Ceramic Core,0805,2%,,,,400mA,,640mΩ,,E24,Pre-Flight,RF/Filtering,Device:L,Inductor_SMD:L_0805_2012Metric,https://www.coilcraft.com/en-us/products/rf/ceramic-core-chip-inductors/,https://www.lcsc.com/product-detail/C42576145.html,"Inductor 180nH 2% 400mA 0805 Ceramic Core Chip Inductors, Coilcraft 0805CS-181XGRC (Pre-Flight, LCSC Extended)",inductor 180nH 0805 coilcraft coilcraft ceramic core pre-flight rf/filtering,45,0.719
L 180nH 0805HP 2% Coilcraft,180nH,C41690257,Extended,0805HP-181XGRC,Coilcraft,Coilcraft Ceramic Core,0805,2%,,,,540mA,,374mΩ,,E24,Pre-Flight,RF/Filtering,Device:L,Inductor_SMD:L_0805_2012Metric,https://www.coilcraft.com/en-us/products/rf/ceramic-core-chip-inductors/,https://www.lcsc.com/product-detail/C41690257.html,"Inductor 180nH 2% 540mA 0805 Ceramic Core Chip Inductors, Coilcraft 0805HP-181XGRC (Pre-Flight, LCSC Extended)",inductor 180nH 0805 coilcraft coilcraft ceramic core pre-flight rf/filtering,59,0.8557
L 200nH 0805HP 2% Coilcraft,200nH,C50132502,Extended,0805HP-201XGRC,Coilcraft,Coilcraft Ceramic Core,0805,2%,,,,540mA,,400mΩ,,E24,Pre-Flight,RF/Filtering,Device:L,Inductor_SMD:L_0805_2012Metric,https://www.coilcraft.com/en-us/products/rf/ceramic-core-chip-inductors/,https://www.lcsc.com/product-detail/C50132502.html,"Inductor 200nH 2% 540mA 0805 Ceramic Core Chip Inductors, Coilcraft 0805HP-201XGRC (Pre-Flight, LCSC Extended)",inductor 200nH 0805 coilcraft coilcraft ceramic core pre-flight rf/filtering,28,0.8557
L 220nH 0805HP 2% Coilcraft,220nH,C40877572,Extended,0805HP-221XGRC,Coilcraft,Coilcraft Ceramic Core,0805,2%,,,,500mA,,426mΩ,,E24,Pre-Flight,RF/Filtering,Device:L,Inductor_SMD:L_0805_2012Metric,https://www.coilcraft.com/en-us/products/rf/ceramic-core-chip-inductors/,https://www.lcsc.com/product-detail/C40877572.html,"Inductor 220nH 2% 500mA 0805 Ceramic Core Chip Inductors, Coilcraft 0805HP-221XGRC (Pre-Flight, LCSC Extended)",inductor 220nH 0805 coilcraft coilcraft ceramic core pre-flight rf/filtering,250,1.2998
L 220nH 0805CS 5% Coilcraft,220nH,C22406281,Extended,0805CS-221XJLC,Coilcraft,Coilcraft Ceramic Core,0805,5%,,,,400mA,,700mΩ,,E24,Pre-Flight,RF/Filtering,Device:L,Inductor_SMD:L_0805_2012Metric,https://www.coilcraft.com/en-us/products/rf/ceramic-core-chip-inductors/,https://www.lcsc.com/product-detail/C22406281.html,"Inductor 220nH 5% 400mA 0805 Ceramic Core Chip Inductors, Coilcraft 0805CS-221XJLC (Pre-Flight, LCSC Extended)",inductor 220nH 0805 coilcraft coilcraft ceramic core pre-flight rf/filtering,98,0.6816
L 240nH 0805CS 2% Coilcraft,240nH,C40507960,Extended,0805CS-241XGLC,Coilcraft,Coilcraft Ceramic Core,0805,2%,,,,350mA,,1Ω,,E24,Pre-Flight,RF/Filtering,Device:L,Inductor_SMD:L_0805_2012Metric,https://www.coilcraft.com/en-us/products/rf/ceramic-core-chip-inductors/,https://www.lcsc.com/product-detail/C40507960.html,"Inductor 240nH 2% 350mA 0805 Ceramic Core Chip Inductors, Coilcraft 0805CS-241XGLC (Pre-Flight, LCSC Extended)",inductor 240nH 0805 coilcraft coilcraft ceramic core pre-flight rf/filtering,48,0.6654
L 250nH 0805HP 2% Coilcraft,250nH,C39943233,Extended,0805HP-251XGRC,Coilcraft,Coilcraft Ceramic Core,0805,2%,,,,490mA,,564mΩ,,OTHER,Pre-Flight,RF/Filtering,Device:L,Inductor_SMD:L_0805_2012Metric,https://www.coilcraft.com/en-us/products/rf/ceramic-core-chip-inductors/,https://www.lcsc.com/product-detail/C39943233.html,"Inductor 250nH 2% 490mA 0805 Ceramic Core Chip Inductors, Coilcraft 0805HP-251XGRC (Pre-Flight, LCSC Extended)",inductor 250nH 0805 coilcraft coilcraft ceramic core pre-flight rf/filtering,30,0.8557
L 290nH 0805HP 2% Coilcraft,290nH,C40090638,Extended,0805HP-291XGRC,Coilcraft,Coilcraft Ceramic Core,0805,2%,,,,400mA,,804mΩ,,OTHER,Pre-Flight,RF/Filtering,Device:L,Inductor_SMD:L_0805_2012Metric,https://www.coilcraft.com/en-us/products/rf/ceramic-core-chip-inductors/,https://www.lcsc.com/product-detail/C40090638.html,"Inductor 290nH 2% 400mA 0805 Ceramic Core Chip Inductors, Coilcraft 0805HP-291XGRC (Pre-Flight, LCSC Extended)",inductor 290nH 0805 coilcraft coilcraft ceramic core pre-flight rf/filtering,45,0.8557
L 310nH 0805HP 2% Coilcraft,310nH,C40069379,Extended,0805HP-311XGRC,Coilcraft,Coilcraft Ceramic Core,0805,2%,,,,400mA,,820mΩ,,OTHER,Pre-Flight,RF/Filtering,Device:L,Inductor_SMD:L_0805_2012Metric,https://www.coilcraft.com/en-us/products/rf/ceramic-core-chip-inductors/,https://www.lcsc.com/product-detail/C40069379.html,"Inductor 310nH 2% 400mA 0805 Ceramic Core Chip Inductors, Coilcraft 0805HP-311XGRC (Pre-Flight, LCSC Extended)",inductor 310nH 0805 coilcraft coilcraft ceramic core pre-flight rf/filtering,15,0.8329
L 390nH 0805CS 2% Coilcraft,390nH,C40750635,Extended,0805CS-391XGRC,Coilcraft,Coilcraft Ceramic Core,0805,2%,,,,290mA,,1.5Ω,,E24,Pre-Flight,RF/Filtering,Device:L,Inductor_SMD:L_0805_2012Metric,https://www.coilcraft.com/en-us/products/rf/ceramic-core-chip-inductors/,https://www.lcsc.com/product-detail/C40750635.html,"Inductor 390nH 2% 290mA 0805 Ceramic Core Chip Inductors, Coilcraft 0805CS-391XGRC (Pre-Flight, LCSC Extended)",inductor 390nH 0805 coilcraft coilcraft ceramic core pre-flight rf/filtering,100,0.3807
L 390nH 0805HP 2% Coilcraft,390nH,C22406295,Extended,0805HP-391XGRC,Coilcraft,Coilcraft Ceramic Core,0805,2%,,,,330mA,,1.11Ω,,E24,Pre-Flight,RF/Filtering,Device:L,Inductor_SMD:L_0805_2012Metric,https://www.coilcraft.com/en-us/products/rf/ceramic-core-chip-inductors/,https://www.lcsc.com/product-detail/C22406295.html,"Inductor 390nH 2% 330mA 0805 Ceramic Core Chip Inductors, Coilcraft 0805HP-391XGRC (Pre-Flight, LCSC Extended)",inductor 390nH 0805 coilcraft coilcraft ceramic core pre-flight rf/filtering,33,0.6524
L 390nH 0805CS 5% Coilcraft,390nH,C40759883,Extended,0805CS-391XJRC,Coilcraft,Coilcraft Ceramic Core,0805,5%,,,,290mA,,1.5Ω,,E24,Pre-Flight,RF/Filtering,Device:L,Inductor_SMD:L_0805_2012Metric,https://www.coilcraft.com/en-us/products/rf/ceramic-core-chip-inductors/,https://www.lcsc.com/product-detail/C40759883.html,"Inductor 390nH 5% 290mA 0805 Ceramic Core Chip Inductors, Coilcraft 0805CS-391XJRC (Pre-Flight, LCSC Extended)",inductor 390nH 0805 coilcraft coilcraft ceramic core pre-flight rf/filtering,10,0.4279
L 470nH 0805HP 2% Coilcraft,470nH,C40304543,Extended,0805HP-471XGRC,Coilcraft,Coilcraft Ceramic Core,0805,2%,,,,280mA,,1.56Ω,,E24,Pre-Flight,RF/Filtering,Device:L,Inductor_SMD:L_0805_2012Metric,https://www.coilcraft.com/en-us/products/rf/ceramic-core-chip-inductors/,https://www.lcsc.com/product-detail/C40304543.html,"Inductor 470nH 2% 280mA 0805 Ceramic Core Chip Inductors, Coilcraft 0805HP-471XGRC (Pre-Flight, LCSC Extended)",inductor 470nH 0805 coilcraft coilcraft ceramic core pre-flight rf/filtering,10,0.8899
L 2.7uH 0805CS 2% Coilcraft,2.7uH,C43831054,Extended,0805CS-272XGRC,Coilcraft,Coilcraft Ceramic Core,0805,2%,,,,175mA,,4.5Ω,,E24,Pre-Flight,RF/Filtering,Device:L,Inductor_SMD:L_0805_2012Metric,https://www.coilcraft.com/en-us/products/rf/ceramic-core-chip-inductors/,https://www.lcsc.com/product-detail/C43831054.html,"Inductor 2.7uH 2% 175mA 0805 Ceramic Core Chip Inductors, Coilcraft 0805CS-272XGRC (Pre-Flight, LCSC Extended)",inductor 2.7uH 0805 coilcraft coilcraft ceramic core pre-flight rf/filtering,90,0.7223
L 10nH 1008CS 2% Coilcraft,10nH,C41113283,Extended,1008CS-100XGLC,Coilcraft,Coilcraft Ceramic Core,1008,2%,,,,1A,,80mΩ,,E24,Pre-Flight,RF/Filtering,Device:L,Inductor_SMD:L_1008_2520Metric,https://www.coilcraft.com/en-us/products/rf/ceramic-core-chip-inductors/,https://www.lcsc.com/product-detail/C41113283.html,"Inductor 10nH 2% 1A 1008 Ceramic Core Chip Inductors, Coilcraft 1008CS-100XGLC (Pre-Flight, LCSC Extended)",inductor 10nH 1008 coilcraft coilcraft ceramic core pre-flight rf/filtering,45,0.7223
L 12nH 1008CS 5% Coilcraft,12nH,C40381327,Extended,1008CS-120XJLC,Coilcraft,Coilcraft Ceramic Core,1008,5%,,,,1A,,90mΩ,,E24,Pre-Flight,RF/Filtering,Device:L,Inductor_SMD:L_1008_2520Metric,https://www.coilcraft.com/en-us/products/rf/ceramic-core-chip-inductors/,https://www.lcsc.com/product-detail/C40381327.html,"Inductor 12nH 5% 1A 1008 Ceramic Core Chip Inductors, Coilcraft 1008CS-120XJLC (Pre-Flight, LCSC Extended)",inductor 12nH 1008 coilcraft coilcraft ceramic core pre-flight rf/filtering,10,0.571
L 18nH 1008CS 2% Coilcraft,18nH,C6037005,Extended,1008CS-180XGRC,Coilcraft,Coilcraft Ceramic Core,1008,2%,,,,1A,,110mΩ,,E24,Pre-Flight,RF/Filtering,Device:L,Inductor_SMD:L_1008_2520Metric,https://wmsc.lcsc.com/wmsc/upload/file/pdf/v2/lcsc/2404171439_Coilcraft-1008CS-180XGRC_C6037005.pdf,https://www.lcsc.com/product-detail/power-inductors_coilcraft-1008cs-180xgrc_C6037005.html,"Inductor 18nH 2% 1A 1008 Ceramic Core Chip Inductors, Coilcraft 1008CS-180XGRC (Pre-Flight, LCSC Extended)",inductor 18nH 1008 coilcraft coilcraft ceramic core pre-flight rf/filtering,69,0.6117
L 33nH 1008CS 5% Coilcraft,33nH,C22418493,Extended,1008CS-330XJLC,Coilcraft,Coilcraft Ceramic Core,1008,5%,,,,1A,,140mΩ,,E24,Pre-Flight,RF/Filtering,Device:L,Inductor_SMD:L_1008_2520Metric,https://www.coilcraft.com/en-us/products/rf/ceramic-core-chip-inductors/,https://www.lcsc.com/product-detail/C22418493.html,"Inductor 33nH 5% 1A 1008 Ceramic Core Chip Inductors, Coilcraft 1008CS-330XJLC (Pre-Flight, LCSC Extended)",inductor 33nH 1008 coilcraft coilcraft ceramic core pre-flight rf/filtering,90,0.5726
L 47nH 1008CS 2% Coilcraft,47nH,C41239563,Extended,1008CS-470XGLC,Coilcraft,Coilcraft Ceramic Core,1008,2%,,,,1A,,160mΩ,,E24,Pre-Flight,RF/Filtering,Device:L,Inductor_SMD:L_1008_2520Metric,https://www.coilcraft.com/en-us/products/rf/ceramic-core-chip-inductors/,https://www.lcsc.com/product-detail/C41239563.html,"Inductor 47nH 2% 1A 1008 Ceramic Core Chip Inductors, Coilcraft 1008CS-470XGLC (Pre-Flight, LCSC Extended)",inductor 47nH 1008 coilcraft coilcraft ceramic core pre-flight rf/filtering,3,0.5987
L 47nH 1008CS 5% Coilcraft,47nH,C38270913,Extended,1008CS-470XJLC,Coilcraft,Coilcraft Ceramic Core,1008,5%,,,,1A,,160mΩ,,E24,Pre-Flight,RF/Filtering,Device:L,Inductor_SMD:L_1008_2520Metric,https://www.coilcraft.com/en-us/products/rf/ceramic-core-chip-inductors/,https://www.lcsc.com/product-detail/C38270913.html,"Inductor 47nH 5% 1A 1008 Ceramic Core Chip Inductors, Coilcraft 1008CS-470XJLC (Pre-Flight, LCSC Extended)",inductor 47nH 1008 coilcraft coilcraft ceramic core pre-flight rf/filtering,10,0.571
L 56nH 1008CS 5% Coilcraft,56nH,C41047819,Extended,1008CS-560XJLC,Coilcraft,Coilcraft Ceramic Core,1008,5%,,,,1A,,180mΩ,,E24,Pre-Flight,RF/Filtering,Device:L,Inductor_SMD:L_1008_2520Metric,https://www.coilcraft.com/en-us/products/rf/ceramic-core-chip-inductors/,https://www.lcsc.com/product-detail/C41047819.html,"Inductor 56nH 5% 1A 1008 Ceramic Core Chip Inductors, Coilcraft 1008CS-560XJLC (Pre-Flight, LCSC Extended)",inductor 56nH 1008 coilcraft coilcraft ceramic core pre-flight rf/filtering,41,0.571
L 68nH 1008CS 5% Coilcraft,68nH,C6382059,Extended,1008CS-680XJRC,Coilcraft,Coilcraft Ceramic Core,1008,5%,,,,1A,,200mΩ,,E24,Pre-Flight,RF/Filtering,Device:L,Inductor_SMD:L_1008_2520Metric,https://www.coilcraft.com/en-us/products/rf/ceramic-core-chip-inductors/,https://www.lcsc.com/product-detail/C6382059.html,"Inductor 68nH 5% 1A 1008 Ceramic Core Chip Inductors, Coilcraft 1008CS-680XJRC (Pre-Flight, LCSC Extended)",inductor 68nH 1008 coilcraft coilcraft ceramic core pre-flight rf/filtering,17,1.0753
L 82nH 1008CS 2% Coilcraft,82nH,C22418263,Extended,1008CS-820XGLC,Coilcraft,Coilcraft Ceramic Core,1008,2%,,,,1A,,220mΩ,,E24,Pre-Flight,RF/Filtering,Device:L,Inductor_SMD:L_1008_2520Metric,https://www.coilcraft.com/en-us/products/rf/ceramic-core-chip-inductors/,https://www.lcsc.com/product-detail/C22418263.html,"Inductor 82nH 2% 1A 1008 Ceramic Core Chip Inductors, Coilcraft 1008CS-820XGLC (Pre-Flight, LCSC Extended)",inductor 82nH 1008 coilcraft coilcraft ceramic core pre-flight rf/filtering,50,0.571
L 82nH 1008CS 5% Coilcraft,82nH,C6063386,Extended,1008CS-820XJRC,Coilcraft,Coilcraft Ceramic Core,1008,5%,,,,1A,,220mΩ,,E24,Pre-Flight,RF/Filtering,Device:L,Inductor_SMD:L_1008_2520Metric,https://wmsc.lcsc.com/wmsc/upload/file/pdf/v2/lcsc/2404171508_Coilcraft-1008CS-820XJRC_C6063386.pdf,https://www.lcsc.com/product-detail/power-inductors_coilcraft-1008cs-820xjrc_C6063386.html,"Inductor 82nH 5% 1A 1008 Ceramic Core Chip Inductors, Coilcraft 1008CS-820XJRC (Pre-Flight, LCSC Extended)",inductor 82nH 1008 coilcraft coilcraft ceramic core pre-flight rf/filtering,17,1.3291
L 120nH 1008CS 5% Coilcraft,120nH,C39221934,Extended,1008CS-121XJLC,Coilcraft,Coilcraft Ceramic Core,1008,5%,,,,650mA,,630mΩ,,E24,Pre-Flight,RF/Filtering,Device:L,Inductor_SMD:L_1008_2520Metric,https://www.coilcraft.com/en-us/products/rf/ceramic-core-chip-inductors/,https://www.lcsc.com/product-detail/C39221934.html,"Inductor 120nH 5% 650mA 1008 Ceramic Core Chip Inductors, Coilcraft 1008CS-121XJLC (Pre-Flight, LCSC Extended)",inductor 120nH 1008 coilcraft coilcraft ceramic core pre-flight rf/filtering,104,0.667
L 150nH 1008CS 5% Coilcraft,150nH,C6382033,Extended,1008CS-151XJRC,Coilcraft,Coilcraft Ceramic Core,1008,5%,,,,580mA,,700mΩ,,E24,Pre-Flight,RF/Filtering,Device:L,Inductor_SMD:L_1008_2520Metric,https://www.coilcraft.com/en-us/products/rf/ceramic-core-chip-inductors/,https://www.lcsc.com/product-detail/C6382033.html,"Inductor 150nH 5% 580mA 1008 Ceramic Core Chip Inductors, Coilcraft 1008CS-151XJRC (Pre-Flight, LCSC Extended)",inductor 150nH 1008 coilcraft coilcraft ceramic core pre-flight rf/filtering,2,1.9586
L 180nH 1008CS 2% Coilcraft,180nH,C22418673,Extended,1008CS-181XGLC,Coilcraft,Coilcraft Ceramic Core,1008,2%,,,,620mA,,770mΩ,,E24,Pre-Flight,RF/Filtering,Device:L,Inductor_SMD:L_1008_2520Metric,https://www.coilcraft.com/en-us/products/rf/ceramic-core-chip-inductors/,https://www.lcsc.com/product-detail/C22418673.html,"Inductor 180nH 2% 620mA 1008 Ceramic Core Chip Inductors, Coilcraft 1008CS-181XGLC (Pre-Flight, LCSC Extended)",inductor 180nH 1008 coilcraft coilcraft ceramic core pre-flight rf/filtering,74,0.6654
L 220nH 1008CS 5% Coilcraft,220nH,C6037011,Extended,1008CS-221XJRC,Coilcraft,Coilcraft Ceramic Core,1008,5%,,,,500mA,,840mΩ,,E24,Pre-Flight,RF/Filtering,Device:L,Inductor_SMD:L_1008_2520Metric,https://wmsc.lcsc.com/wmsc/upload/file/pdf/v2/lcsc/2404171440_Coilcraft-1008CS-221XJRC_C6037011.pdf,https://www.lcsc.com/product-detail/power-inductors_coilcraft-1008cs-221xjrc_C6037011.html,"Inductor 220nH 5% 500mA 1008 Ceramic Core Chip Inductors, Coilcraft 1008CS-221XJRC (Pre-Flight, LCSC Extended)",inductor 220nH 1008 coilcraft coilcraft ceramic core pre-flight rf/filtering,17,1.0753
L 270nH 1008CS 2% Coilcraft,270nH,C5865041,Extended,1008CS-271XGRC,Coilcraft,Coilcraft Ceramic Core,1008,2%,,,,500mA,,910mΩ,,E24,Pre-Flight,RF/Filtering,Device:L,Inductor_SMD:L_1008_2520Metric,https://wmsc.lcsc.com/wmsc/upload/file/pdf/v2/lcsc/2404170933_Coilcraft-1008CS-271XGRC_C5865041.pdf,https://www.lcsc.com/product-detail/power-inductors_coilcraft-1008cs-271xgrc_C5865041.html,"Inductor 270nH 2% 500mA 1008 Ceramic Core Chip Inductors, Coilcraft 1008CS-271XGRC (Pre-Flight, LCSC Extended)",inductor 270nH 1008 coilcraft coilcraft ceramic core pre-flight rf/filtering,6,1.2982
L 470nH 1008CS 2% Coilcraft,470nH,C5470512,Extended,1008CS-471XGRC,Coilcraft,Coilcraft Ceramic Core,1008,2%,,,,470mA,,1.19Ω,,E24,Pre-Flight,RF/Filtering,Device:L,Inductor_SMD:L_1008_2520Metric,https://www.coilcraft.com/en-us/products/rf/ceramic-core-chip-inductors/,https://www.lcsc.com/product-detail/C5470512.html,"Inductor 470nH 2% 470mA 1008 Ceramic Core Chip Inductors, Coilcraft 1008CS-471XGRC (Pre-Flight, LCSC Extended)",inductor 470nH 1008 coilcraft coilcraft ceramic core pre-flight rf/filtering,78,2.5084
L 680nH 1008CS 2% Coilcraft,680nH,C38572562,Extended,1008CS-681XGLC,Coilcraft,Coilcraft Ceramic Core,1008,2%,,,,400mA,,1.47Ω,,E24,Pre-Flight,RF/Filtering,Device:L,Inductor_SMD:L_1008_2520Metric,https://www.coilcraft.com/en-us/products/rf/ceramic-core-chip-inductors/,https://www.lcsc.com/product-detail/C38572562.html,"Inductor 680nH 2% 400mA 1008 Ceramic Core Chip Inductors, Coilcraft 1008CS-681XGLC (Pre-Flight, LCSC Extended)",inductor 680nH 1008 coilcraft coilcraft ceramic core pre-flight rf/filtering,40,0.7337
L 820nH 1008CS 5% Coilcraft,820nH,C22431861,Extended,1008CS-821XJLC,Coilcraft,Coilcraft Ceramic Core,1008,5%,,,,400mA,,1.61Ω,,E24,Pre-Flight,RF/Filtering,Device:L,Inductor_SMD:L_1008_2520Metric,https://www.coilcraft.com/en-us/products/rf/ceramic-core-chip-inductors/,https://www.lcsc.com/product-detail/C22431861.html,"Inductor 820nH 5% 400mA 1008 Ceramic Core Chip Inductors, Coilcraft 1008CS-821XJLC (Pre-Flight, LCSC Extended)",inductor 820nH 1008 coilcraft coilcraft ceramic core pre-flight rf/filtering,99,0.9696
L 910nH 1008CS 2% Coilcraft,910nH,C6063390,Extended,1008CS-911XGRC,Coilcraft,Coilcraft Ceramic Core,1008,2%,,,,380mA,,1.68Ω,,E24,Pre-Flight,RF/Filtering,Device:L,Inductor_SMD:L_1008_2520Metric,https://wmsc.lcsc.com/wmsc/upload/file/pdf/v2/lcsc/2404171508_Coilcraft-1008CS-911XGRC_C6063390.pdf,https://www.lcsc.com/product-detail/power-inductors_coilcraft-1008cs-911xgrc_C6063390.html,"Inductor 910nH 2% 380mA 1008 Ceramic Core Chip Inductors, Coilcraft 1008CS-911XGRC (Pre-Flight, LCSC Extended)",inductor 910nH 1008 coilcraft coilcraft ceramic core pre-flight rf/filtering,10,1.2412
L 1uH 1008CS 2% Coilcraft,1uH,C5470467,Extended,1008CS-102XGRC,Coilcraft,Coilcraft Ceramic Core,1008,2%,,,,370mA,,1.75Ω,,E24,Pre-Flight,RF/Filtering,Device:L,Inductor_SMD:L_1008_2520Metric,https://www.coilcraft.com/en-us/products/rf/ceramic-core-chip-inductors/,https://www.lcsc.com/product-detail/C5470467.html,"Inductor 1uH 2% 370mA 1008 Ceramic Core Chip Inductors, Coilcraft 1008CS-102XGRC (Pre-Flight, LCSC Extended)",inductor 1uH 1008 coilcraft coilcraft ceramic core pre-flight rf/filtering,186,0.5369
L 1uH 1008CS 5% Coilcraft,1uH,C7159440,Extended,1008CS-102XJRC,Coilcraft,Coilcraft Ceramic Core,1008,5%,,,,370mA,,1.75Ω,,E24,Pre-Flight,RF/Filtering,Device:L,Inductor_SMD:L_1008_2520Metric,https://wmsc.lcsc.com/wmsc/upload/file/pdf/v2/lcsc/2404231743_Coilcraft-1008CS-102XJRC_C7159440.pdf,https://www.lcsc.com/product-detail/power-inductors_coilcraft-1008cs-102xjrc_C7159440.html,"Inductor 1uH 5% 370mA 1008 Ceramic Core Chip Inductors, Coilcraft 1008CS-102XJRC (Pre-Flight, LCSC Extended)",inductor 1uH 1008 coilcraft coilcraft ceramic core pre-flight rf/filtering,30,0.9387
L 1.2uH 1008CS 5% Coilcraft,1.2uH,C38849530,Extended,1008CS-122XJLC,Coilcraft,Coilcraft Ceramic Core,1008,5%,,,,310mA,,2Ω,,E24,Pre-Flight,RF/Filtering,Device:L,Inductor_SMD:L_1008_2520Metric,https://www.coilcraft.com/en-us/products/rf/ceramic-core-chip-inductors/,https://www.lcsc.com/product-detail/C38849530.html,"Inductor 1.2uH 5% 310mA 1008 Ceramic Core Chip Inductors, Coilcraft 1008CS-122XJLC (Pre-Flight, LCSC Extended)",inductor 1.2uH 1008 coilcraft coilcraft ceramic core pre-flight rf/filtering,200,1.1794
L 1.5uH 1008CS 2% Coilcraft,1.5uH,C6645233,Extended,1008CS-152XGRC,Coilcraft,Coilcraft Ceramic Core,1008,2%,,,,330mA,,2.3Ω,,E24,Pre-Flight,RF/Filtering,Device:L,Inductor_SMD:L_1008_2520Metric,https://wmsc.lcsc.com/wmsc/upload/file/pdf/v2/lcsc/2404191648_Coilcraft-1008CS-152XGRC_C6645233.pdf,https://www.lcsc.com/product-detail/power-inductors_coilcraft-1008cs-152xgrc_C6645233.html,"Inductor 1.5uH 2% 330mA 1008 Ceramic Core Chip Inductors, Coilcraft 1008CS-152XGRC (Pre-Flight, LCSC Extended)",inductor 1.5uH 1008 coilcraft coilcraft ceramic core pre-flight rf/filtering,30,0.5141
L 1.8uH 1008CS 2% Coilcraft,1.8uH,C40228699,Extended,1008CS-182XGLC,Coilcraft,Coilcraft Ceramic Core,1008,2%,,,,300mA,,2.6Ω,,E24,Pre-Flight,RF/Filtering,Device:L,Inductor_SMD:L_1008_2520Metric,https://www.coilcraft.com/en-us/products/rf/ceramic-core-chip-inductors/,https://www.lcsc.com/product-detail/C40228699.html,"Inductor 1.8uH 2% 300mA 1008 Ceramic Core Chip Inductors, Coilcraft 1008CS-182XGLC (Pre-Flight, LCSC Extended)",inductor 1.8uH 1008 coilcraft coilcraft ceramic core pre-flight rf/filtering,61,0.6686
L 2.2uH 1008CS 5% Coilcraft,2.2uH,C258932,Extended,1008CS-222XJLC,Coilcraft,Coilcraft Ceramic Core,1008,5%,,,,280mA,,2.8Ω,,E24,Pre-Flight,RF/Filtering,Device:L,Inductor_SMD:L_1008_2520Metric,https://www.coilcraft.com/en-us/products/rf/ceramic-core-chip-inductors/,https://www.lcsc.com/product-detail/C258932.html,"Inductor 2.2uH 5% 280mA 1008 Ceramic Core Chip Inductors, Coilcraft 1008CS-222XJLC (Pre-Flight, LCSC Extended)",inductor 2.2uH 1008 coilcraft coilcraft ceramic core pre-flight rf/filtering,26,0.5857
L 2.7uH 1008CS 2% Coilcraft,2.7uH,C22418492,Extended,1008CS-272XGLC,Coilcraft,Coilcraft Ceramic Core,1008,2%,,,,290mA,,3.2Ω,,E24,Pre-Flight,RF/Filtering,Device:L,Inductor_SMD:L_1008_2520Metric,https://www.coilcraft.com/en-us/products/rf/ceramic-core-chip-inductors/,https://www.lcsc.com/product-detail/C22418492.html,"Inductor 2.7uH 2% 290mA 1008 Ceramic Core Chip Inductors, Coilcraft 1008CS-272XGLC (Pre-Flight, LCSC Extended)",inductor 2.7uH 1008 coilcraft coilcraft ceramic core pre-flight rf/filtering,24,0.6491
L 3.3uH 1008CS 2% Coilcraft,3.3uH,C22418119,Extended,1008CS-332XGLC,Coilcraft,Coilcraft Ceramic Core,1008,2%,,,,290mA,,3.4Ω,,E24,Pre-Flight,RF/Filtering,Device:L,Inductor_SMD:L_1008_2520Metric,https://www.coilcraft.com/en-us/products/rf/ceramic-core-chip-inductors/,https://www.lcsc.com/product-detail/C22418119.html,"Inductor 3.3uH 2% 290mA 1008 Ceramic Core Chip Inductors, Coilcraft 1008CS-332XGLC (Pre-Flight, LCSC Extended)",inductor 3.3uH 1008 coilcraft coilcraft ceramic core pre-flight rf/filtering,20,0.6849
L 10nH 1206CS 5% Coilcraft,10nH,C37894780,Extended,1206CS-100XJLC,Coilcraft,Coilcraft Ceramic Core,1206,5%,,,,1A,,80mΩ,,E24,Pre-Flight,RF/Filtering,Device:L,Inductor_SMD:L_1206_3216Metric,https://www.coilcraft.com/en-us/products/rf/ceramic-core-chip-inductors/,https://www.lcsc.com/product-detail/C37894780.html,"Inductor 10nH 5% 1A 1206 Ceramic Core Chip Inductors, Coilcraft 1206CS-100XJLC (Pre-Flight, LCSC Extended)",inductor 10nH 1206 coilcraft coilcraft ceramic core pre-flight rf/filtering,19,0.7223
L 18nH 1206CS 2% Coilcraft,18nH,C38737501,Extended,1206CS-180XGLC,Coilcraft,Coilcraft Ceramic Core,1206,2%,,,,1A,,100mΩ,,E24,Pre-Flight,RF/Filtering,Device:L,Inductor_SMD:L_1206_3216Metric,https://www.coilcraft.com/en-us/products/rf/ceramic-core-chip-inductors/,https://www.lcsc.com/product-detail/C38737501.html,"Inductor 18nH 2% 1A 1206 Ceramic Core Chip Inductors, Coilcraft 1206CS-180XGLC (Pre-Flight, LCSC Extended)",inductor 18nH 1206 coilcraft coilcraft ceramic core pre-flight rf/filtering,3,1.1404
L 18nH 1206CS 5% Coilcraft,18nH,C40591350,Extended,1206CS-180XJLC,Coilcraft,Coilcraft Ceramic Core,1206,5%,,,,1A,,100mΩ,,E24,Pre-Flight,RF/Filtering,Device:L,Inductor_SMD:L_1206_3216Metric,https://www.coilcraft.com/en-us/products/rf/ceramic-core-chip-inductors/,https://www.lcsc.com/product-detail/C40591350.html,"Inductor 18nH 5% 1A 1206 Ceramic Core Chip Inductors, Coilcraft 1206CS-180XJLC (Pre-Flight, LCSC Extended)",inductor 18nH 1206 coilcraft coilcraft ceramic core pre-flight rf/filtering,73,0.571
L 27nH 1206CS 2% Coilcraft,27nH,C45898730,Extended,1206CS-270XGLC,Coilcraft,Coilcraft Ceramic Core,1206,2%,,,,1A,,110mΩ,,E24,Pre-Flight,RF/Filtering,Device:L,Inductor_SMD:L_1206_3216Metric,https://www.coilcraft.com/en-us/products/rf/ceramic-core-chip-inductors/,https://www.lcsc.com/product-detail/C45898730.html,"Inductor 27nH 2% 1A 1206 Ceramic Core Chip Inductors, Coilcraft 1206CS-270XGLC (Pre-Flight, LCSC Extended)",inductor 27nH 1206 coilcraft coilcraft ceramic core pre-flight rf/filtering,4,1.251
L 68nH 1206CS 5% Coilcraft,68nH,C39171871,Extended,1206CS-680XJLC,Coilcraft,Coilcraft Ceramic Core,1206,5%,,,,900mA,,260mΩ,,E24,Pre-Flight,RF/Filtering,Device:L,Inductor_SMD:L_1206_3216Metric,https://www.coilcraft.com/en-us/products/rf/ceramic-core-chip-inductors/,https://www.lcsc.com/product-detail/C39171871.html,"Inductor 68nH 5% 900mA 1206 Ceramic Core Chip Inductors, Coilcraft 1206CS-680XJLC (Pre-Flight, LCSC Extended)",inductor 68nH 1206 coilcraft coilcraft ceramic core pre-flight rf/filtering,91,0.7223
L 82nH 1206CS 2% Coilcraft,82nH,C46549543,Extended,1206CS-820XGRC,Coilcraft,Coilcraft Ceramic Core,1206,2%,,,,900mA,,210mΩ,,E24,Pre-Flight,RF/Filtering,Device:L,Inductor_SMD:L_1206_3216Metric,https://www.coilcraft.com/en-us/products/rf/ceramic-core-chip-inductors/,https://www.lcsc.com/product-detail/C46549543.html,"Inductor 82nH 2% 900mA 1206 Ceramic Core Chip Inductors, Coilcraft 1206CS-820XGRC (Pre-Flight, LCSC Extended)",inductor 82nH 1206 coilcraft coilcraft ceramic core pre-flight rf/filtering,4,0.7125
L 100nH 1206CS 2% Coilcraft,100nH,C39556235,Extended,1206CS-101XGLC,Coilcraft,Coilcraft Ceramic Core,1206,2%,,,,850mA,,260mΩ,,E24,Pre-Flight,RF/Filtering,Device:L,Inductor_SMD:L_1206_3216Metric,https://www.coilcraft.com/en-us/products/rf/ceramic-core-chip-inductors/,https://www.lcsc.com/product-detail/C39556235.html,"Inductor 100nH 2% 850mA 1206 Ceramic Core Chip Inductors, Coilcraft 1206CS-101XGLC (Pre-Flight, LCSC Extended)",inductor 100nH 1206 coilcraft coilcraft ceramic core pre-flight rf/filtering,100,1.97
L 150nH 1206CS 2% Coilcraft,150nH,C46470450,Extended,1206CS-151XGEC,Coilcraft,Coilcraft Ceramic Core,1206,2%,,,,750mA,,310mΩ,,E24,Pre-Flight,RF/Filtering,Device:L,Inductor_SMD:L_1206_3216Metric,https://www.coilcraft.com/en-us/products/rf/ceramic-core-chip-inductors/,https://www.lcsc.com/product-detail/C46470450.html,"Inductor 150nH 2% 750mA 1206 Ceramic Core Chip Inductors, Coilcraft 1206CS-151XGEC (Pre-Flight, LCSC Extended)",inductor 150nH 1206 coilcraft coilcraft ceramic core pre-flight rf/filtering,28,0.5141
L 220nH 1206CS 2% Coilcraft,220nH,C46470451,Extended,1206CS-221XGLC,Coilcraft,Coilcraft Ceramic Core,1206,2%,,,,670mA,,500mΩ,,E24,Pre-Flight,RF/Filtering,Device:L,Inductor_SMD:L_1206_3216Metric,https://www.coilcraft.com/en-us/products/rf/ceramic-core-chip-inductors/,https://www.lcsc.com/product-detail/C46470451.html,"Inductor 220nH 2% 670mA 1206 Ceramic Core Chip Inductors, Coilcraft 1206CS-221XGLC (Pre-Flight, LCSC Extended)",inductor 220nH 1206 coilcraft coilcraft ceramic core pre-flight rf/filtering,799,1.6495
L 270nH 1206CS 2% Coilcraft,270nH,C22432969,Extended,1206CS-271XGLC,Coilcraft,Coilcraft Ceramic Core,1206,2%,,,,630mA,,560mΩ,,E24,Pre-Flight,RF/Filtering,Device:L,Inductor_SMD:L_1206_3216Metric,https://www.coilcraft.com/en-us/products/rf/ceramic-core-chip-inductors/,https://www.lcsc.com/product-detail/C22432969.html,"Inductor 270nH 2% 630mA 1206 Ceramic Core Chip Inductors, Coilcraft 1206CS-271XGLC (Pre-Flight, LCSC Extended)",inductor 270nH 1206 coilcraft coilcraft ceramic core pre-flight rf/filtering,88,0.8313
L 330nH 1206CS 2% Coilcraft,330nH,C41251812,Extended,1206CS-331XGRC,Coilcraft,Coilcraft Ceramic Core,1206,2%,,,,590mA,,620mΩ,,E24,Pre-Flight,RF/Filtering,Device:L,Inductor_SMD:L_1206_3216Metric,https://www.coilcraft.com/en-us/products/rf/ceramic-core-chip-inductors/,https://www.lcsc.com/product-detail/C41251812.html,"Inductor 330nH 2% 590mA 1206 Ceramic Core Chip Inductors, Coilcraft 1206CS-331XGRC (Pre-Flight, LCSC Extended)",inductor 330nH 1206 coilcraft coilcraft ceramic core pre-flight rf/filtering,26,0.8248
L 470nH 1206CS 2% Coilcraft,470nH,C50132508,Extended,1206CS-471XGLC,Coilcraft,Coilcraft Ceramic Core,1206,2%,,,,490mA,,1.3Ω,,E24,Pre-Flight,RF/Filtering,Device:L,Inductor_SMD:L_1206_3216Metric,https://www.coilcraft.com/en-us/products/rf/ceramic-core-chip-inductors/,https://www.lcsc.com/product-detail/C50132508.html,"Inductor 470nH 2% 490mA 1206 Ceramic Core Chip Inductors, Coilcraft 1206CS-471XGLC (Pre-Flight, LCSC Extended)",inductor 470nH 1206 coilcraft coilcraft ceramic core pre-flight rf/filtering,64,0.7581
L 470nH 1206CS 5% Coilcraft,470nH,C39447625,Extended,1206CS-471XJLB,Coilcraft,Coilcraft Ceramic Core,1206,5%,,,,490mA,,1.3Ω,,E24,Pre-Flight,RF/Filtering,Device:L,Inductor_SMD:L_1206_3216Metric,https://www.coilcraft.com/en-us/products/rf/ceramic-core-chip-inductors/,https://www.lcsc.com/product-detail/C39447625.html,"Inductor 470nH 5% 490mA 1206 Ceramic Core Chip Inductors, Coilcraft 1206CS-471XJLB (Pre-Flight, LCSC Extended)",inductor 470nH 1206 coilcraft coilcraft ceramic core pre-flight rf/filtering,31,0.5108
L 680nH 1206CS 5% Coilcraft,680nH,C43873183,Extended,1206CS-681XJLC,Coilcraft,Coilcraft Ceramic Core,1206,5%,,,,430mA,,1.58Ω,,E24,Pre-Flight,RF/Filtering,Device:L,Inductor_SMD:L_1206_3216Metric,https://www.coilcraft.com/en-us/products/rf/ceramic-core-chip-inductors/,https://www.lcsc.com/product-detail/C43873183.html,"Inductor 680nH 5% 430mA 1206 Ceramic Core Chip Inductors, Coilcraft 1206CS-681XJLC (Pre-Flight, LCSC Extended)",inductor 680nH 1206 coilcraft coilcraft ceramic core pre-flight rf/filtering,98,0.7223
L 820nH 1206CS 2% Coilcraft,820nH,C45911339,Extended,1206CS-821XGEC,Coilcraft,Coilcraft Ceramic Core,1206,2%,,,,400mA,,1.82Ω,,E24,Pre-Flight,RF/Filtering,Device:L,Inductor_SMD:L_1206_3216Metric,https://www.coilcraft.com/en-us/products/rf/ceramic-core-chip-inductors/,https://www.lcsc.com/product-detail/C45911339.html,"Inductor 820nH 2% 400mA 1206 Ceramic Core Chip Inductors, Coilcraft 1206CS-821XGEC (Pre-Flight, LCSC Extended)",inductor 820nH 1206 coilcraft coilcraft ceramic core pre-flight rf/filtering,53,0.5141
L 1.2uH 1206CS 2% Coilcraft,1.2uH,C19077171,Extended,1206CS-122XGLC,Coilcraft,Coilcraft Ceramic Core,1206,2%,,,,300mA,,3.2Ω,,E24,Pre-Flight,RF/Filtering,Device:L,Inductor_SMD:L_1206_3216Metric,https://www.coilcraft.com/en-us/products/rf/ceramic-core-chip-inductors/,https://www.lcsc.com/product-detail/C19077171.html,"Inductor 1.2uH 2% 300mA 1206 Ceramic Core Chip Inductors, Coilcraft 1206CS-122XGLC (Pre-Flight, LCSC Extended)",inductor 1.2uH 1206 coilcraft coilcraft ceramic core pre-flight rf/filtering,2,0.9988
