Part_ID,Value,LCSC,LCSC_Type,MPN,Manufacturer,Series,Package,Tolerance,Power,Voltage,Dielectric,Current,Isat,DCR,TempCo,Value_Series,Standard,Use_Case,Symbol,Footprint,Datasheet,LCSC_URL,Description,Keywords,Stock,Unit_Price_USD
R 0 0402 Uniroyal,0Ω,C17168,Basic,0402WGF0000TCE,Uniroyal,Uniroyal Thick Film,0402,,62.5mW,50V,,,,,±800ppm/°C,ZERO,Pre-Flight,General Purpose,Device:R,Resistor_SMD:R_0402_1005Metric,https://www.lcsc.com/datasheet/lcsc_datasheet_2206010216_UNI-ROYAL-Uniroyal-Elec-0402WGF0000TCE_C17168.pdf,https://www.lcsc.com/product-detail/chip-resistor-surface-mount_uni-royal-uniroyal-elec-0402wgf0000tce_C17168.html,"Resistor 0Ω 62.5mW 0402 Thick Film Chip Resistors, Uniroyal 0402WGF0000TCE (Pre-Flight, LCSC Basic)",resistor 0Ω 0402 uniroyal uniroyal thick film pre-flight general purpose,11272776,0.0026
R 1 0402 1% Uniroyal,1Ω,C25086,Preferred,0402WGF100KTCE,Uniroyal,Uniroyal Thick Film,0402,1%,62.5mW,50V,,,,,±200ppm/°C,E24,Pre-Flight,General Purpose,Device:R,Resistor_SMD:R_0402_1005Metric,https://www.lcsc.com/datasheet/lcsc_datasheet_2205311900_UNI-ROYAL-Uniroyal-Elec-0402WGF100KTCE_C25086.pdf,https://www.lcsc.com/product-detail/chip-resistor-surface-mount_uni-royal-uniroyal-elec-0402wgf100ktce_C25086.html,"Resistor 1Ω 1% 62.5mW 0402 Thick Film Chip Resistors, Uniroyal 0402WGF100KTCE (Pre-Flight, LCSC Preferred)",resistor 1Ω 0402 uniroyal uniroyal thick film pre-flight general purpose,71255,0.0039
R 10 0402 1% Uniroyal,10Ω,C25077,Basic,0402WGF100JTCE,Uniroyal,Uniroyal Thick Film,0402,1%,62.5mW,50V,,,,,±200ppm/°C,E24,Pre-Flight,General Purpose,Device:R,Resistor_SMD:R_0402_1005Metric,https://www.lcsc.com/datasheet/lcsc_datasheet_2411221126_UNI-ROYAL-Uniroyal-Elec-0402WGF100JTCE_C25077.pdf,https://www.lcsc.com/product-detail/chip-resistor-surface-mount_uni-royal-uniroyal-elec-0402wgf100jtce_C25077.html,"Resistor 10Ω 1% 62.5mW 0402 Thick Film Chip Resistors, Uniroyal 0402WGF100JTCE (Pre-Flight, LCSC Basic)",resistor 10Ω 0402 uniroyal uniroyal thick film pre-flight general purpose,2517523,0.0029
R 22 0402 1% Uniroyal,22Ω,C25092,Basic,0402WGF220JTCE,Uniroyal,Uniroyal Thick Film,0402,1%,62.5mW,50V,,,,,±100ppm/°C,E24,Pre-Flight,General Purpose,Device:R,Resistor_SMD:R_0402_1005Metric,https://www.lcsc.com/datasheet/lcsc_datasheet_2205311900_UNI-ROYAL-Uniroyal-Elec-0402WGF220JTCE_C25092.pdf,https://www.lcsc.com/product-detail/chip-resistor-surface-mount_uni-royal-uniroyal-elec-0402wgf220jtce_C25092.html,"Resistor 22Ω 1% 62.5mW 0402 Thick Film Chip Resistors, Uniroyal 0402WGF220JTCE (Pre-Flight, LCSC Basic)",resistor 22Ω 0402 uniroyal uniroyal thick film pre-flight general purpose,6323962,0.0029
R 33 0402 1% Uniroyal,33Ω,C25105,Basic,0402WGF330JTCE,Uniroyal,Uniroyal Thick Film,0402,1%,62.5mW,50V,,,,,±100ppm/°C,E24,Pre-Flight,General Purpose,Device:R,Resistor_SMD:R_0402_1005Metric,https://www.lcsc.com/datasheet/lcsc_datasheet_2205311900_UNI-ROYAL-Uniroyal-Elec-0402WGF330JTCE_C25105.pdf,https://www.lcsc.com/product-detail/chip-resistor-surface-mount_uni-royal-uniroyal-elec-0402wgf330jtce_C25105.html,"Resistor 33Ω 1% 62.5mW 0402 Thick Film Chip Resistors, Uniroyal 0402WGF330JTCE (Pre-Flight, LCSC Basic)",resistor 33Ω 0402 uniroyal uniroyal thick film pre-flight general purpose,1989181,0.0041
R 47 0402 1% Uniroyal,47Ω,C25118,Preferred,0402WGF470JTCE,Uniroyal,Uniroyal Thick Film,0402,1%,62.5mW,50V,,,,,±100ppm/°C,E24,Pre-Flight,General Purpose,Device:R,Resistor_SMD:R_0402_1005Metric,https://www.lcsc.com/datasheet/lcsc_datasheet_2205311900_UNI-ROYAL-Uniroyal-Elec-0402WGF470JTCE_C25118.pdf,https://www.lcsc.com/product-detail/chip-resistor-surface-mount_uni-royal-uniroyal-elec-0402wgf470jtce_C25118.html,"Resistor 47Ω 1% 62.5mW 0402 Thick Film Chip Resistors, Uniroyal 0402WGF470JTCE (Pre-Flight, LCSC Preferred)",resistor 47Ω 0402 uniroyal uniroyal thick film pre-flight general purpose,534370,0.0036
R 49.9 0402 1% Uniroyal,49.9Ω,C25120,Basic,0402WGF499JTCE,Uniroyal,Uniroyal Thick Film,0402,1%,62.5mW,50V,,,,,±100ppm/°C,E96,Pre-Flight,General Purpose,Device:R,Resistor_SMD:R_0402_1005Metric,https://www.lcsc.com/datasheet/lcsc_datasheet_2205311900_UNI-ROYAL-Uniroyal-Elec-0402WGF499JTCE_C25120.pdf,https://www.lcsc.com/product-detail/chip-resistor-surface-mount_uni-royal-uniroyal-elec-0402wgf499jtce_C25120.html,"Resistor 49.9Ω 1% 62.5mW 0402 Thick Film Chip Resistors, Uniroyal 0402WGF499JTCE (Pre-Flight, LCSC Basic)",resistor 49.9Ω 0402 uniroyal uniroyal thick film pre-flight general purpose,1644300,0.0029
R 51 0402 1% Uniroyal,51Ω,C25125,Preferred,0402WGF510JTCE,Uniroyal,Uniroyal Thick Film,0402,1%,62.5mW,50V,,,,,±100ppm/°C,E24,Pre-Flight,General Purpose,Device:R,Resistor_SMD:R_0402_1005Metric,https://www.lcsc.com/datasheet/lcsc_datasheet_2205311900_UNI-ROYAL-Uniroyal-Elec-0402WGF510JTCE_C25125.pdf,https://www.lcsc.com/product-detail/chip-resistor-surface-mount_uni-royal-uniroyal-elec-0402wgf510jtce_C25125.html,"Resistor 51Ω 1% 62.5mW 0402 Thick Film Chip Resistors, Uniroyal 0402WGF510JTCE (Pre-Flight, LCSC Preferred)",resistor 51Ω 0402 uniroyal uniroyal thick film pre-flight general purpose,184350,0.0041
R 75 0402 1% Uniroyal,75Ω,C25133,Preferred,0402WGF750JTCE,Uniroyal,Uniroyal Thick Film,0402,1%,62.5mW,50V,,,,,±100ppm/°C,E24,Pre-Flight,General Purpose,Device:R,Resistor_SMD:R_0402_1005Metric,https://www.lcsc.com/datasheet/lcsc_datasheet_2205311900_UNI-ROYAL-Uniroyal-Elec-0402WGF750JTCE_C25133.pdf,https://www.lcsc.com/product-detail/chip-resistor-surface-mount_uni-royal-uniroyal-elec-0402wgf750jtce_C25133.html,"Resistor 75Ω 1% 62.5mW 0402 Thick Film Chip Resistors, Uniroyal 0402WGF750JTCE (Pre-Flight, LCSC Preferred)",resistor 75Ω 0402 uniroyal uniroyal thick film pre-flight general purpose,783279,0.003
R 100 0402 1% Uniroyal,100Ω,C25076,Basic,0402WGF1000TCE,Uniroyal,Uniroyal Thick Film,0402,1%,62.5mW,50V,,,,,±100ppm/°C,E24,Pre-Flight,General Purpose,Device:R,Resistor_SMD:R_0402_1005Metric,https://www.lcsc.com/datasheet/lcsc_datasheet_2205311900_UNI-ROYAL-Uniroyal-Elec-0402WGF1000TCE_C25076.pdf,https://www.lcsc.com/product-detail/chip-resistor-surface-mount_uni-royal-uniroyal-elec-0402wgf1000tce_C25076.html,"Resistor 100Ω 1% 62.5mW 0402 Thick Film Chip Resistors, Uniroyal 0402WGF1000TCE (Pre-Flight, LCSC Basic)",resistor 100Ω 0402 uniroyal uniroyal thick film pre-flight general purpose,3223402,0.0037
R 120 0402 1% Uniroyal,120Ω,C25079,Basic,0402WGF1200TCE,Uniroyal,Uniroyal Thick Film,0402,1%,62.5mW,50V,,,,,±100ppm/°C,E24,Pre-Flight,General Purpose,Device:R,Resistor_SMD:R_0402_1005Metric,https://www.lcsc.com/datasheet/lcsc_datasheet_2205311900_UNI-ROYAL-Uniroyal-Elec-0402WGF1200TCE_C25079.pdf,https://www.lcsc.com/product-detail/chip-resistor-surface-mount_uni-royal-uniroyal-elec-0402wgf1200tce_C25079.html,"Resistor 120Ω 1% 62.5mW 0402 Thick Film Chip Resistors, Uniroyal 0402WGF1200TCE (Pre-Flight, LCSC Basic)",resistor 120Ω 0402 uniroyal uniroyal thick film pre-flight general purpose,996610,0.0039
R 150 0402 1% Uniroyal,150Ω,C25082,Preferred,0402WGF1500TCE,Uniroyal,Uniroyal Thick Film,0402,1%,62.5mW,50V,,,,,±100ppm/°C,E24,Pre-Flight,General Purpose,Device:R,Resistor_SMD:R_0402_1005Metric,https://www.lcsc.com/datasheet/lcsc_datasheet_2205311900_UNI-ROYAL-Uniroyal-Elec-0402WGF1500TCE_C25082.pdf,https://www.lcsc.com/product-detail/chip-resistor-surface-mount_uni-royal-uniroyal-elec-0402wgf1500tce_C25082.html,"Resistor 150Ω 1% 62.5mW 0402 Thick Film Chip Resistors, Uniroyal 0402WGF1500TCE (Pre-Flight, LCSC Preferred)",resistor 150Ω 0402 uniroyal uniroyal thick film pre-flight general purpose,249211,0.0019
R 200 0402 1% Uniroyal,200Ω,C25087,Basic,0402WGF2000TCE,Uniroyal,Uniroyal Thick Film,0402,1%,62.5mW,50V,,,,,±100ppm/°C,E24,Pre-Flight,General Purpose,Device:R,Resistor_SMD:R_0402_1005Metric,https://www.lcsc.com/datasheet/lcsc_datasheet_2205311900_UNI-ROYAL-Uniroyal-Elec-0402WGF2000TCE_C25087.pdf,https://www.lcsc.com/product-detail/chip-resistor-surface-mount_uni-royal-uniroyal-elec-0402wgf2000tce_C25087.html,"Resistor 200Ω 1% 62.5mW 0402 Thick Film Chip Resistors, Uniroyal 0402WGF2000TCE (Pre-Flight, LCSC Basic)",resistor 200Ω 0402 uniroyal uniroyal thick film pre-flight general purpose,2966289,0.0029
R 220 0402 1% Uniroyal,220Ω,C25091,Basic,0402WGF2200TCE,Uniroyal,Uniroyal Thick Film,0402,1%,62.5mW,50V,,,,,±100ppm/°C,E24,Pre-Flight,General Purpose,Device:R,Resistor_SMD:R_0402_1005Metric,https://www.lcsc.com/datasheet/lcsc_datasheet_2205311900_UNI-ROYAL-Uniroyal-Elec-0402WGF2200TCE_C25091.pdf,https://www.lcsc.com/product-detail/chip-resistor-surface-mount_uni-royal-uniroyal-elec-0402wgf2200tce_C25091.html,"Resistor 220Ω 1% 62.5mW 0402 Thick Film Chip Resistors, Uniroyal 0402WGF2200TCE (Pre-Flight, LCSC Basic)",resistor 220Ω 0402 uniroyal uniroyal thick film pre-flight general purpose,1545188,0.0035
R 300 0402 1% Uniroyal,300Ω,C25102,Preferred,0402WGF3000TCE,Uniroyal,Uniroyal Thick Film,0402,1%,62.5mW,50V,,,,,±100ppm/°C,E24,Pre-Flight,General Purpose,Device:R,Resistor_SMD:R_0402_1005Metric,https://www.lcsc.com/datasheet/lcsc_datasheet_2205311900_UNI-ROYAL-Uniroyal-Elec-0402WGF3000TCE_C25102.pdf,https://www.lcsc.com/product-detail/chip-resistor-surface-mount_uni-royal-uniroyal-elec-0402wgf3000tce_C25102.html,"Resistor 300Ω 1% 62.5mW 0402 Thick Film Chip Resistors, Uniroyal 0402WGF3000TCE (Pre-Flight, LCSC Preferred)",resistor 300Ω 0402 uniroyal uniroyal thick film pre-flight general purpose,862016,0.0021
R 330 0402 1% Uniroyal,330Ω,C25104,Basic,0402WGF3300TCE,Uniroyal,Uniroyal Thick Film,0402,1%,62.5mW,50V,,,,,±100ppm/°C,E24,Pre-Flight,General Purpose,Device:R,Resistor_SMD:R_0402_1005Metric,https://www.lcsc.com/datasheet/lcsc_datasheet_2205311900_UNI-ROYAL-Uniroyal-Elec-0402WGF3300TCE_C25104.pdf,https://www.lcsc.com/product-detail/chip-resistor-surface-mount_uni-royal-uniroyal-elec-0402wgf3300tce_C25104.html,"Resistor 330Ω 1% 62.5mW 0402 Thick Film Chip Resistors, Uniroyal 0402WGF3300TCE (Pre-Flight, LCSC Basic)",resistor 330Ω 0402 uniroyal uniroyal thick film pre-flight general purpose,1501254,0.0041
R 470 0402 1% Uniroyal,470Ω,C25117,Basic,0402WGF4700TCE,Uniroyal,Uniroyal Thick Film,0402,1%,62.5mW,50V,,,,,±100ppm/°C,E24,Pre-Flight,General Purpose,Device:R,Resistor_SMD:R_0402_1005Metric,https://www.lcsc.com/datasheet/lcsc_datasheet_2205311900_UNI-ROYAL-Uniroyal-Elec-0402WGF4700TCE_C25117.pdf,https://www.lcsc.com/product-detail/chip-resistor-surface-mount_uni-royal-uniroyal-elec-0402wgf4700tce_C25117.html,"Resistor 470Ω 1% 62.5mW 0402 Thick Film Chip Resistors, Uniroyal 0402WGF4700TCE (Pre-Flight, LCSC Basic)",resistor 470Ω 0402 uniroyal uniroyal thick film pre-flight general purpose,1282831,0.0028
R 510 0402 1% Uniroyal,510Ω,C25123,Basic,0402WGF5100TCE,Uniroyal,Uniroyal Thick Film,0402,1%,62.5mW,50V,,,,,±100ppm/°C,E24,Pre-Flight,General Purpose,Device:R,Resistor_SMD:R_0402_1005Metric,https://www.lcsc.com/datasheet/lcsc_datasheet_2205311900_UNI-ROYAL-Uniroyal-Elec-0402WGF5100TCE_C25123.pdf,https://www.lcsc.com/product-detail/chip-resistor-surface-mount_uni-royal-uniroyal-elec-0402wgf5100tce_C25123.html,"Resistor 510Ω 1% 62.5mW 0402 Thick Film Chip Resistors, Uniroyal 0402WGF5100TCE (Pre-Flight, LCSC Basic)",resistor 510Ω 0402 uniroyal uniroyal thick film pre-flight general purpose,2673331,0.0017
R 680 0402 1% Uniroyal,680Ω,C25130,Preferred,0402WGF6800TCE,Uniroyal,Uniroyal Thick Film,0402,1%,62.5mW,50V,,,,,±100ppm/°C,E24,Pre-Flight,General Purpose,Device:R,Resistor_SMD:R_0402_1005Metric,https://www.lcsc.com/datasheet/lcsc_datasheet_2205311900_UNI-ROYAL-Uniroyal-Elec-0402WGF6800TCE_C25130.pdf,https://www.lcsc.com/product-detail/chip-resistor-surface-mount_uni-royal-uniroyal-elec-0402wgf6800tce_C25130.html,"Resistor 680Ω 1% 62.5mW 0402 Thick Film Chip Resistors, Uniroyal 0402WGF6800TCE (Pre-Flight, LCSC Preferred)",resistor 680Ω 0402 uniroyal uniroyal thick film pre-flight general purpose,26317,0.0028
R 1k 0402 1% Uniroyal,1kΩ,C11702,Basic,0402WGF1001TCE,Uniroyal,Uniroyal Thick Film,0402,1%,62.5mW,50V,,,,,±100ppm/°C,E24,Pre-Flight,General Purpose,Device:R,Resistor_SMD:R_0402_1005Metric,https://www.lcsc.com/datasheet/lcsc_datasheet_2206010216_UNI-ROYAL-Uniroyal-Elec-0402WGF1001TCE_C11702.pdf,https://www.lcsc.com/product-detail/chip-resistor-surface-mount_uni-royal-uniroyal-elec-0402wgf1001tce_C11702.html,"Resistor 1kΩ 1% 62.5mW 0402 Thick Film Chip Resistors, Uniroyal 0402WGF1001TCE (Pre-Flight, LCSC Basic)",resistor 1kΩ 0402 uniroyal uniroyal thick film pre-flight general purpose,11583239,0.0022
R 1.2k 0402 1% Uniroyal,1.2kΩ,C25862,Preferred,0402WGF1201TCE,Uniroyal,Uniroyal Thick Film,0402,1%,62.5mW,50V,,,,,±100ppm/°C,E24,Pre-Flight,General Purpose,Device:R,Resistor_SMD:R_0402_1005Metric,https://www.lcsc.com/datasheet/lcsc_datasheet_2206010045_UNI-ROYAL-Uniroyal-Elec-0402WGF1201TCE_C25862.pdf,https://www.lcsc.com/product-detail/chip-resistor-surface-mount_uni-royal-uniroyal-elec-0402wgf1201tce_C25862.html,"Resistor 1.2kΩ 1% 62.5mW 0402 Thick Film Chip Resistors, Uniroyal 0402WGF1201TCE (Pre-Flight, LCSC Preferred)",resistor 1.2kΩ 0402 uniroyal uniroyal thick film pre-flight general purpose,221863,0.0026
R 1.5k 0402 1% Uniroyal,1.5kΩ,C25867,Basic,0402WGF1501TCE,Uniroyal,Uniroyal Thick Film,0402,1%,62.5mW,50V,,,,,±100ppm/°C,E24,Pre-Flight,General Purpose,Device:R,Resistor_SMD:R_0402_1005Metric,https://www.lcsc.com/datasheet/lcsc_datasheet_2206010045_UNI-ROYAL-Uniroyal-Elec-0402WGF1501TCE_C25867.pdf,https://www.lcsc.com/product-detail/chip-resistor-surface-mount_uni-royal-uniroyal-elec-0402wgf1501tce_C25867.html,"Resistor 1.5kΩ 1% 62.5mW 0402 Thick Film Chip Resistors, Uniroyal 0402WGF1501TCE (Pre-Flight, LCSC Basic)",resistor 1.5kΩ 0402 uniroyal uniroyal thick film pre-flight general purpose,2470616,0.0029
R 2k 0402 1% Uniroyal,2kΩ,C4109,Basic,0402WGF2001TCE,Uniroyal,Uniroyal Thick Film,0402,1%,62.5mW,50V,,,,,±100ppm/°C,E24,Pre-Flight,General Purpose,Device:R,Resistor_SMD:R_0402_1005Metric,https://www.lcsc.com/datasheet/lcsc_datasheet_2206010230_UNI-ROYAL-Uniroyal-Elec-0402WGF2001TCE_C4109.pdf,https://www.lcsc.com/product-detail/chip-resistor-surface-mount_uni-royal-uniroyal-elec-0402wgf2001tce_C4109.html,"Resistor 2kΩ 1% 62.5mW 0402 Thick Film Chip Resistors, Uniroyal 0402WGF2001TCE (Pre-Flight, LCSC Basic)",resistor 2kΩ 0402 uniroyal uniroyal thick film pre-flight general purpose,7755470,0.0032
R 2.2k 0402 1% Uniroyal,2.2kΩ,C25879,Basic,0402WGF2201TCE,Uniroyal,Uniroyal Thick Film,0402,1%,62.5mW,50V,,,,,±100ppm/°C,E24,Pre-Flight,General Purpose,Device:R,Resistor_SMD:R_0402_1005Metric,https://www.lcsc.com/datasheet/lcsc_datasheet_2206010045_UNI-ROYAL-Uniroyal-Elec-0402WGF2201TCE_C25879.pdf,https://www.lcsc.com/product-detail/chip-resistor-surface-mount_uni-royal-uniroyal-elec-0402wgf2201tce_C25879.html,"Resistor 2.2kΩ 1% 62.5mW 0402 Thick Film Chip Resistors, Uniroyal 0402WGF2201TCE (Pre-Flight, LCSC Basic)",resistor 2.2kΩ 0402 uniroyal uniroyal thick film pre-flight general purpose,1137939,0.004
R 2.4k 0402 1% Uniroyal,2.4kΩ,C25882,Preferred,0402WGF2401TCE,Uniroyal,Uniroyal Thick Film,0402,1%,62.5mW,50V,,,,,±100ppm/°C,E24,Pre-Flight,General Purpose,Device:R,Resistor_SMD:R_0402_1005Metric,https://www.lcsc.com/datasheet/lcsc_datasheet_2206010045_UNI-ROYAL-Uniroyal-Elec-0402WGF2401TCE_C25882.pdf,https://www.lcsc.com/product-detail/chip-resistor-surface-mount_uni-royal-uniroyal-elec-0402wgf2401tce_C25882.html,"Resistor 2.4kΩ 1% 62.5mW 0402 Thick Film Chip Resistors, Uniroyal 0402WGF2401TCE (Pre-Flight, LCSC Preferred)",resistor 2.4kΩ 0402 uniroyal uniroyal thick film pre-flight general purpose,304036,0.0018
R 3.3k 0402 1% Uniroyal,3.3kΩ,C25890,Basic,0402WGF3301TCE,Uniroyal,Uniroyal Thick Film,0402,1%,62.5mW,50V,,,,,±100ppm/°C,E24,Pre-Flight,General Purpose,Device:R,Resistor_SMD:R_0402_1005Metric,https://www.lcsc.com/datasheet/lcsc_datasheet_2206010045_UNI-ROYAL-Uniroyal-Elec-0402WGF3301TCE_C25890.pdf,https://www.lcsc.com/product-detail/chip-resistor-surface-mount_uni-royal-uniroyal-elec-0402wgf3301tce_C25890.html,"Resistor 3.3kΩ 1% 62.5mW 0402 Thick Film Chip Resistors, Uniroyal 0402WGF3301TCE (Pre-Flight, LCSC Basic)",resistor 3.3kΩ 0402 uniroyal uniroyal thick film pre-flight general purpose,2314556,0.0036
R 3.9k 0402 1% Uniroyal,3.9kΩ,C51721,Preferred,0402WGF3901TCE,Uniroyal,Uniroyal Thick Film,0402,1%,62.5mW,50V,,,,,±100ppm/°C,E24,Pre-Flight,General Purpose,Device:R,Resistor_SMD:R_0402_1005Metric,https://www.lcsc.com/datasheet/lcsc_datasheet_2206010000_UNI-ROYAL-Uniroyal-Elec-0402WGF3901TCE_C51721.pdf,https://www.lcsc.com/product-detail/chip-resistor-surface-mount_uni-royal-uniroyal-elec-0402wgf3901tce_C51721.html,"Resistor 3.9kΩ 1% 62.5mW 0402 Thick Film Chip Resistors, Uniroyal 0402WGF3901TCE (Pre-Flight, LCSC Preferred)",resistor 3.9kΩ 0402 uniroyal uniroyal thick film pre-flight general purpose,130292,0.0017
R 4.7k 0402 1% Uniroyal,4.7kΩ,C25900,Basic,0402WGF4701TCE,Uniroyal,Uniroyal Thick Film,0402,1%,62.5mW,50V,,,,,±100ppm/°C,E24,Pre-Flight,General Purpose,Device:R,Resistor_SMD:R_0402_1005Metric,https://www.lcsc.com/datasheet/lcsc_datasheet_2206010045_UNI-ROYAL-Uniroyal-Elec-0402WGF4701TCE_C25900.pdf,https://www.lcsc.com/product-detail/chip-resistor-surface-mount_uni-royal-uniroyal-elec-0402wgf4701tce_C25900.html,"Resistor 4.7kΩ 1% 62.5mW 0402 Thick Film Chip Resistors, Uniroyal 0402WGF4701TCE (Pre-Flight, LCSC Basic)",resistor 4.7kΩ 0402 uniroyal uniroyal thick film pre-flight general purpose,17766626,0.0029
R 5.1k 0402 1% Uniroyal,5.1kΩ,C25905,Basic,0402WGF5101TCE,Uniroyal,Uniroyal Thick Film,0402,1%,62.5mW,50V,,,,,±100ppm/°C,E24,Pre-Flight,General Purpose,Device:R,Resistor_SMD:R_0402_1005Metric,https://www.lcsc.com/datasheet/lcsc_datasheet_2206010045_UNI-ROYAL-Uniroyal-Elec-0402WGF5101TCE_C25905.pdf,https://www.lcsc.com/product-detail/chip-resistor-surface-mount_uni-royal-uniroyal-elec-0402wgf5101tce_C25905.html,"Resistor 5.1kΩ 1% 62.5mW 0402 Thick Film Chip Resistors, Uniroyal 0402WGF5101TCE (Pre-Flight, LCSC Basic)",resistor 5.1kΩ 0402 uniroyal uniroyal thick film pre-flight general purpose,7261083,0.0025
R 5.6k 0402 1% Uniroyal,5.6kΩ,C25908,Preferred,0402WGF5601TCE,Uniroyal,Uniroyal Thick Film,0402,1%,62.5mW,50V,,,,,±100ppm/°C,E24,Pre-Flight,General Purpose,Device:R,Resistor_SMD:R_0402_1005Metric,https://www.lcsc.com/datasheet/lcsc_datasheet_2206010045_UNI-ROYAL-Uniroyal-Elec-0402WGF5601TCE_C25908.pdf,https://www.lcsc.com/product-detail/chip-resistor-surface-mount_uni-royal-uniroyal-elec-0402wgf5601tce_C25908.html,"Resistor 5.6kΩ 1% 62.5mW 0402 Thick Film Chip Resistors, Uniroyal 0402WGF5601TCE (Pre-Flight, LCSC Preferred)",resistor 5.6kΩ 0402 uniroyal uniroyal thick film pre-flight general purpose,274132,0.0038
R 6.8k 0402 1% Uniroyal,6.8kΩ,C25917,Preferred,0402WGF6801TCE,Uniroyal,Uniroyal Thick Film,0402,1%,62.5mW,50V,,,,,±100ppm/°C,E24,Pre-Flight,General Purpose,Device:R,Resistor_SMD:R_0402_1005Metric,https://www.lcsc.com/datasheet/lcsc_datasheet_2206010045_UNI-ROYAL-Uniroyal-Elec-0402WGF6801TCE_C25917.pdf,https://www.lcsc.com/product-detail/chip-resistor-surface-mount_uni-royal-uniroyal-elec-0402wgf6801tce_C25917.html,"Resistor 6.8kΩ 1% 62.5mW 0402 Thick Film Chip Resistors, Uniroyal 0402WGF6801TCE (Pre-Flight, LCSC Preferred)",resistor 6.8kΩ 0402 uniroyal uniroyal thick film pre-flight general purpose,194719,0.0017
R 7.5k 0402 1% Uniroyal,7.5kΩ,C25918,Preferred,0402WGF7501TCE,Uniroyal,Uniroyal Thick Film,0402,1%,62.5mW,50V,,,,,±100ppm/°C,E24,Pre-Flight,General Purpose,Device:R,Resistor_SMD:R_0402_1005Metric,https://www.lcsc.com/datasheet/lcsc_datasheet_2206010045_UNI-ROYAL-Uniroyal-Elec-0402WGF7501TCE_C25918.pdf,https://www.lcsc.com/product-detail/chip-resistor-surface-mount_uni-royal-uniroyal-elec-0402wgf7501tce_C25918.html,"Resistor 7.5kΩ 1% 62.5mW 0402 Thick Film Chip Resistors, Uniroyal 0402WGF7501TCE (Pre-Flight, LCSC Preferred)",resistor 7.5kΩ 0402 uniroyal uniroyal thick film pre-flight general purpose,1250248,0.0023
R 8.2k 0402 1% Uniroyal,8.2kΩ,C25924,Preferred,0402WGF8201TCE,Uniroyal,Uniroyal Thick Film,0402,1%,62.5mW,50V,,,,,±100ppm/°C,E24,Pre-Flight,General Purpose,Device:R,Resistor_SMD:R_0402_1005Metric,https://www.lcsc.com/datasheet/lcsc_datasheet_2206010045_UNI-ROYAL-Uniroyal-Elec-0402WGF8201TCE_C25924.pdf,https://www.lcsc.com/product-detail/chip-resistor-surface-mount_uni-royal-uniroyal-elec-0402wgf8201tce_C25924.html,"Resistor 8.2kΩ 1% 62.5mW 0402 Thick Film Chip Resistors, Uniroyal 0402WGF8201TCE (Pre-Flight, LCSC Preferred)",resistor 8.2kΩ 0402 uniroyal uniroyal thick film pre-flight general purpose,198991,0.0021
R 10k 0402 1% Uniroyal,10kΩ,C25744,Basic,0402WGF1002TCE,Uniroyal,Uniroyal Thick Film,0402,1%,62.5mW,50V,,,,,±100ppm/°C,E24,Pre-Flight,General Purpose,Device:R,Resistor_SMD:R_0402_1005Metric,https://www.lcsc.com/datasheet/lcsc_datasheet_2411221126_UNI-ROYAL-Uniroyal-Elec-0402WGF1002TCE_C25744.pdf,https://www.lcsc.com/product-detail/chip-resistor-surface-mount_uni-royal-uniroyal-elec-0402wgf1002tce_C25744.html,"Resistor 10kΩ 1% 62.5mW 0402 Thick Film Chip Resistors, Uniroyal 0402WGF1002TCE (Pre-Flight, LCSC Basic)",resistor 10kΩ 0402 uniroyal uniroyal thick film pre-flight general purpose,27492765,0.0031
R 12k 0402 1% Uniroyal,12kΩ,C25752,Basic,0402WGF1202TCE,Uniroyal,Uniroyal Thick Film,0402,1%,62.5mW,50V,,,,,±100ppm/°C,E24,Pre-Flight,General Purpose,Device:R,Resistor_SMD:R_0402_1005Metric,https://www.lcsc.com/datasheet/lcsc_datasheet_2206010100_UNI-ROYAL-Uniroyal-Elec-0402WGF1202TCE_C25752.pdf,https://www.lcsc.com/product-detail/chip-resistor-surface-mount_uni-royal-uniroyal-elec-0402wgf1202tce_C25752.html,"Resistor 12kΩ 1% 62.5mW 0402 Thick Film Chip Resistors, Uniroyal 0402WGF1202TCE (Pre-Flight, LCSC Basic)",resistor 12kΩ 0402 uniroyal uniroyal thick film pre-flight general purpose,686884,0.0037
R 15k 0402 1% Uniroyal,15kΩ,C25756,Basic,0402WGF1502TCE,Uniroyal,Uniroyal Thick Film,0402,1%,62.5mW,50V,,,,,±100ppm/°C,E24,Pre-Flight,General Purpose,Device:R,Resistor_SMD:R_0402_1005Metric,https://www.lcsc.com/datasheet/lcsc_datasheet_2206010100_UNI-ROYAL-Uniroyal-Elec-0402WGF1502TCE_C25756.pdf,https://www.lcsc.com/product-detail/chip-resistor-surface-mount_uni-royal-uniroyal-elec-0402wgf1502tce_C25756.html,"Resistor 15kΩ 1% 62.5mW 0402 Thick Film Chip Resistors, Uniroyal 0402WGF1502TCE (Pre-Flight, LCSC Basic)",resistor 15kΩ 0402 uniroyal uniroyal thick film pre-flight general purpose,1660290,0.0019
R 18k 0402 1% Uniroyal,18kΩ,C25762,Preferred,0402WGF1802TCE,Uniroyal,Uniroyal Thick Film,0402,1%,62.5mW,50V,,,,,±100ppm/°C,E24,Pre-Flight,General Purpose,Device:R,Resistor_SMD:R_0402_1005Metric,https://www.lcsc.com/datasheet/lcsc_datasheet_2206010100_UNI-ROYAL-Uniroyal-Elec-0402WGF1802TCE_C25762.pdf,https://www.lcsc.com/product-detail/chip-resistor-surface-mount_uni-royal-uniroyal-elec-0402wgf1802tce_C25762.html,"Resistor 18kΩ 1% 62.5mW 0402 Thick Film Chip Resistors, Uniroyal 0402WGF1802TCE (Pre-Flight, LCSC Preferred)",resistor 18kΩ 0402 uniroyal uniroyal thick film pre-flight general purpose,630968,0.0015
R 20k 0402 1% Uniroyal,20kΩ,C25765,Basic,0402WGF2002TCE,Uniroyal,Uniroyal Thick Film,0402,1%,62.5mW,50V,,,,,±100ppm/°C,E24,Pre-Flight,General Purpose,Device:R,Resistor_SMD:R_0402_1005Metric,https://www.lcsc.com/datasheet/lcsc_datasheet_2206010100_UNI-ROYAL-Uniroyal-Elec-0402WGF2002TCE_C25765.pdf,https://www.lcsc.com/product-detail/chip-resistor-surface-mount_uni-royal-uniroyal-elec-0402wgf2002tce_C25765.html,"Resistor 20kΩ 1% 62.5mW 0402 Thick Film Chip Resistors, Uniroyal 0402WGF2002TCE (Pre-Flight, LCSC Basic)",resistor 20kΩ 0402 uniroyal uniroyal thick film pre-flight general purpose,1730247,0.0023
R 22k 0402 1% Uniroyal,22kΩ,C25768,Basic,0402WGF2202TCE,Uniroyal,Uniroyal Thick Film,0402,1%,62.5mW,50V,,,,,±100ppm/°C,E24,Pre-Flight,General Purpose,Device:R,Resistor_SMD:R_0402_1005Metric,https://www.lcsc.com/datasheet/lcsc_datasheet_2206010100_UNI-ROYAL-Uniroyal-Elec-0402WGF2202TCE_C25768.pdf,https://www.lcsc.com/product-detail/chip-resistor-surface-mount_uni-royal-uniroyal-elec-0402wgf2202tce_C25768.html,"Resistor 22kΩ 1% 62.5mW 0402 Thick Film Chip Resistors, Uniroyal 0402WGF2202TCE (Pre-Flight, LCSC Basic)",resistor 22kΩ 0402 uniroyal uniroyal thick film pre-flight general purpose,850579,0.004
R 27k 0402 1% Uniroyal,27kΩ,C25771,Preferred,0402WGF2702TCE,Uniroyal,Uniroyal Thick Film,0402,1%,62.5mW,50V,,,,,±100ppm/°C,E24,Pre-Flight,General Purpose,Device:R,Resistor_SMD:R_0402_1005Metric,https://www.lcsc.com/datasheet/lcsc_datasheet_2206010100_UNI-ROYAL-Uniroyal-Elec-0402WGF2702TCE_C25771.pdf,https://www.lcsc.com/product-detail/chip-resistor-surface-mount_uni-royal-uniroyal-elec-0402wgf2702tce_C25771.html,"Resistor 27kΩ 1% 62.5mW 0402 Thick Film Chip Resistors, Uniroyal 0402WGF2702TCE (Pre-Flight, LCSC Preferred)",resistor 27kΩ 0402 uniroyal uniroyal thick film pre-flight general purpose,374887,0.0019
R 33k 0402 1% Uniroyal,33kΩ,C25779,Basic,0402WGF3302TCE,Uniroyal,Uniroyal Thick Film,0402,1%,62.5mW,50V,,,,,±100ppm/°C,E24,Pre-Flight,General Purpose,Device:R,Resistor_SMD:R_0402_1005Metric,https://www.lcsc.com/datasheet/lcsc_datasheet_2206010100_UNI-ROYAL-Uniroyal-Elec-0402WGF3302TCE_C25779.pdf,https://www.lcsc.com/product-detail/chip-resistor-surface-mount_uni-royal-uniroyal-elec-0402wgf3302tce_C25779.html,"Resistor 33kΩ 1% 62.5mW 0402 Thick Film Chip Resistors, Uniroyal 0402WGF3302TCE (Pre-Flight, LCSC Basic)",resistor 33kΩ 0402 uniroyal uniroyal thick film pre-flight general purpose,1396575,0.0092
R 39k 0402 1% Uniroyal,39kΩ,C25783,Preferred,0402WGF3902TCE,Uniroyal,Uniroyal Thick Film,0402,1%,62.5mW,50V,,,,,±100ppm/°C,E24,Pre-Flight,General Purpose,Device:R,Resistor_SMD:R_0402_1005Metric,https://www.lcsc.com/datasheet/lcsc_datasheet_2206010100_UNI-ROYAL-Uniroyal-Elec-0402WGF3902TCE_C25783.pdf,https://www.lcsc.com/product-detail/chip-resistor-surface-mount_uni-royal-uniroyal-elec-0402wgf3902tce_C25783.html,"Resistor 39kΩ 1% 62.5mW 0402 Thick Film Chip Resistors, Uniroyal 0402WGF3902TCE (Pre-Flight, LCSC Preferred)",resistor 39kΩ 0402 uniroyal uniroyal thick film pre-flight general purpose,291605,0.0026
R 47k 0402 1% Uniroyal,47kΩ,C25792,Basic,0402WGF4702TCE,Uniroyal,Uniroyal Thick Film,0402,1%,62.5mW,50V,,,,,±100ppm/°C,E24,Pre-Flight,General Purpose,Device:R,Resistor_SMD:R_0402_1005Metric,https://www.lcsc.com/datasheet/lcsc_datasheet_2206010100_UNI-ROYAL-Uniroyal-Elec-0402WGF4702TCE_C25792.pdf,https://www.lcsc.com/product-detail/chip-resistor-surface-mount_uni-royal-uniroyal-elec-0402wgf4702tce_C25792.html,"Resistor 47kΩ 1% 62.5mW 0402 Thick Film Chip Resistors, Uniroyal 0402WGF4702TCE (Pre-Flight, LCSC Basic)",resistor 47kΩ 0402 uniroyal uniroyal thick film pre-flight general purpose,5977878,0.0027
R 49.9k 0402 1% Uniroyal,49.9kΩ,C25897,Preferred,0402WGF4992TCE,Uniroyal,Uniroyal Thick Film,0402,1%,62.5mW,50V,,,,,±100ppm/°C,E96,Pre-Flight,General Purpose,Device:R,Resistor_SMD:R_0402_1005Metric,https://www.lcsc.com/datasheet/lcsc_datasheet_2206010045_UNI-ROYAL-Uniroyal-Elec-0402WGF4992TCE_C25897.pdf,https://www.lcsc.com/product-detail/chip-resistor-surface-mount_uni-royal-uniroyal-elec-0402wgf4992tce_C25897.html,"Resistor 49.9kΩ 1% 62.5mW 0402 Thick Film Chip Resistors, Uniroyal 0402WGF4992TCE (Pre-Flight, LCSC Preferred)",resistor 49.9kΩ 0402 uniroyal uniroyal thick film pre-flight general purpose,87018,0.003
R 51k 0402 1% Uniroyal,51kΩ,C25794,Basic,0402WGF5102TCE,Uniroyal,Uniroyal Thick Film,0402,1%,62.5mW,50V,,,,,±100ppm/°C,E24,Pre-Flight,General Purpose,Device:R,Resistor_SMD:R_0402_1005Metric,https://www.lcsc.com/datasheet/lcsc_datasheet_2411221126_UNI-ROYAL-Uniroyal-Elec-0402WGF5102TCE_C25794.pdf,https://www.lcsc.com/product-detail/chip-resistor-surface-mount_uni-royal-uniroyal-elec-0402wgf5102tce_C25794.html,"Resistor 51kΩ 1% 62.5mW 0402 Thick Film Chip Resistors, Uniroyal 0402WGF5102TCE (Pre-Flight, LCSC Basic)",resistor 51kΩ 0402 uniroyal uniroyal thick film pre-flight general purpose,2212922,0.0019
R 56k 0402 1% Uniroyal,56kΩ,C25796,Preferred,0402WGF5602TCE,Uniroyal,Uniroyal Thick Film,0402,1%,62.5mW,50V,,,,,±100ppm/°C,E24,Pre-Flight,General Purpose,Device:R,Resistor_SMD:R_0402_1005Metric,https://www.lcsc.com/datasheet/lcsc_datasheet_2411221126_UNI-ROYAL-Uniroyal-Elec-0402WGF5602TCE_C25796.pdf,https://www.lcsc.com/product-detail/chip-resistor-surface-mount_uni-royal-uniroyal-elec-0402wgf5602tce_C25796.html,"Resistor 56kΩ 1% 62.5mW 0402 Thick Film Chip Resistors, Uniroyal 0402WGF5602TCE (Pre-Flight, LCSC Preferred)",resistor 56kΩ 0402 uniroyal uniroyal thick film pre-flight general purpose,226731,0.0034
R 68k 0402 1% Uniroyal,68kΩ,C36871,Preferred,0402WGF6802TCE,Uniroyal,Uniroyal Thick Film,0402,1%,62.5mW,50V,,,,,±100ppm/°C,E24,Pre-Flight,General Purpose,Device:R,Resistor_SMD:R_0402_1005Metric,https://www.lcsc.com/datasheet/lcsc_datasheet_2206010030_UNI-ROYAL-Uniroyal-Elec-0402WGF6802TCE_C36871.pdf,https://www.lcsc.com/product-detail/chip-resistor-surface-mount_uni-royal-uniroyal-elec-0402wgf6802tce_C36871.html,"Resistor 68kΩ 1% 62.5mW 0402 Thick Film Chip Resistors, Uniroyal 0402WGF6802TCE (Pre-Flight, LCSC Preferred)",resistor 68kΩ 0402 uniroyal uniroyal thick film pre-flight general purpose,287408,0.0022
R 75k 0402 1% Uniroyal,75kΩ,C25798,Preferred,0402WGF7502TCE,Uniroyal,Uniroyal Thick Film,0402,1%,62.5mW,50V,,,,,±100ppm/°C,E24,Pre-Flight,General Purpose,Device:R,Resistor_SMD:R_0402_1005Metric,https://www.lcsc.com/datasheet/lcsc_datasheet_2206010045_UNI-ROYAL-Uniroyal-Elec-0402WGF7502TCE_C25798.pdf,https://www.lcsc.com/product-detail/chip-resistor-surface-mount_uni-royal-uniroyal-elec-0402wgf7502tce_C25798.html,"Resistor 75kΩ 1% 62.5mW 0402 Thick Film Chip Resistors, Uniroyal 0402WGF7502TCE (Pre-Flight, LCSC Preferred)",resistor 75kΩ 0402 uniroyal uniroyal thick film pre-flight general purpose,89189,0.003
R 100k 0402 1% Uniroyal,100kΩ,C25741,Basic,0402WGF1003TCE,Uniroyal,Uniroyal Thick Film,0402,1%,62.5mW,50V,,,,,±100ppm/°C,E24,Pre-Flight,General Purpose,Device:R,Resistor_SMD:R_0402_1005Metric,https://www.lcsc.com/datasheet/lcsc_datasheet_2206010100_UNI-ROYAL-Uniroyal-Elec-0402WGF1003TCE_C25741.pdf,https://www.lcsc.com/product-detail/chip-resistor-surface-mount_uni-royal-uniroyal-elec-0402wgf1003tce_C25741.html,"Resistor 100kΩ 1% 62.5mW 0402 Thick Film Chip Resistors, Uniroyal 0402WGF1003TCE (Pre-Flight, LCSC Basic)",resistor 100kΩ 0402 uniroyal uniroyal thick film pre-flight general purpose,11099664,0.0025
R 120k 0402 1% Uniroyal,120kΩ,C25750,Preferred,0402WGF1203TCE,Uniroyal,Uniroyal Thick Film,0402,1%,62.5mW,50V,,,,,±100ppm/°C,E24,Pre-Flight,General Purpose,Device:R,Resistor_SMD:R_0402_1005Metric,https://www.lcsc.com/datasheet/lcsc_datasheet_2206010100_UNI-ROYAL-Uniroyal-Elec-0402WGF1203TCE_C25750.pdf,https://www.lcsc.com/product-detail/chip-resistor-surface-mount_uni-royal-uniroyal-elec-0402wgf1203tce_C25750.html,"Resistor 120kΩ 1% 62.5mW 0402 Thick Film Chip Resistors, Uniroyal 0402WGF1203TCE (Pre-Flight, LCSC Preferred)",resistor 120kΩ 0402 uniroyal uniroyal thick film pre-flight general purpose,800196,0.0013
R 150k 0402 1% Uniroyal,150kΩ,C25755,Preferred,0402WGF1503TCE,Uniroyal,Uniroyal Thick Film,0402,1%,62.5mW,50V,,,,,±100ppm/°C,E24,Pre-Flight,General Purpose,Device:R,Resistor_SMD:R_0402_1005Metric,https://www.lcsc.com/datasheet/lcsc_datasheet_2206010100_UNI-ROYAL-Uniroyal-Elec-0402WGF1503TCE_C25755.pdf,https://www.lcsc.com/product-detail/chip-resistor-surface-mount_uni-royal-uniroyal-elec-0402wgf1503tce_C25755.html,"Resistor 150kΩ 1% 62.5mW 0402 Thick Film Chip Resistors, Uniroyal 0402WGF1503TCE (Pre-Flight, LCSC Preferred)",resistor 150kΩ 0402 uniroyal uniroyal thick film pre-flight general purpose,344877,0.0049
R 200k 0402 1% Uniroyal,200kΩ,C25764,Basic,0402WGF2003TCE,Uniroyal,Uniroyal Thick Film,0402,1%,62.5mW,50V,,,,,±100ppm/°C,E24,Pre-Flight,General Purpose,Device:R,Resistor_SMD:R_0402_1005Metric,https://www.lcsc.com/datasheet/lcsc_datasheet_2206010100_UNI-ROYAL-Uniroyal-Elec-0402WGF2003TCE_C25764.pdf,https://www.lcsc.com/product-detail/chip-resistor-surface-mount_uni-royal-uniroyal-elec-0402wgf2003tce_C25764.html,"Resistor 200kΩ 1% 62.5mW 0402 Thick Film Chip Resistors, Uniroyal 0402WGF2003TCE (Pre-Flight, LCSC Basic)",resistor 200kΩ 0402 uniroyal uniroyal thick film pre-flight general purpose,2206873,0.002
R 220k 0402 1% Uniroyal,220kΩ,C25767,Preferred,0402WGF2203TCE,Uniroyal,Uniroyal Thick Film,0402,1%,62.5mW,50V,,,,,±100ppm/°C,E24,Pre-Flight,General Purpose,Device:R,Resistor_SMD:R_0402_1005Metric,https://www.lcsc.com/datasheet/lcsc_datasheet_2206010100_UNI-ROYAL-Uniroyal-Elec-0402WGF2203TCE_C25767.pdf,https://www.lcsc.com/product-detail/chip-resistor-surface-mount_uni-royal-uniroyal-elec-0402wgf2203tce_C25767.html,"Resistor 220kΩ 1% 62.5mW 0402 Thick Film Chip Resistors, Uniroyal 0402WGF2203TCE (Pre-Flight, LCSC Preferred)",resistor 220kΩ 0402 uniroyal uniroyal thick film pre-flight general purpose,131962,0.0024
R 300k 0402 1% Uniroyal,300kΩ,C25774,Preferred,0402WGF3003TCE,Uniroyal,Uniroyal Thick Film,0402,1%,62.5mW,50V,,,,,±100ppm/°C,E24,Pre-Flight,General Purpose,Device:R,Resistor_SMD:R_0402_1005Metric,https://www.lcsc.com/datasheet/lcsc_datasheet_2206010100_UNI-ROYAL-Uniroyal-Elec-0402WGF3003TCE_C25774.pdf,https://www.lcsc.com/product-detail/chip-resistor-surface-mount_uni-royal-uniroyal-elec-0402wgf3003tce_C25774.html,"Resistor 300kΩ 1% 62.5mW 0402 Thick Film Chip Resistors, Uniroyal 0402WGF3003TCE (Pre-Flight, LCSC Preferred)",resistor 300kΩ 0402 uniroyal uniroyal thick film pre-flight general purpose,383927,0.0032
R 330k 0402 1% Uniroyal,330kΩ,C25778,Preferred,0402WGF3303TCE,Uniroyal,Uniroyal Thick Film,0402,1%,62.5mW,50V,,,,,±100ppm/°C,E24,Pre-Flight,General Purpose,Device:R,Resistor_SMD:R_0402_1005Metric,https://www.lcsc.com/datasheet/lcsc_datasheet_2206010100_UNI-ROYAL-Uniroyal-Elec-0402WGF3303TCE_C25778.pdf,https://www.lcsc.com/product-detail/chip-resistor-surface-mount_uni-royal-uniroyal-elec-0402wgf3303tce_C25778.html,"Resistor 330kΩ 1% 62.5mW 0402 Thick Film Chip Resistors, Uniroyal 0402WGF3303TCE (Pre-Flight, LCSC Preferred)",resistor 330kΩ 0402 uniroyal uniroyal thick film pre-flight general purpose,181148,0.0032
R 470k 0402 1% Uniroyal,470kΩ,C25790,Preferred,0402WGF4703TCE,Uniroyal,Uniroyal Thick Film,0402,1%,62.5mW,50V,,,,,±100ppm/°C,E24,Pre-Flight,General Purpose,Device:R,Resistor_SMD:R_0402_1005Metric,https://www.lcsc.com/datasheet/lcsc_datasheet_2206010100_UNI-ROYAL-Uniroyal-Elec-0402WGF4703TCE_C25790.pdf,https://www.lcsc.com/product-detail/chip-resistor-surface-mount_uni-royal-uniroyal-elec-0402wgf4703tce_C25790.html,"Resistor 470kΩ 1% 62.5mW 0402 Thick Film Chip Resistors, Uniroyal 0402WGF4703TCE (Pre-Flight, LCSC Preferred)",resistor 470kΩ 0402 uniroyal uniroyal thick film pre-flight general purpose,376536,0.0033
R 510k 0402 1% Uniroyal,510kΩ,C11616,Preferred,0402WGF5103TCE,Uniroyal,Uniroyal Thick Film,0402,1%,62.5mW,50V,,,,,±100ppm/°C,E24,Pre-Flight,General Purpose,Device:R,Resistor_SMD:R_0402_1005Metric,https://www.lcsc.com/datasheet/lcsc_datasheet_2206010216_UNI-ROYAL-Uniroyal-Elec-0402WGF5103TCE_C11616.pdf,https://www.lcsc.com/product-detail/chip-resistor-surface-mount_uni-royal-uniroyal-elec-0402wgf5103tce_C11616.html,"Resistor 510kΩ 1% 62.5mW 0402 Thick Film Chip Resistors, Uniroyal 0402WGF5103TCE (Pre-Flight, LCSC Preferred)",resistor 510kΩ 0402 uniroyal uniroyal thick film pre-flight general purpose,25210,0.0051
R 1M 0402 1% Uniroyal,1MΩ,C26083,Basic,0402WGF1004TCE,Uniroyal,Uniroyal Thick Film,0402,1%,62.5mW,50V,,,,,±100ppm/°C,E24,Pre-Flight,General Purpose,Device:R,Resistor_SMD:R_0402_1005Metric,https://www.lcsc.com/datasheet/lcsc_datasheet_2206010030_UNI-ROYAL-Uniroyal-Elec-0402WGF1004TCE_C26083.pdf,https://www.lcsc.com/product-detail/chip-resistor-surface-mount_uni-royal-uniroyal-elec-0402wgf1004tce_C26083.html,"Resistor 1MΩ 1% 62.5mW 0402 Thick Film Chip Resistors, Uniroyal 0402WGF1004TCE (Pre-Flight, LCSC Basic)",resistor 1MΩ 0402 uniroyal uniroyal thick film pre-flight general purpose,2688779,0.0024
R 0 0603 Uniroyal,0Ω,C21189,Basic,0603WAF0000T5E,Uniroyal,Uniroyal Thick Film,0603,,100mW,75V,,,,,,ZERO,Pre-Flight,General Purpose,Device:R,Resistor_SMD:R_0603_1608Metric,https://www.lcsc.com/datasheet/lcsc_datasheet_2411221126_UNI-ROYAL-Uniroyal-Elec-0603WAF0000T5E_C21189.pdf,https://www.lcsc.com/product-detail/chip-resistor-surface-mount_uni-royal-uniroyal-elec-0603waf0000t5e_C21189.html,"Resistor 0Ω 100mW 0603 Thick Film Chip Resistors, Uniroyal 0603WAF0000T5E (Pre-Flight, LCSC Basic)",resistor 0Ω 0603 uniroyal uniroyal thick film pre-flight general purpose,18566477,0.0026
R 1 0603 1% Uniroyal,1Ω,C22936,Basic,0603WAF100KT5E,Uniroyal,Uniroyal Thick Film,0603,1%,100mW,75V,,,,,±400ppm/°C,E24,Pre-Flight,General Purpose,Device:R,Resistor_SMD:R_0603_1608Metric,https://www.lcsc.com/datasheet/lcsc_datasheet_2206010130_UNI-ROYAL-Uniroyal-Elec-0603WAF100KT5E_C22936.pdf,https://www.lcsc.com/product-detail/chip-resistor-surface-mount_uni-royal-uniroyal-elec-0603waf100kt5e_C22936.html,"Resistor 1Ω 1% 100mW 0603 Thick Film Chip Resistors, Uniroyal 0603WAF100KT5E (Pre-Flight, LCSC Basic)",resistor 1Ω 0603 uniroyal uniroyal thick film pre-flight general purpose,710633,0.0035
R 2 0603 1% Uniroyal,2Ω,C22977,Basic,0603WAF200KT5E,Uniroyal,Uniroyal Thick Film,0603,1%,100mW,75V,,,,,±200ppm/°C,E24,Pre-Flight,General Purpose,Device:R,Resistor_SMD:R_0603_1608Metric,https://www.lcsc.com/datasheet/lcsc_datasheet_2206010116_UNI-ROYAL-Uniroyal-Elec-0603WAF200KT5E_C22977.pdf,https://www.lcsc.com/product-detail/chip-resistor-surface-mount_uni-royal-uniroyal-elec-0603waf200kt5e_C22977.html,"Resistor 2Ω 1% 100mW 0603 Thick Film Chip Resistors, Uniroyal 0603WAF200KT5E (Pre-Flight, LCSC Basic)",resistor 2Ω 0603 uniroyal uniroyal thick film pre-flight general purpose,1368659,0.0031
R 2.2 0603 1% Uniroyal,2.2Ω,C22939,Basic,0603WAF220KT5E,Uniroyal,Uniroyal Thick Film,0603,1%,100mW,75V,,,,,±400ppm/°C,E24,Pre-Flight,General Purpose,Device:R,Resistor_SMD:R_0603_1608Metric,https://www.lcsc.com/datasheet/lcsc_datasheet_2206010130_UNI-ROYAL-Uniroyal-Elec-0603WAF220KT5E_C22939.pdf,https://www.lcsc.com/product-detail/chip-resistor-surface-mount_uni-royal-uniroyal-elec-0603waf220kt5e_C22939.html,"Resistor 2.2Ω 1% 100mW 0603 Thick Film Chip Resistors, Uniroyal 0603WAF220KT5E (Pre-Flight, LCSC Basic)",resistor 2.2Ω 0603 uniroyal uniroyal thick film pre-flight general purpose,474385,0.0036
R 4.7 0603 1% Uniroyal,4.7Ω,C23164,Basic,0603WAF470KT5E,Uniroyal,Uniroyal Thick Film,0603,1%,100mW,75V,,,,,±400ppm/°C,E24,Pre-Flight,General Purpose,Device:R,Resistor_SMD:R_0603_1608Metric,https://www.lcsc.com/datasheet/lcsc_datasheet_2206010116_UNI-ROYAL-Uniroyal-Elec-0603WAF470KT5E_C23164.pdf,https://www.lcsc.com/product-detail/chip-resistor-surface-mount_uni-royal-uniroyal-elec-0603waf470kt5e_C23164.html,"Resistor 4.7Ω 1% 100mW 0603 Thick Film Chip Resistors, Uniroyal 0603WAF470KT5E (Pre-Flight, LCSC Basic)",resistor 4.7Ω 0603 uniroyal uniroyal thick film pre-flight general purpose,832900,0.0028
R 5.1 0603 1% Uniroyal,5.1Ω,C25197,Basic,0603WAF510KT5E,Uniroyal,Uniroyal Thick Film,0603,1%,100mW,75V,,,,,±200ppm/°C,E24,Pre-Flight,General Purpose,Device:R,Resistor_SMD:R_0603_1608Metric,https://www.lcsc.com/datasheet/lcsc_datasheet_2205311845_UNI-ROYAL-Uniroyal-Elec-0603WAF510KT5E_C25197.pdf,https://www.lcsc.com/product-detail/chip-resistor-surface-mount_uni-royal-uniroyal-elec-0603waf510kt5e_C25197.html,"Resistor 5.1Ω 1% 100mW 0603 Thick Film Chip Resistors, Uniroyal 0603WAF510KT5E (Pre-Flight, LCSC Basic)",resistor 5.1Ω 0603 uniroyal uniroyal thick film pre-flight general purpose,338515,0.0022
R 10 0603 1% Uniroyal,10Ω,C22859,Basic,0603WAF100JT5E,Uniroyal,Uniroyal Thick Film,0603,1%,100mW,75V,,,,,±400ppm/°C,E24,Pre-Flight,General Purpose,Device:R,Resistor_SMD:R_0603_1608Metric,https://www.lcsc.com/datasheet/lcsc_datasheet_2206010130_UNI-ROYAL-Uniroyal-Elec-0603WAF100JT5E_C22859.pdf,https://www.lcsc.com/product-detail/chip-resistor-surface-mount_uni-royal-uniroyal-elec-0603waf100jt5e_C22859.html,"Resistor 10Ω 1% 100mW 0603 Thick Film Chip Resistors, Uniroyal 0603WAF100JT5E (Pre-Flight, LCSC Basic)",resistor 10Ω 0603 uniroyal uniroyal thick film pre-flight general purpose,8660145,0.0037
R 15 0603 1% Uniroyal,15Ω,C22810,Preferred,0603WAF150JT5E,Uniroyal,Uniroyal Thick Film,0603,1%,100mW,75V,,,,,±100ppm/°C,E24,Pre-Flight,General Purpose,Device:R,Resistor_SMD:R_0603_1608Metric,https://www.lcsc.com/datasheet/lcsc_datasheet_2206010130_UNI-ROYAL-Uniroyal-Elec-0603WAF150JT5E_C22810.pdf,https://www.lcsc.com/product-detail/chip-resistor-surface-mount_uni-royal-uniroyal-elec-0603waf150jt5e_C22810.html,"Resistor 15Ω 1% 100mW 0603 Thick Film Chip Resistors, Uniroyal 0603WAF150JT5E (Pre-Flight, LCSC Preferred)",resistor 15Ω 0603 uniroyal uniroyal thick film pre-flight general purpose,438610,0.0017
R 20 0603 1% Uniroyal,20Ω,C22950,Basic,0603WAF200JT5E,Uniroyal,Uniroyal Thick Film,0603,1%,100mW,75V,,,,,±100ppm/°C,E24,Pre-Flight,General Purpose,Device:R,Resistor_SMD:R_0603_1608Metric,https://www.lcsc.com/datasheet/lcsc_datasheet_2206010130_UNI-ROYAL-Uniroyal-Elec-0603WAF200JT5E_C22950.pdf,https://www.lcsc.com/product-detail/chip-resistor-surface-mount_uni-royal-uniroyal-elec-0603waf200jt5e_C22950.html,"Resistor 20Ω 1% 100mW 0603 Thick Film Chip Resistors, Uniroyal 0603WAF200JT5E (Pre-Flight, LCSC Basic)",resistor 20Ω 0603 uniroyal uniroyal thick film pre-flight general purpose,2083736,0.0027
R 22 0603 1% Uniroyal,22Ω,C23345,Basic,0603WAF220JT5E,Uniroyal,Uniroyal Thick Film,0603,1%,100mW,75V,,,,,±100ppm/°C,E24,Pre-Flight,General Purpose,Device:R,Resistor_SMD:R_0603_1608Metric,https://www.lcsc.com/datasheet/lcsc_datasheet_2206010100_UNI-ROYAL-Uniroyal-Elec-0603WAF220JT5E_C23345.pdf,https://www.lcsc.com/product-detail/chip-resistor-surface-mount_uni-royal-uniroyal-elec-0603waf220jt5e_C23345.html,"Resistor 22Ω 1% 100mW 0603 Thick Film Chip Resistors, Uniroyal 0603WAF220JT5E (Pre-Flight, LCSC Basic)",resistor 22Ω 0603 uniroyal uniroyal thick film pre-flight general purpose,7577298,0.0018
R 27 0603 1% Uniroyal,27Ω,C25190,Preferred,0603WAF270JT5E,Uniroyal,Uniroyal Thick Film,0603,1%,100mW,75V,,,,,±200ppm/°C,E24,Pre-Flight,General Purpose,Device:R,Resistor_SMD:R_0603_1608Metric,https://www.lcsc.com/datasheet/lcsc_datasheet_2205311845_UNI-ROYAL-Uniroyal-Elec-0603WAF270JT5E_C25190.pdf,https://www.lcsc.com/product-detail/chip-resistor-surface-mount_uni-royal-uniroyal-elec-0603waf270jt5e_C25190.html,"Resistor 27Ω 1% 100mW 0603 Thick Film Chip Resistors, Uniroyal 0603WAF270JT5E (Pre-Flight, LCSC Preferred)",resistor 27Ω 0603 uniroyal uniroyal thick film pre-flight general purpose,218330,0.0023
R 33 0603 1% Uniroyal,33Ω,C23140,Basic,0603WAF330JT5E,Uniroyal,Uniroyal Thick Film,0603,1%,100mW,75V,,,,,±100ppm/°C,E24,Pre-Flight,General Purpose,Device:R,Resistor_SMD:R_0603_1608Metric,https://www.lcsc.com/datasheet/lcsc_datasheet_2206010116_UNI-ROYAL-Uniroyal-Elec-0603WAF330JT5E_C23140.pdf,https://www.lcsc.com/product-detail/chip-resistor-surface-mount_uni-royal-uniroyal-elec-0603waf330jt5e_C23140.html,"Resistor 33Ω 1% 100mW 0603 Thick Film Chip Resistors, Uniroyal 0603WAF330JT5E (Pre-Flight, LCSC Basic)",resistor 33Ω 0603 uniroyal uniroyal thick film pre-flight general purpose,5282905,0.0028
R 47 0603 1% Uniroyal,47Ω,C23182,Basic,0603WAF470JT5E,Uniroyal,Uniroyal Thick Film,0603,1%,100mW,75V,,,,,±100ppm/°C,E24,Pre-Flight,General Purpose,Device:R,Resistor_SMD:R_0603_1608Metric,https://www.lcsc.com/datasheet/lcsc_datasheet_2206010116_UNI-ROYAL-Uniroyal-Elec-0603WAF470JT5E_C23182.pdf,https://www.lcsc.com/product-detail/chip-resistor-surface-mount_uni-royal-uniroyal-elec-0603waf470jt5e_C23182.html,"Resistor 47Ω 1% 100mW 0603 Thick Film Chip Resistors, Uniroyal 0603WAF470JT5E (Pre-Flight, LCSC Basic)",resistor 47Ω 0603 uniroyal uniroyal thick film pre-flight general purpose,1510558,0.0043
R 49.9 0603 1% Uniroyal,49.9Ω,C23185,Basic,0603WAF499JT5E,Uniroyal,Uniroyal Thick Film,0603,1%,100mW,75V,,,,,±100ppm/°C,E96,Pre-Flight,General Purpose,Device:R,Resistor_SMD:R_0603_1608Metric,https://www.lcsc.com/datasheet/lcsc_datasheet_2206010116_UNI-ROYAL-Uniroyal-Elec-0603WAF499JT5E_C23185.pdf,https://www.lcsc.com/product-detail/chip-resistor-surface-mount_uni-royal-uniroyal-elec-0603waf499jt5e_C23185.html,"Resistor 49.9Ω 1% 100mW 0603 Thick Film Chip Resistors, Uniroyal 0603WAF499JT5E (Pre-Flight, LCSC Basic)",resistor 49.9Ω 0603 uniroyal uniroyal thick film pre-flight general purpose,2641521,0.0024
R 51 0603 1% Uniroyal,51Ω,C23197,Basic,0603WAF510JT5E,Uniroyal,Uniroyal Thick Film,0603,1%,100mW,75V,,,,,±100ppm/°C,E24,Pre-Flight,General Purpose,Device:R,Resistor_SMD:R_0603_1608Metric,https://www.lcsc.com/datasheet/lcsc_datasheet_2206010116_UNI-ROYAL-Uniroyal-Elec-0603WAF510JT5E_C23197.pdf,https://www.lcsc.com/product-detail/chip-resistor-surface-mount_uni-royal-uniroyal-elec-0603waf510jt5e_C23197.html,"Resistor 51Ω 1% 100mW 0603 Thick Film Chip Resistors, Uniroyal 0603WAF510JT5E (Pre-Flight, LCSC Basic)",resistor 51Ω 0603 uniroyal uniroyal thick film pre-flight general purpose,1143694,0.0025
R 56 0603 1% Uniroyal,56Ω,C25196,Preferred,0603WAF560JT5E,Uniroyal,Uniroyal Thick Film,0603,1%,100mW,75V,,,,,±200ppm/°C,E24,Pre-Flight,General Purpose,Device:R,Resistor_SMD:R_0603_1608Metric,https://www.lcsc.com/datasheet/lcsc_datasheet_2205311845_UNI-ROYAL-Uniroyal-Elec-0603WAF560JT5E_C25196.pdf,https://www.lcsc.com/product-detail/chip-resistor-surface-mount_uni-royal-uniroyal-elec-0603waf560jt5e_C25196.html,"Resistor 56Ω 1% 100mW 0603 Thick Film Chip Resistors, Uniroyal 0603WAF560JT5E (Pre-Flight, LCSC Preferred)",resistor 56Ω 0603 uniroyal uniroyal thick film pre-flight general purpose,1203222,0.0038
R 68 0603 1% Uniroyal,68Ω,C27592,Preferred,0603WAF680JT5E,Uniroyal,Uniroyal Thick Film,0603,1%,100mW,75V,,,,,±100ppm/°C,E24,Pre-Flight,General Purpose,Device:R,Resistor_SMD:R_0603_1608Metric,https://www.lcsc.com/datasheet/lcsc_datasheet_2206010030_UNI-ROYAL-Uniroyal-Elec-0603WAF680JT5E_C27592.pdf,https://www.lcsc.com/product-detail/chip-resistor-surface-mount_uni-royal-uniroyal-elec-0603waf680jt5e_C27592.html,"Resistor 68Ω 1% 100mW 0603 Thick Film Chip Resistors, Uniroyal 0603WAF680JT5E (Pre-Flight, LCSC Preferred)",resistor 68Ω 0603 uniroyal uniroyal thick film pre-flight general purpose,2132854,0.0014
R 75 0603 1% Uniroyal,75Ω,C4275,Basic,0603WAF750JT5E,Uniroyal,Uniroyal Thick Film,0603,1%,100mW,75V,,,,,±100ppm/°C,E24,Pre-Flight,General Purpose,Device:R,Resistor_SMD:R_0603_1608Metric,https://www.lcsc.com/datasheet/lcsc_datasheet_2206010216_UNI-ROYAL-Uniroyal-Elec-0603WAF750JT5E_C4275.pdf,https://www.lcsc.com/product-detail/chip-resistor-surface-mount_uni-royal-uniroyal-elec-0603waf750jt5e_C4275.html,"Resistor 75Ω 1% 100mW 0603 Thick Film Chip Resistors, Uniroyal 0603WAF750JT5E (Pre-Flight, LCSC Basic)",resistor 75Ω 0603 uniroyal uniroyal thick film pre-flight general purpose,2155595,0.0034
R 82 0603 1% Uniroyal,82Ω,C23255,Preferred,0603WAF820JT5E,Uniroyal,Uniroyal Thick Film,0603,1%,100mW,75V,,,,,±100ppm/°C,E24,Pre-Flight,General Purpose,Device:R,Resistor_SMD:R_0603_1608Metric,https://www.lcsc.com/datasheet/lcsc_datasheet_2206010100_UNI-ROYAL-Uniroyal-Elec-0603WAF820JT5E_C23255.pdf,https://www.lcsc.com/product-detail/chip-resistor-surface-mount_uni-royal-uniroyal-elec-0603waf820jt5e_C23255.html,"Resistor 82Ω 1% 100mW 0603 Thick Film Chip Resistors, Uniroyal 0603WAF820JT5E (Pre-Flight, LCSC Preferred)",resistor 82Ω 0603 uniroyal uniroyal thick film pre-flight general purpose,568115,0.0022
R 100 0603 1% Uniroyal,100Ω,C22775,Basic,0603WAF1000T5E,Uniroyal,Uniroyal Thick Film,0603,1%,100mW,75V,,,,,±100ppm/°C,E24,Pre-Flight,General Purpose,Device:R,Resistor_SMD:R_0603_1608Metric,https://www.lcsc.com/datasheet/lcsc_datasheet_2411221126_UNI-ROYAL-Uniroyal-Elec-0603WAF1000T5E_C22775.pdf,https://www.lcsc.com/product-detail/chip-resistor-surface-mount_uni-royal-uniroyal-elec-0603waf1000t5e_C22775.html,"Resistor 100Ω 1% 100mW 0603 Thick Film Chip Resistors, Uniroyal 0603WAF1000T5E (Pre-Flight, LCSC Basic)",resistor 100Ω 0603 uniroyal uniroyal thick film pre-flight general purpose,12463710,0.004
R 120 0603 1% Uniroyal,120Ω,C22787,Basic,0603WAF1200T5E,Uniroyal,Uniroyal Thick Film,0603,1%,100mW,75V,,,,,±100ppm/°C,E24,Pre-Flight,General Purpose,Device:R,Resistor_SMD:R_0603_1608Metric,https://www.lcsc.com/datasheet/lcsc_datasheet_2206010130_UNI-ROYAL-Uniroyal-Elec-0603WAF1200T5E_C22787.pdf,https://www.lcsc.com/product-detail/chip-resistor-surface-mount_uni-royal-uniroyal-elec-0603waf1200t5e_C22787.html,"Resistor 120Ω 1% 100mW 0603 Thick Film Chip Resistors, Uniroyal 0603WAF1200T5E (Pre-Flight, LCSC Basic)",resistor 120Ω 0603 uniroyal uniroyal thick film pre-flight general purpose,2412397,0.0032
R 150 0603 1% Uniroyal,150Ω,C22808,Basic,0603WAF1500T5E,Uniroyal,Uniroyal Thick Film,0603,1%,100mW,75V,,,,,±100ppm/°C,E24,Pre-Flight,General Purpose,Device:R,Resistor_SMD:R_0603_1608Metric,https://www.lcsc.com/datasheet/lcsc_datasheet_2206010130_UNI-ROYAL-Uniroyal-Elec-0603WAF1500T5E_C22808.pdf,https://www.lcsc.com/product-detail/chip-resistor-surface-mount_uni-royal-uniroyal-elec-0603waf1500t5e_C22808.html,"Resistor 150Ω 1% 100mW 0603 Thick Film Chip Resistors, Uniroyal 0603WAF1500T5E (Pre-Flight, LCSC Basic)",resistor 150Ω 0603 uniroyal uniroyal thick film pre-flight general purpose,788385,0.0026
R 180 0603 1% Uniroyal,180Ω,C22828,Preferred,0603WAF1800T5E,Uniroyal,Uniroyal Thick Film,0603,1%,100mW,75V,,,,,±100ppm/°C,E24,Pre-Flight,General Purpose,Device:R,Resistor_SMD:R_0603_1608Metric,https://www.lcsc.com/datasheet/lcsc_datasheet_2206010130_UNI-ROYAL-Uniroyal-Elec-0603WAF1800T5E_C22828.pdf,https://www.lcsc.com/product-detail/chip-resistor-surface-mount_uni-royal-uniroyal-elec-0603waf1800t5e_C22828.html,"Resistor 180Ω 1% 100mW 0603 Thick Film Chip Resistors, Uniroyal 0603WAF1800T5E (Pre-Flight, LCSC Preferred)",resistor 180Ω 0603 uniroyal uniroyal thick film pre-flight general purpose,468971,0.0028
R 200 0603 1% Uniroyal,200Ω,C8218,Basic,0603WAF2000T5E,Uniroyal,Uniroyal Thick Film,0603,1%,100mW,75V,,,,,±100ppm/°C,E24,Pre-Flight,General Purpose,Device:R,Resistor_SMD:R_0603_1608Metric,https://www.lcsc.com/datasheet/lcsc_datasheet_2206010216_UNI-ROYAL-Uniroyal-Elec-0603WAF2000T5E_C8218.pdf,https://www.lcsc.com/product-detail/chip-resistor-surface-mount_uni-royal-uniroyal-elec-0603waf2000t5e_C8218.html,"Resistor 200Ω 1% 100mW 0603 Thick Film Chip Resistors, Uniroyal 0603WAF2000T5E (Pre-Flight, LCSC Basic)",resistor 200Ω 0603 uniroyal uniroyal thick film pre-flight general purpose,2981048,0.0042
R 220 0603 1% Uniroyal,220Ω,C22962,Basic,0603WAF2200T5E,Uniroyal,Uniroyal Thick Film,0603,1%,100mW,75V,,,,,±100ppm/°C,E24,Pre-Flight,General Purpose,Device:R,Resistor_SMD:R_0603_1608Metric,https://www.lcsc.com/datasheet/lcsc_datasheet_2206010130_UNI-ROYAL-Uniroyal-Elec-0603WAF2200T5E_C22962.pdf,https://www.lcsc.com/product-detail/chip-resistor-surface-mount_uni-royal-uniroyal-elec-0603waf2200t5e_C22962.html,"Resistor 220Ω 1% 100mW 0603 Thick Film Chip Resistors, Uniroyal 0603WAF2200T5E (Pre-Flight, LCSC Basic)",resistor 220Ω 0603 uniroyal uniroyal thick film pre-flight general purpose,1743693,0.005
R 240 0603 1% Uniroyal,240Ω,C23350,Preferred,0603WAF2400T5E,Uniroyal,Uniroyal Thick Film,0603,1%,100mW,75V,,,,,±100ppm/°C,E24,Pre-Flight,General Purpose,Device:R,Resistor_SMD:R_0603_1608Metric,https://www.lcsc.com/datasheet/lcsc_datasheet_2206010100_UNI-ROYAL-Uniroyal-Elec-0603WAF2400T5E_C23350.pdf,https://www.lcsc.com/product-detail/chip-resistor-surface-mount_uni-royal-uniroyal-elec-0603waf2400t5e_C23350.html,"Resistor 240Ω 1% 100mW 0603 Thick Film Chip Resistors, Uniroyal 0603WAF2400T5E (Pre-Flight, LCSC Preferred)",resistor 240Ω 0603 uniroyal uniroyal thick film pre-flight general purpose,138673,0.0024
R 270 0603 1% Uniroyal,270Ω,C22966,Basic,0603WAF2700T5E,Uniroyal,Uniroyal Thick Film,0603,1%,100mW,75V,,,,,±100ppm/°C,E24,Pre-Flight,General Purpose,Device:R,Resistor_SMD:R_0603_1608Metric,https://www.lcsc.com/datasheet/lcsc_datasheet_2206010130_UNI-ROYAL-Uniroyal-Elec-0603WAF2700T5E_C22966.pdf,https://www.lcsc.com/product-detail/chip-resistor-surface-mount_uni-royal-uniroyal-elec-0603waf2700t5e_C22966.html,"Resistor 270Ω 1% 100mW 0603 Thick Film Chip Resistors, Uniroyal 0603WAF2700T5E (Pre-Flight, LCSC Basic)",resistor 270Ω 0603 uniroyal uniroyal thick film pre-flight general purpose,886344,0.0026
R 300 0603 1% Uniroyal,300Ω,C23025,Basic,0603WAF3000T5E,Uniroyal,Uniroyal Thick Film,0603,1%,100mW,75V,,,,,±100ppm/°C,E24,Pre-Flight,General Purpose,Device:R,Resistor_SMD:R_0603_1608Metric,https://www.lcsc.com/datasheet/lcsc_datasheet_2206010116_UNI-ROYAL-Uniroyal-Elec-0603WAF3000T5E_C23025.pdf,https://www.lcsc.com/product-detail/chip-resistor-surface-mount_uni-royal-uniroyal-elec-0603waf3000t5e_C23025.html,"Resistor 300Ω 1% 100mW 0603 Thick Film Chip Resistors, Uniroyal 0603WAF3000T5E (Pre-Flight, LCSC Basic)",resistor 300Ω 0603 uniroyal uniroyal thick film pre-flight general purpose,1841324,0.0034
R 330 0603 1% Uniroyal,330Ω,C23138,Basic,0603WAF3300T5E,Uniroyal,Uniroyal Thick Film,0603,1%,100mW,75V,,,,,±100ppm/°C,E24,Pre-Flight,General Purpose,Device:R,Resistor_SMD:R_0603_1608Metric,https://www.lcsc.com/datasheet/lcsc_datasheet_2206010116_UNI-ROYAL-Uniroyal-Elec-0603WAF3300T5E_C23138.pdf,https://www.lcsc.com/product-detail/chip-resistor-surface-mount_uni-royal-uniroyal-elec-0603waf3300t5e_C23138.html,"Resistor 330Ω 1% 100mW 0603 Thick Film Chip Resistors, Uniroyal 0603WAF3300T5E (Pre-Flight, LCSC Basic)",resistor 330Ω 0603 uniroyal uniroyal thick film pre-flight general purpose,3848757,0.0027
R 360 0603 1% Uniroyal,360Ω,C25194,Preferred,0603WAF3600T5E,Uniroyal,Uniroyal Thick Film,0603,1%,100mW,75V,,,,,±100ppm/°C,E24,Pre-Flight,General Purpose,Device:R,Resistor_SMD:R_0603_1608Metric,https://www.lcsc.com/datasheet/lcsc_datasheet_2205311845_UNI-ROYAL-Uniroyal-Elec-0603WAF3600T5E_C25194.pdf,https://www.lcsc.com/product-detail/chip-resistor-surface-mount_uni-royal-uniroyal-elec-0603waf3600t5e_C25194.html,"Resistor 360Ω 1% 100mW 0603 Thick Film Chip Resistors, Uniroyal 0603WAF3600T5E (Pre-Flight, LCSC Preferred)",resistor 360Ω 0603 uniroyal uniroyal thick film pre-flight general purpose,174870,0.0023
R 390 0603 1% Uniroyal,390Ω,C23151,Basic,0603WAF3900T5E,Uniroyal,Uniroyal Thick Film,0603,1%,100mW,75V,,,,,±100ppm/°C,E24,Pre-Flight,General Purpose,Device:R,Resistor_SMD:R_0603_1608Metric,https://www.lcsc.com/datasheet/lcsc_datasheet_2206010116_UNI-ROYAL-Uniroyal-Elec-0603WAF3900T5E_C23151.pdf,https://www.lcsc.com/product-detail/chip-resistor-surface-mount_uni-royal-uniroyal-elec-0603waf3900t5e_C23151.html,"Resistor 390Ω 1% 100mW 0603 Thick Film Chip Resistors, Uniroyal 0603WAF3900T5E (Pre-Flight, LCSC Basic)",resistor 390Ω 0603 uniroyal uniroyal thick film pre-flight general purpose,371479,0.0049
R 430 0603 1% Uniroyal,430Ω,C23170,Preferred,0603WAF4300T5E,Uniroyal,Uniroyal Thick Film,0603,1%,100mW,75V,,,,,±100ppm/°C,E24,Pre-Flight,General Purpose,Device:R,Resistor_SMD:R_0603_1608Metric,https://www.lcsc.com/datasheet/lcsc_datasheet_2206010116_UNI-ROYAL-Uniroyal-Elec-0603WAF4300T5E_C23170.pdf,https://www.lcsc.com/product-detail/chip-resistor-surface-mount_uni-royal-uniroyal-elec-0603waf4300t5e_C23170.html,"Resistor 430Ω 1% 100mW 0603 Thick Film Chip Resistors, Uniroyal 0603WAF4300T5E (Pre-Flight, LCSC Preferred)",resistor 430Ω 0603 uniroyal uniroyal thick film pre-flight general purpose,319850,0.0021
R 470 0603 1% Uniroyal,470Ω,C23179,Basic,0603WAF4700T5E,Uniroyal,Uniroyal Thick Film,0603,1%,100mW,75V,,,,,±100ppm/°C,E24,Pre-Flight,General Purpose,Device:R,Resistor_SMD:R_0603_1608Metric,https://www.lcsc.com/datasheet/lcsc_datasheet_2206010116_UNI-ROYAL-Uniroyal-Elec-0603WAF4700T5E_C23179.pdf,https://www.lcsc.com/product-detail/chip-resistor-surface-mount_uni-royal-uniroyal-elec-0603waf4700t5e_C23179.html,"Resistor 470Ω 1% 100mW 0603 Thick Film Chip Resistors, Uniroyal 0603WAF4700T5E (Pre-Flight, LCSC Basic)",resistor 470Ω 0603 uniroyal uniroyal thick film pre-flight general purpose,7219917,0.0025
R 510 0603 1% Uniroyal,510Ω,C23193,Basic,0603WAF5100T5E,Uniroyal,Uniroyal Thick Film,0603,1%,100mW,75V,,,,,±100ppm/°C,E24,Pre-Flight,General Purpose,Device:R,Resistor_SMD:R_0603_1608Metric,https://www.lcsc.com/datasheet/lcsc_datasheet_2206010116_UNI-ROYAL-Uniroyal-Elec-0603WAF5100T5E_C23193.pdf,https://www.lcsc.com/product-detail/chip-resistor-surface-mount_uni-royal-uniroyal-elec-0603waf5100t5e_C23193.html,"Resistor 510Ω 1% 100mW 0603 Thick Film Chip Resistors, Uniroyal 0603WAF5100T5E (Pre-Flight, LCSC Basic)",resistor 510Ω 0603 uniroyal uniroyal thick film pre-flight general purpose,5140577,0.0026
R 560 0603 1% Uniroyal,560Ω,C23204,Basic,0603WAF5600T5E,Uniroyal,Uniroyal Thick Film,0603,1%,100mW,75V,,,,,±100ppm/°C,E24,Pre-Flight,General Purpose,Device:R,Resistor_SMD:R_0603_1608Metric,https://www.lcsc.com/datasheet/lcsc_datasheet_2206010116_UNI-ROYAL-Uniroyal-Elec-0603WAF5600T5E_C23204.pdf,https://www.lcsc.com/product-detail/chip-resistor-surface-mount_uni-royal-uniroyal-elec-0603waf5600t5e_C23204.html,"Resistor 560Ω 1% 100mW 0603 Thick Film Chip Resistors, Uniroyal 0603WAF5600T5E (Pre-Flight, LCSC Basic)",resistor 560Ω 0603 uniroyal uniroyal thick film pre-flight general purpose,3089063,0.0034
R 620 0603 1% Uniroyal,620Ω,C23220,Preferred,0603WAF6200T5E,Uniroyal,Uniroyal Thick Film,0603,1%,100mW,75V,,,,,±100ppm/°C,E24,Pre-Flight,General Purpose,Device:R,Resistor_SMD:R_0603_1608Metric,https://www.lcsc.com/datasheet/lcsc_datasheet_2206010116_UNI-ROYAL-Uniroyal-Elec-0603WAF6200T5E_C23220.pdf,https://www.lcsc.com/product-detail/chip-resistor-surface-mount_uni-royal-uniroyal-elec-0603waf6200t5e_C23220.html,"Resistor 620Ω 1% 100mW 0603 Thick Film Chip Resistors, Uniroyal 0603WAF6200T5E (Pre-Flight, LCSC Preferred)",resistor 620Ω 0603 uniroyal uniroyal thick film pre-flight general purpose,361923,0.0022
R 680 0603 1% Uniroyal,680Ω,C23228,Basic,0603WAF6800T5E,Uniroyal,Uniroyal Thick Film,0603,1%,100mW,75V,,,,,±100ppm/°C,E24,Pre-Flight,General Purpose,Device:R,Resistor_SMD:R_0603_1608Metric,https://www.lcsc.com/datasheet/lcsc_datasheet_2206010100_UNI-ROYAL-Uniroyal-Elec-0603WAF6800T5E_C23228.pdf,https://www.lcsc.com/product-detail/chip-resistor-surface-mount_uni-royal-uniroyal-elec-0603waf6800t5e_C23228.html,"Resistor 680Ω 1% 100mW 0603 Thick Film Chip Resistors, Uniroyal 0603WAF6800T5E (Pre-Flight, LCSC Basic)",resistor 680Ω 0603 uniroyal uniroyal thick film pre-flight general purpose,2623458,0.0021
R 750 0603 1% Uniroyal,750Ω,C23241,Preferred,0603WAF7500T5E,Uniroyal,Uniroyal Thick Film,0603,1%,100mW,75V,,,,,±100ppm/°C,E24,Pre-Flight,General Purpose,Device:R,Resistor_SMD:R_0603_1608Metric,https://www.lcsc.com/datasheet/lcsc_datasheet_2206010100_UNI-ROYAL-Uniroyal-Elec-0603WAF7500T5E_C23241.pdf,https://www.lcsc.com/product-detail/chip-resistor-surface-mount_uni-royal-uniroyal-elec-0603waf7500t5e_C23241.html,"Resistor 750Ω 1% 100mW 0603 Thick Film Chip Resistors, Uniroyal 0603WAF7500T5E (Pre-Flight, LCSC Preferred)",resistor 750Ω 0603 uniroyal uniroyal thick film pre-flight general purpose,595207,0.0041
R 820 0603 1% Uniroyal,820Ω,C23253,Basic,0603WAF8200T5E,Uniroyal,Uniroyal Thick Film,0603,1%,100mW,75V,,,,,±100ppm/°C,E24,Pre-Flight,General Purpose,Device:R,Resistor_SMD:R_0603_1608Metric,https://www.lcsc.com/datasheet/lcsc_datasheet_2206010100_UNI-ROYAL-Uniroyal-Elec-0603WAF8200T5E_C23253.pdf,https://www.lcsc.com/product-detail/chip-resistor-surface-mount_uni-royal-uniroyal-elec-0603waf8200t5e_C23253.html,"Resistor 820Ω 1% 100mW 0603 Thick Film Chip Resistors, Uniroyal 0603WAF8200T5E (Pre-Flight, LCSC Basic)",resistor 820Ω 0603 uniroyal uniroyal thick film pre-flight general purpose,1258754,0.0022
R 1k 0603 1% Uniroyal,1kΩ,C21190,Basic,0603WAF1001T5E,Uniroyal,Uniroyal Thick Film,0603,1%,100mW,75V,,,,,±100ppm/°C,E24,Pre-Flight,General Purpose,Device:R,Resistor_SMD:R_0603_1608Metric,https://www.lcsc.com/datasheet/lcsc_datasheet_2206010130_UNI-ROYAL-Uniroyal-Elec-0603WAF1001T5E_C21190.pdf,https://www.lcsc.com/product-detail/chip-resistor-surface-mount_uni-royal-uniroyal-elec-0603waf1001t5e_C21190.html,"Resistor 1kΩ 1% 100mW 0603 Thick Film Chip Resistors, Uniroyal 0603WAF1001T5E (Pre-Flight, LCSC Basic)",resistor 1kΩ 0603 uniroyal uniroyal thick film pre-flight general purpose,24313564,0.0033
R 1.1k 0603 1% Uniroyal,1.1kΩ,C22764,Preferred,0603WAF1101T5E,Uniroyal,Uniroyal Thick Film,0603,1%,100mW,75V,,,,,±100ppm/°C,E24,Pre-Flight,General Purpose,Device:R,Resistor_SMD:R_0603_1608Metric,https://www.lcsc.com/datasheet/lcsc_datasheet_2206010130_UNI-ROYAL-Uniroyal-Elec-0603WAF1101T5E_C22764.pdf,https://www.lcsc.com/product-detail/chip-resistor-surface-mount_uni-royal-uniroyal-elec-0603waf1101t5e_C22764.html,"Resistor 1.1kΩ 1% 100mW 0603 Thick Film Chip Resistors, Uniroyal 0603WAF1101T5E (Pre-Flight, LCSC Preferred)",resistor 1.1kΩ 0603 uniroyal uniroyal thick film pre-flight general purpose,266810,0.002
R 1.2k 0603 1% Uniroyal,1.2kΩ,C22765,Basic,0603WAF1201T5E,Uniroyal,Uniroyal Thick Film,0603,1%,100mW,75V,,,,,±100ppm/°C,E24,Pre-Flight,General Purpose,Device:R,Resistor_SMD:R_0603_1608Metric,https://www.lcsc.com/datasheet/lcsc_datasheet_2206010130_UNI-ROYAL-Uniroyal-Elec-0603WAF1201T5E_C22765.pdf,https://www.lcsc.com/product-detail/chip-resistor-surface-mount_uni-royal-uniroyal-elec-0603waf1201t5e_C22765.html,"Resistor 1.2kΩ 1% 100mW 0603 Thick Film Chip Resistors, Uniroyal 0603WAF1201T5E (Pre-Flight, LCSC Basic)",resistor 1.2kΩ 0603 uniroyal uniroyal thick film pre-flight general purpose,2229473,0.0044
R 1.5k 0603 1% Uniroyal,1.5kΩ,C22843,Basic,0603WAF1501T5E,Uniroyal,Uniroyal Thick Film,0603,1%,100mW,75V,,,,,±100ppm/°C,E24,Pre-Flight,General Purpose,Device:R,Resistor_SMD:R_0603_1608Metric,https://www.lcsc.com/datasheet/lcsc_datasheet_2206010130_UNI-ROYAL-Uniroyal-Elec-0603WAF1501T5E_C22843.pdf,https://www.lcsc.com/product-detail/chip-resistor-surface-mount_uni-royal-uniroyal-elec-0603waf1501t5e_C22843.html,"Resistor 1.5kΩ 1% 100mW 0603 Thick Film Chip Resistors, Uniroyal 0603WAF1501T5E (Pre-Flight, LCSC Basic)",resistor 1.5kΩ 0603 uniroyal uniroyal thick film pre-flight general purpose,3267917,0.0025
R 1.8k 0603 1% Uniroyal,1.8kΩ,C4177,Basic,0603WAF1801T5E,Uniroyal,Uniroyal Thick Film,0603,1%,100mW,75V,,,,,±100ppm/°C,E24,Pre-Flight,General Purpose,Device:R,Resistor_SMD:R_0603_1608Metric,https://www.lcsc.com/datasheet/lcsc_datasheet_2206010230_UNI-ROYAL-Uniroyal-Elec-0603WAF1801T5E_C4177.pdf,https://www.lcsc.com/product-detail/chip-resistor-surface-mount_uni-royal-uniroyal-elec-0603waf1801t5e_C4177.html,"Resistor 1.8kΩ 1% 100mW 0603 Thick Film Chip Resistors, Uniroyal 0603WAF1801T5E (Pre-Flight, LCSC Basic)",resistor 1.8kΩ 0603 uniroyal uniroyal thick film pre-flight general purpose,485315,0.0046
R 2k 0603 1% Uniroyal,2kΩ,C22975,Basic,0603WAF2001T5E,Uniroyal,Uniroyal Thick Film,0603,1%,100mW,75V,,,,,±100ppm/°C,E24,Pre-Flight,General Purpose,Device:R,Resistor_SMD:R_0603_1608Metric,https://www.lcsc.com/datasheet/lcsc_datasheet_2206010116_UNI-ROYAL-Uniroyal-Elec-0603WAF2001T5E_C22975.pdf,https://www.lcsc.com/product-detail/chip-resistor-surface-mount_uni-royal-uniroyal-elec-0603waf2001t5e_C22975.html,"Resistor 2kΩ 1% 100mW 0603 Thick Film Chip Resistors, Uniroyal 0603WAF2001T5E (Pre-Flight, LCSC Basic)",resistor 2kΩ 0603 uniroyal uniroyal thick film pre-flight general purpose,15499114,0.0026
R 2.2k 0603 1% Uniroyal,2.2kΩ,C4190,Basic,0603WAF2201T5E,Uniroyal,Uniroyal Thick Film,0603,1%,100mW,75V,,,,,±100ppm/°C,E24,Pre-Flight,General Purpose,Device:R,Resistor_SMD:R_0603_1608Metric,https://www.lcsc.com/datasheet/lcsc_datasheet_2206010230_UNI-ROYAL-Uniroyal-Elec-0603WAF2201T5E_C4190.pdf,https://www.lcsc.com/product-detail/chip-resistor-surface-mount_uni-royal-uniroyal-elec-0603waf2201t5e_C4190.html,"Resistor 2.2kΩ 1% 100mW 0603 Thick Film Chip Resistors, Uniroyal 0603WAF2201T5E (Pre-Flight, LCSC Basic)",resistor 2.2kΩ 0603 uniroyal uniroyal thick film pre-flight general purpose,6207946,0.0022
R 2.4k 0603 1% Uniroyal,2.4kΩ,C22940,Basic,0603WAF2401T5E,Uniroyal,Uniroyal Thick Film,0603,1%,100mW,75V,,,,,±100ppm/°C,E24,Pre-Flight,General Purpose,Device:R,Resistor_SMD:R_0603_1608Metric,https://www.lcsc.com/datasheet/lcsc_datasheet_2206010130_UNI-ROYAL-Uniroyal-Elec-0603WAF2401T5E_C22940.pdf,https://www.lcsc.com/product-detail/chip-resistor-surface-mount_uni-royal-uniroyal-elec-0603waf2401t5e_C22940.html,"Resistor 2.4kΩ 1% 100mW 0603 Thick Film Chip Resistors, Uniroyal 0603WAF2401T5E (Pre-Flight, LCSC Basic)",resistor 2.4kΩ 0603 uniroyal uniroyal thick film pre-flight general purpose,815644,0.0045
R 2.7k 0603 1% Uniroyal,2.7kΩ,C13167,Basic,0603WAF2701T5E,Uniroyal,Uniroyal Thick Film,0603,1%,100mW,75V,,,,,±100ppm/°C,E24,Pre-Flight,General Purpose,Device:R,Resistor_SMD:R_0603_1608Metric,https://www.lcsc.com/datasheet/lcsc_datasheet_2206010216_UNI-ROYAL-Uniroyal-Elec-0603WAF2701T5E_C13167.pdf,https://www.lcsc.com/product-detail/chip-resistor-surface-mount_uni-royal-uniroyal-elec-0603waf2701t5e_C13167.html,"Resistor 2.7kΩ 1% 100mW 0603 Thick Film Chip Resistors, Uniroyal 0603WAF2701T5E (Pre-Flight, LCSC Basic)",resistor 2.7kΩ 0603 uniroyal uniroyal thick film pre-flight general purpose,1429115,0.0033
R 3k 0603 1% Uniroyal,3kΩ,C4211,Basic,0603WAF3001T5E,Uniroyal,Uniroyal Thick Film,0603,1%,100mW,75V,,,,,±100ppm/°C,E24,Pre-Flight,General Purpose,Device:R,Resistor_SMD:R_0603_1608Metric,https://www.lcsc.com/datasheet/lcsc_datasheet_2206010230_UNI-ROYAL-Uniroyal-Elec-0603WAF3001T5E_C4211.pdf,https://www.lcsc.com/product-detail/chip-resistor-surface-mount_uni-royal-uniroyal-elec-0603waf3001t5e_C4211.html,"Resistor 3kΩ 1% 100mW 0603 Thick Film Chip Resistors, Uniroyal 0603WAF3001T5E (Pre-Flight, LCSC Basic)",resistor 3kΩ 0603 uniroyal uniroyal thick film pre-flight general purpose,8786988,0.0025
R 3.3k 0603 1% Uniroyal,3.3kΩ,C22978,Basic,0603WAF3301T5E,Uniroyal,Uniroyal Thick Film,0603,1%,100mW,75V,,,,,±100ppm/°C,E24,Pre-Flight,General Purpose,Device:R,Resistor_SMD:R_0603_1608Metric,https://www.lcsc.com/datasheet/lcsc_datasheet_2206010116_UNI-ROYAL-Uniroyal-Elec-0603WAF3301T5E_C22978.pdf,https://www.lcsc.com/product-detail/chip-resistor-surface-mount_uni-royal-uniroyal-elec-0603waf3301t5e_C22978.html,"Resistor 3.3kΩ 1% 100mW 0603 Thick Film Chip Resistors, Uniroyal 0603WAF3301T5E (Pre-Flight, LCSC Basic)",resistor 3.3kΩ 0603 uniroyal uniroyal thick film pre-flight general purpose,6429383,0.0027
R 3.6k 0603 1% Uniroyal,3.6kΩ,C22980,Basic,0603WAF3601T5E,Uniroyal,Uniroyal Thick Film,0603,1%,100mW,75V,,,,,±100ppm/°C,E24,Pre-Flight,General Purpose,Device:R,Resistor_SMD:R_0603_1608Metric,https://www.lcsc.com/datasheet/lcsc_datasheet_2206010116_UNI-ROYAL-Uniroyal-Elec-0603WAF3601T5E_C22980.pdf,https://www.lcsc.com/product-detail/chip-resistor-surface-mount_uni-royal-uniroyal-elec-0603waf3601t5e_C22980.html,"Resistor 3.6kΩ 1% 100mW 0603 Thick Film Chip Resistors, Uniroyal 0603WAF3601T5E (Pre-Flight, LCSC Basic)",resistor 3.6kΩ 0603 uniroyal uniroyal thick film pre-flight general purpose,1049873,0.0021
R 3.9k 0603 1% Uniroyal,3.9kΩ,C23018,Basic,0603WAF3901T5E,Uniroyal,Uniroyal Thick Film,0603,1%,100mW,75V,,,,,±100ppm/°C,E24,Pre-Flight,General Purpose,Device:R,Resistor_SMD:R_0603_1608Metric,https://www.lcsc.com/datasheet/lcsc_datasheet_2206010116_UNI-ROYAL-Uniroyal-Elec-0603WAF3901T5E_C23018.pdf,https://www.lcsc.com/product-detail/chip-resistor-surface-mount_uni-royal-uniroyal-elec-0603waf3901t5e_C23018.html,"Resistor 3.9kΩ 1% 100mW 0603 Thick Film Chip Resistors, Uniroyal 0603WAF3901T5E (Pre-Flight, LCSC Basic)",resistor 3.9kΩ 0603 uniroyal uniroyal thick film pre-flight general purpose,1030962,0.0031
R 4.3k 0603 1% Uniroyal,4.3kΩ,C23159,Preferred,0603WAF4301T5E,Uniroyal,Uniroyal Thick Film,0603,1%,100mW,75V,,,,,±100ppm/°C,E24,Pre-Flight,General Purpose,Device:R,Resistor_SMD:R_0603_1608Metric,https://www.lcsc.com/datasheet/lcsc_datasheet_2206010116_UNI-ROYAL-Uniroyal-Elec-0603WAF4301T5E_C23159.pdf,https://www.lcsc.com/product-detail/chip-resistor-surface-mount_uni-royal-uniroyal-elec-0603waf4301t5e_C23159.html,"Resistor 4.3kΩ 1% 100mW 0603 Thick Film Chip Resistors, Uniroyal 0603WAF4301T5E (Pre-Flight, LCSC Preferred)",resistor 4.3kΩ 0603 uniroyal uniroyal thick film pre-flight general purpose,212787,0.0039
R 4.7k 0603 1% Uniroyal,4.7kΩ,C23162,Basic,0603WAF4701T5E,Uniroyal,Uniroyal Thick Film,0603,1%,100mW,75V,,,,,±100ppm/°C,E24,Pre-Flight,General Purpose,Device:R,Resistor_SMD:R_0603_1608Metric,https://www.lcsc.com/datasheet/lcsc_datasheet_2206010116_UNI-ROYAL-Uniroyal-Elec-0603WAF4701T5E_C23162.pdf,https://www.lcsc.com/product-detail/chip-resistor-surface-mount_uni-royal-uniroyal-elec-0603waf4701t5e_C23162.html,"Resistor 4.7kΩ 1% 100mW 0603 Thick Film Chip Resistors, Uniroyal 0603WAF4701T5E (Pre-Flight, LCSC Basic)",resistor 4.7kΩ 0603 uniroyal uniroyal thick film pre-flight general purpose,25559123,0.003
R 4.99k 0603 1% Uniroyal,4.99kΩ,C23046,Basic,0603WAF4991T5E,Uniroyal,Uniroyal Thick Film,0603,1%,100mW,75V,,,,,±100ppm/°C,E96,Pre-Flight,General Purpose,Device:R,Resistor_SMD:R_0603_1608Metric,https://www.lcsc.com/datasheet/lcsc_datasheet_2206010116_UNI-ROYAL-Uniroyal-Elec-0603WAF4991T5E_C23046.pdf,https://www.lcsc.com/product-detail/chip-resistor-surface-mount_uni-royal-uniroyal-elec-0603waf4991t5e_C23046.html,"Resistor 4.99kΩ 1% 100mW 0603 Thick Film Chip Resistors, Uniroyal 0603WAF4991T5E (Pre-Flight, LCSC Basic)",resistor 4.99kΩ 0603 uniroyal uniroyal thick film pre-flight general purpose,1676198,0.003
R 5.1k 0603 1% Uniroyal,5.1kΩ,C23186,Basic,0603WAF5101T5E,Uniroyal,Uniroyal Thick Film,0603,1%,100mW,75V,,,,,±100ppm/°C,E24,Pre-Flight,General Purpose,Device:R,Resistor_SMD:R_0603_1608Metric,https://www.lcsc.com/datasheet/lcsc_datasheet_2206010116_UNI-ROYAL-Uniroyal-Elec-0603WAF5101T5E_C23186.pdf,https://www.lcsc.com/product-detail/chip-resistor-surface-mount_uni-royal-uniroyal-elec-0603waf5101t5e_C23186.html,"Resistor 5.1kΩ 1% 100mW 0603 Thick Film Chip Resistors, Uniroyal 0603WAF5101T5E (Pre-Flight, LCSC Basic)",resistor 5.1kΩ 0603 uniroyal uniroyal thick film pre-flight general purpose,23197409,0.0019
R 5.6k 0603 1% Uniroyal,5.6kΩ,C23189,Basic,0603WAF5601T5E,Uniroyal,Uniroyal Thick Film,0603,1%,100mW,75V,,,,,±100ppm/°C,E24,Pre-Flight,General Purpose,Device:R,Resistor_SMD:R_0603_1608Metric,https://www.lcsc.com/datasheet/lcsc_datasheet_2206010116_UNI-ROYAL-Uniroyal-Elec-0603WAF5601T5E_C23189.pdf,https://www.lcsc.com/product-detail/chip-resistor-surface-mount_uni-royal-uniroyal-elec-0603waf5601t5e_C23189.html,"Resistor 5.6kΩ 1% 100mW 0603 Thick Film Chip Resistors, Uniroyal 0603WAF5601T5E (Pre-Flight, LCSC Basic)",resistor 5.6kΩ 0603 uniroyal uniroyal thick film pre-flight general purpose,1256410,0.0033
R 6.2k 0603 1% Uniroyal,6.2kΩ,C4260,Basic,0603WAF6201T5E,Uniroyal,Uniroyal Thick Film,0603,1%,100mW,75V,,,,,±100ppm/°C,E24,Pre-Flight,General Purpose,Device:R,Resistor_SMD:R_0603_1608Metric,https://www.lcsc.com/datasheet/lcsc_datasheet_2206010230_UNI-ROYAL-Uniroyal-Elec-0603WAF6201T5E_C4260.pdf,https://www.lcsc.com/product-detail/chip-resistor-surface-mount_uni-royal-uniroyal-elec-0603waf6201t5e_C4260.html,"Resistor 6.2kΩ 1% 100mW 0603 Thick Film Chip Resistors, Uniroyal 0603WAF6201T5E (Pre-Flight, LCSC Basic)",resistor 6.2kΩ 0603 uniroyal uniroyal thick film pre-flight general purpose,618921,0.0045
R 6.8k 0603 1% Uniroyal,6.8kΩ,C23212,Basic,0603WAF6801T5E,Uniroyal,Uniroyal Thick Film,0603,1%,100mW,75V,,,,,±100ppm/°C,E24,Pre-Flight,General Purpose,Device:R,Resistor_SMD:R_0603_1608Metric,https://www.lcsc.com/datasheet/lcsc_datasheet_2206010116_UNI-ROYAL-Uniroyal-Elec-0603WAF6801T5E_C23212.pdf,https://www.lcsc.com/product-detail/chip-resistor-surface-mount_uni-royal-uniroyal-elec-0603waf6801t5e_C23212.html,"Resistor 6.8kΩ 1% 100mW 0603 Thick Film Chip Resistors, Uniroyal 0603WAF6801T5E (Pre-Flight, LCSC Basic)",resistor 6.8kΩ 0603 uniroyal uniroyal thick film pre-flight general purpose,1999289,0.0024
R 7.5k 0603 1% Uniroyal,7.5kΩ,C23234,Basic,0603WAF7501T5E,Uniroyal,Uniroyal Thick Film,0603,1%,100mW,75V,,,,,±100ppm/°C,E24,Pre-Flight,General Purpose,Device:R,Resistor_SMD:R_0603_1608Metric,https://www.lcsc.com/datasheet/lcsc_datasheet_2206010100_UNI-ROYAL-Uniroyal-Elec-0603WAF7501T5E_C23234.pdf,https://www.lcsc.com/product-detail/chip-resistor-surface-mount_uni-royal-uniroyal-elec-0603waf7501t5e_C23234.html,"Resistor 7.5kΩ 1% 100mW 0603 Thick Film Chip Resistors, Uniroyal 0603WAF7501T5E (Pre-Flight, LCSC Basic)",resistor 7.5kΩ 0603 uniroyal uniroyal thick film pre-flight general purpose,1607192,0.002
R 8.2k 0603 1% Uniroyal,8.2kΩ,C25981,Basic,0603WAF8201T5E,Uniroyal,Uniroyal Thick Film,0603,1%,100mW,75V,,,,,±100ppm/°C,E24,Pre-Flight,General Purpose,Device:R,Resistor_SMD:R_0603_1608Metric,https://www.lcsc.com/datasheet/lcsc_datasheet_2206010045_UNI-ROYAL-Uniroyal-Elec-0603WAF8201T5E_C25981.pdf,https://www.lcsc.com/product-detail/chip-resistor-surface-mount_uni-royal-uniroyal-elec-0603waf8201t5e_C25981.html,"Resistor 8.2kΩ 1% 100mW 0603 Thick Film Chip Resistors, Uniroyal 0603WAF8201T5E (Pre-Flight, LCSC Basic)",resistor 8.2kΩ 0603 uniroyal uniroyal thick film pre-flight general purpose,1176405,0.0036
R 9.1k 0603 1% Uniroyal,9.1kΩ,C23260,Basic,0603WAF9101T5E,Uniroyal,Uniroyal Thick Film,0603,1%,100mW,75V,,,,,±100ppm/°C,E24,Pre-Flight,General Purpose,Device:R,Resistor_SMD:R_0603_1608Metric,https://www.lcsc.com/datasheet/lcsc_datasheet_2206010100_UNI-ROYAL-Uniroyal-Elec-0603WAF9101T5E_C23260.pdf,https://www.lcsc.com/product-detail/chip-resistor-surface-mount_uni-royal-uniroyal-elec-0603waf9101t5e_C23260.html,"Resistor 9.1kΩ 1% 100mW 0603 Thick Film Chip Resistors, Uniroyal 0603WAF9101T5E (Pre-Flight, LCSC Basic)",resistor 9.1kΩ 0603 uniroyal uniroyal thick film pre-flight general purpose,824934,0.0036
R 10k 0603 1% Uniroyal,10kΩ,C25804,Basic,0603WAF1002T5E,Uniroyal,Uniroyal Thick Film,0603,1%,100mW,75V,,,,,±100ppm/°C,E24,Pre-Flight,General Purpose,Device:R,Resistor_SMD:R_0603_1608Metric,https://www.lcsc.com/datasheet/lcsc_datasheet_2206010045_UNI-ROYAL-Uniroyal-Elec-0603WAF1002T5E_C25804.pdf,https://www.lcsc.com/product-detail/chip-resistor-surface-mount_uni-royal-uniroyal-elec-0603waf1002t5e_C25804.html,"Resistor 10kΩ 1% 100mW 0603 Thick Film Chip Resistors, Uniroyal 0603WAF1002T5E (Pre-Flight, LCSC Basic)",resistor 10kΩ 0603 uniroyal uniroyal thick film pre-flight general purpose,23945640,0.0027
R 11k 0603 1% Uniroyal,11kΩ,C25950,Preferred,0603WAF1102T5E,Uniroyal,Uniroyal Thick Film,0603,1%,100mW,75V,,,,,±100ppm/°C,E24,Pre-Flight,General Purpose,Device:R,Resistor_SMD:R_0603_1608Metric,https://www.lcsc.com/datasheet/lcsc_datasheet_2206010045_UNI-ROYAL-Uniroyal-Elec-0603WAF1102T5E_C25950.pdf,https://www.lcsc.com/product-detail/chip-resistor-surface-mount_uni-royal-uniroyal-elec-0603waf1102t5e_C25950.html,"Resistor 11kΩ 1% 100mW 0603 Thick Film Chip Resistors, Uniroyal 0603WAF1102T5E (Pre-Flight, LCSC Preferred)",resistor 11kΩ 0603 uniroyal uniroyal thick film pre-flight general purpose,366970,0.0035
R 12k 0603 1% Uniroyal,12kΩ,C22790,Basic,0603WAF1202T5E,Uniroyal,Uniroyal Thick Film,0603,1%,100mW,75V,,,,,±100ppm/°C,E24,Pre-Flight,General Purpose,Device:R,Resistor_SMD:R_0603_1608Metric,https://www.lcsc.com/datasheet/lcsc_datasheet_2206010130_UNI-ROYAL-Uniroyal-Elec-0603WAF1202T5E_C22790.pdf,https://www.lcsc.com/product-detail/chip-resistor-surface-mount_uni-royal-uniroyal-elec-0603waf1202t5e_C22790.html,"Resistor 12kΩ 1% 100mW 0603 Thick Film Chip Resistors, Uniroyal 0603WAF1202T5E (Pre-Flight, LCSC Basic)",resistor 12kΩ 0603 uniroyal uniroyal thick film pre-flight general purpose,1443165,0.0033
R 13k 0603 1% Uniroyal,13kΩ,C22797,Basic,0603WAF1302T5E,Uniroyal,Uniroyal Thick Film,0603,1%,100mW,75V,,,,,±100ppm/°C,E24,Pre-Flight,General Purpose,Device:R,Resistor_SMD:R_0603_1608Metric,https://www.lcsc.com/datasheet/lcsc_datasheet_2206010130_UNI-ROYAL-Uniroyal-Elec-0603WAF1302T5E_C22797.pdf,https://www.lcsc.com/product-detail/chip-resistor-surface-mount_uni-royal-uniroyal-elec-0603waf1302t5e_C22797.html,"Resistor 13kΩ 1% 100mW 0603 Thick Film Chip Resistors, Uniroyal 0603WAF1302T5E (Pre-Flight, LCSC Basic)",resistor 13kΩ 0603 uniroyal uniroyal thick film pre-flight general purpose,505458,0.0031
R 15k 0603 1% Uniroyal,15kΩ,C22809,Basic,0603WAF1502T5E,Uniroyal,Uniroyal Thick Film,0603,1%,100mW,75V,,,,,±100ppm/°C,E24,Pre-Flight,General Purpose,Device:R,Resistor_SMD:R_0603_1608Metric,https://www.lcsc.com/datasheet/lcsc_datasheet_2206010130_UNI-ROYAL-Uniroyal-Elec-0603WAF1502T5E_C22809.pdf,https://www.lcsc.com/product-detail/chip-resistor-surface-mount_uni-royal-uniroyal-elec-0603waf1502t5e_C22809.html,"Resistor 15kΩ 1% 100mW 0603 Thick Film Chip Resistors, Uniroyal 0603WAF1502T5E (Pre-Flight, LCSC Basic)",resistor 15kΩ 0603 uniroyal uniroyal thick film pre-flight general purpose,5100815,0.003
R 18k 0603 1% Uniroyal,18kΩ,C25810,Basic,0603WAF1802T5E,Uniroyal,Uniroyal Thick Film,0603,1%,100mW,75V,,,,,±100ppm/°C,E24,Pre-Flight,General Purpose,Device:R,Resistor_SMD:R_0603_1608Metric,https://www.lcsc.com/datasheet/lcsc_datasheet_2206010045_UNI-ROYAL-Uniroyal-Elec-0603WAF1802T5E_C25810.pdf,https://www.lcsc.com/product-detail/chip-resistor-surface-mount_uni-royal-uniroyal-elec-0603waf1802t5e_C25810.html,"Resistor 18kΩ 1% 100mW 0603 Thick Film Chip Resistors, Uniroyal 0603WAF1802T5E (Pre-Flight, LCSC Basic)",resistor 18kΩ 0603 uniroyal uniroyal thick film pre-flight general purpose,989350,0.0041
R 20k 0603 1% Uniroyal,20kΩ,C4184,Basic,0603WAF2002T5E,Uniroyal,Uniroyal Thick Film,0603,1%,100mW,75V,,,,,±100ppm/°C,E24,Pre-Flight,General Purpose,Device:R,Resistor_SMD:R_0603_1608Metric,https://www.lcsc.com/datasheet/lcsc_datasheet_2206010230_UNI-ROYAL-Uniroyal-Elec-0603WAF2002T5E_C4184.pdf,https://www.lcsc.com/product-detail/chip-resistor-surface-mount_uni-royal-uniroyal-elec-0603waf2002t5e_C4184.html,"Resistor 20kΩ 1% 100mW 0603 Thick Film Chip Resistors, Uniroyal 0603WAF2002T5E (Pre-Flight, LCSC Basic)",resistor 20kΩ 0603 uniroyal uniroyal thick film pre-flight general purpose,7005398,0.0027
R 22k 0603 1% Uniroyal,22kΩ,C31850,Basic,0603WAF2202T5E,Uniroyal,Uniroyal Thick Film,0603,1%,100mW,75V,,,,,±100ppm/°C,E24,Pre-Flight,General Purpose,Device:R,Resistor_SMD:R_0603_1608Metric,https://www.lcsc.com/datasheet/lcsc_datasheet_2206010030_UNI-ROYAL-Uniroyal-Elec-0603WAF2202T5E_C31850.pdf,https://www.lcsc.com/product-detail/chip-resistor-surface-mount_uni-royal-uniroyal-elec-0603waf2202t5e_C31850.html,"Resistor 22kΩ 1% 100mW 0603 Thick Film Chip Resistors, Uniroyal 0603WAF2202T5E (Pre-Flight, LCSC Basic)",resistor 22kΩ 0603 uniroyal uniroyal thick film pre-flight general purpose,4032686,0.0042
R 24k 0603 1% Uniroyal,24kΩ,C23352,Basic,0603WAF2402T5E,Uniroyal,Uniroyal Thick Film,0603,1%,100mW,75V,,,,,±100ppm/°C,E24,Pre-Flight,General Purpose,Device:R,Resistor_SMD:R_0603_1608Metric,https://www.lcsc.com/datasheet/lcsc_datasheet_2206010100_UNI-ROYAL-Uniroyal-Elec-0603WAF2402T5E_C23352.pdf,https://www.lcsc.com/product-detail/chip-resistor-surface-mount_uni-royal-uniroyal-elec-0603waf2402t5e_C23352.html,"Resistor 24kΩ 1% 100mW 0603 Thick Film Chip Resistors, Uniroyal 0603WAF2402T5E (Pre-Flight, LCSC Basic)",resistor 24kΩ 0603 uniroyal uniroyal thick film pre-flight general purpose,1123327,0.0027
R 27k 0603 1% Uniroyal,27kΩ,C22967,Basic,0603WAF2702T5E,Uniroyal,Uniroyal Thick Film,0603,1%,100mW,75V,,,,,±100ppm/°C,E24,Pre-Flight,General Purpose,Device:R,Resistor_SMD:R_0603_1608Metric,https://www.lcsc.com/datasheet/lcsc_datasheet_2206010130_UNI-ROYAL-Uniroyal-Elec-0603WAF2702T5E_C22967.pdf,https://www.lcsc.com/product-detail/chip-resistor-surface-mount_uni-royal-uniroyal-elec-0603waf2702t5e_C22967.html,"Resistor 27kΩ 1% 100mW 0603 Thick Film Chip Resistors, Uniroyal 0603WAF2702T5E (Pre-Flight, LCSC Basic)",resistor 27kΩ 0603 uniroyal uniroyal thick film pre-flight general purpose,814882,0.0048
R 30k 0603 1% Uniroyal,30kΩ,C22984,Basic,0603WAF3002T5E,Uniroyal,Uniroyal Thick Film,0603,1%,100mW,75V,,,,,±100ppm/°C,E24,Pre-Flight,General Purpose,Device:R,Resistor_SMD:R_0603_1608Metric,https://www.lcsc.com/datasheet/lcsc_datasheet_2206010116_UNI-ROYAL-Uniroyal-Elec-0603WAF3002T5E_C22984.pdf,https://www.lcsc.com/product-detail/chip-resistor-surface-mount_uni-royal-uniroyal-elec-0603waf3002t5e_C22984.html,"Resistor 30kΩ 1% 100mW 0603 Thick Film Chip Resistors, Uniroyal 0603WAF3002T5E (Pre-Flight, LCSC Basic)",resistor 30kΩ 0603 uniroyal uniroyal thick film pre-flight general purpose,2261301,0.0054
R 33k 0603 1% Uniroyal,33kΩ,C4216,Basic,0603WAF3302T5E,Uniroyal,Uniroyal Thick Film,0603,1%,100mW,75V,,,,,±100ppm/°C,E24,Pre-Flight,General Purpose,Device:R,Resistor_SMD:R_0603_1608Metric,https://www.lcsc.com/datasheet/lcsc_datasheet_2206010230_UNI-ROYAL-Uniroyal-Elec-0603WAF3302T5E_C4216.pdf,https://www.lcsc.com/product-detail/chip-resistor-surface-mount_uni-royal-uniroyal-elec-0603waf3302t5e_C4216.html,"Resistor 33kΩ 1% 100mW 0603 Thick Film Chip Resistors, Uniroyal 0603WAF3302T5E (Pre-Flight, LCSC Basic)",resistor 33kΩ 0603 uniroyal uniroyal thick film pre-flight general purpose,3142655,0.0024
R 36k 0603 1% Uniroyal,36kΩ,C23147,Preferred,0603WAF3602T5E,Uniroyal,Uniroyal Thick Film,0603,1%,100mW,75V,,,,,±100ppm/°C,E24,Pre-Flight,General Purpose,Device:R,Resistor_SMD:R_0603_1608Metric,https://www.lcsc.com/datasheet/lcsc_datasheet_2206010116_UNI-ROYAL-Uniroyal-Elec-0603WAF3602T5E_C23147.pdf,https://www.lcsc.com/product-detail/chip-resistor-surface-mount_uni-royal-uniroyal-elec-0603waf3602t5e_C23147.html,"Resistor 36kΩ 1% 100mW 0603 Thick Film Chip Resistors, Uniroyal 0603WAF3602T5E (Pre-Flight, LCSC Preferred)",resistor 36kΩ 0603 uniroyal uniroyal thick film pre-flight general purpose,438518,0.002
R 39k 0603 1% Uniroyal,39kΩ,C23153,Basic,0603WAF3902T5E,Uniroyal,Uniroyal Thick Film,0603,1%,100mW,75V,,,,,±100ppm/°C,E24,Pre-Flight,General Purpose,Device:R,Resistor_SMD:R_0603_1608Metric,https://www.lcsc.com/datasheet/lcsc_datasheet_2206010116_UNI-ROYAL-Uniroyal-Elec-0603WAF3902T5E_C23153.pdf,https://www.lcsc.com/product-detail/chip-resistor-surface-mount_uni-royal-uniroyal-elec-0603waf3902t5e_C23153.html,"Resistor 39kΩ 1% 100mW 0603 Thick Film Chip Resistors, Uniroyal 0603WAF3902T5E (Pre-Flight, LCSC Basic)",resistor 39kΩ 0603 uniroyal uniroyal thick film pre-flight general purpose,484919,0.0024
R 40.2k 0603 1% Uniroyal,40.2kΩ,C12447,Preferred,0603WAF4022T5E,Uniroyal,Uniroyal Thick Film,0603,1%,100mW,75V,,,,,±100ppm/°C,E96,Pre-Flight,General Purpose,Device:R,Resistor_SMD:R_0603_1608Metric,https://www.lcsc.com/datasheet/lcsc_datasheet_2206010216_UNI-ROYAL-Uniroyal-Elec-0603WAF4022T5E_C12447.pdf,https://www.lcsc.com/product-detail/chip-resistor-surface-mount_uni-royal-uniroyal-elec-0603waf4022t5e_C12447.html,"Resistor 40.2kΩ 1% 100mW 0603 Thick Film Chip Resistors, Uniroyal 0603WAF4022T5E (Pre-Flight, LCSC Preferred)",resistor 40.2kΩ 0603 uniroyal uniroyal thick film pre-flight general purpose,231818,0.0025
R 43k 0603 1% Uniroyal,43kΩ,C23172,Preferred,0603WAF4302T5E,Uniroyal,Uniroyal Thick Film,0603,1%,100mW,75V,,,,,±100ppm/°C,E24,Pre-Flight,General Purpose,Device:R,Resistor_SMD:R_0603_1608Metric,https://www.lcsc.com/datasheet/lcsc_datasheet_2206010116_UNI-ROYAL-Uniroyal-Elec-0603WAF4302T5E_C23172.pdf,https://www.lcsc.com/product-detail/chip-resistor-surface-mount_uni-royal-uniroyal-elec-0603waf4302t5e_C23172.html,"Resistor 43kΩ 1% 100mW 0603 Thick Film Chip Resistors, Uniroyal 0603WAF4302T5E (Pre-Flight, LCSC Preferred)",resistor 43kΩ 0603 uniroyal uniroyal thick film pre-flight general purpose,261468,0.0017
R 47k 0603 1% Uniroyal,47kΩ,C25819,Basic,0603WAF4702T5E,Uniroyal,Uniroyal Thick Film,0603,1%,100mW,75V,,,,,±100ppm/°C,E24,Pre-Flight,General Purpose,Device:R,Resistor_SMD:R_0603_1608Metric,https://www.lcsc.com/datasheet/lcsc_datasheet_2206010045_UNI-ROYAL-Uniroyal-Elec-0603WAF4702T5E_C25819.pdf,https://www.lcsc.com/product-detail/chip-resistor-surface-mount_uni-royal-uniroyal-elec-0603waf4702t5e_C25819.html,"Resistor 47kΩ 1% 100mW 0603 Thick Film Chip Resistors, Uniroyal 0603WAF4702T5E (Pre-Flight, LCSC Basic)",resistor 47kΩ 0603 uniroyal uniroyal thick film pre-flight general purpose,2365947,0.0038
R 49.9k 0603 1% Uniroyal,49.9kΩ,C23184,Basic,0603WAF4992T5E,Uniroyal,Uniroyal Thick Film,0603,1%,100mW,75V,,,,,±100ppm/°C,E96,Pre-Flight,General Purpose,Device:R,Resistor_SMD:R_0603_1608Metric,https://www.lcsc.com/datasheet/lcsc_datasheet_2206010116_UNI-ROYAL-Uniroyal-Elec-0603WAF4992T5E_C23184.pdf,https://www.lcsc.com/product-detail/chip-resistor-surface-mount_uni-royal-uniroyal-elec-0603waf4992t5e_C23184.html,"Resistor 49.9kΩ 1% 100mW 0603 Thick Film Chip Resistors, Uniroyal 0603WAF4992T5E (Pre-Flight, LCSC Basic)",resistor 49.9kΩ 0603 uniroyal uniroyal thick film pre-flight general purpose,1945334,0.0032
R 51k 0603 1% Uniroyal,51kΩ,C23196,Basic,0603WAF5102T5E,Uniroyal,Uniroyal Thick Film,0603,1%,100mW,75V,,,,,±100ppm/°C,E24,Pre-Flight,General Purpose,Device:R,Resistor_SMD:R_0603_1608Metric,https://www.lcsc.com/datasheet/lcsc_datasheet_2206010116_UNI-ROYAL-Uniroyal-Elec-0603WAF5102T5E_C23196.pdf,https://www.lcsc.com/product-detail/chip-resistor-surface-mount_uni-royal-uniroyal-elec-0603waf5102t5e_C23196.html,"Resistor 51kΩ 1% 100mW 0603 Thick Film Chip Resistors, Uniroyal 0603WAF5102T5E (Pre-Flight, LCSC Basic)",resistor 51kΩ 0603 uniroyal uniroyal thick film pre-flight general purpose,2433890,0.002
R 56k 0603 1% Uniroyal,56kΩ,C23206,Basic,0603WAF5602T5E,Uniroyal,Uniroyal Thick Film,0603,1%,100mW,75V,,,,,±100ppm/°C,E24,Pre-Flight,General Purpose,Device:R,Resistor_SMD:R_0603_1608Metric,https://www.lcsc.com/datasheet/lcsc_datasheet_2206010116_UNI-ROYAL-Uniroyal-Elec-0603WAF5602T5E_C23206.pdf,https://www.lcsc.com/product-detail/chip-resistor-surface-mount_uni-royal-uniroyal-elec-0603waf5602t5e_C23206.html,"Resistor 56kΩ 1% 100mW 0603 Thick Film Chip Resistors, Uniroyal 0603WAF5602T5E (Pre-Flight, LCSC Basic)",resistor 56kΩ 0603 uniroyal uniroyal thick film pre-flight general purpose,1145177,0.0031
R 62k 0603 1% Uniroyal,62kΩ,C23221,Preferred,0603WAF6202T5E,Uniroyal,Uniroyal Thick Film,0603,1%,100mW,75V,,,,,±100ppm/°C,E24,Pre-Flight,General Purpose,Device:R,Resistor_SMD:R_0603_1608Metric,https://www.lcsc.com/datasheet/lcsc_datasheet_2206010116_UNI-ROYAL-Uniroyal-Elec-0603WAF6202T5E_C23221.pdf,https://www.lcsc.com/product-detail/chip-resistor-surface-mount_uni-royal-uniroyal-elec-0603waf6202t5e_C23221.html,"Resistor 62kΩ 1% 100mW 0603 Thick Film Chip Resistors, Uniroyal 0603WAF6202T5E (Pre-Flight, LCSC Preferred)",resistor 62kΩ 0603 uniroyal uniroyal thick film pre-flight general purpose,475087,0.0032
R 68k 0603 1% Uniroyal,68kΩ,C23231,Basic,0603WAF6802T5E,Uniroyal,Uniroyal Thick Film,0603,1%,100mW,75V,,,,,±100ppm/°C,E24,Pre-Flight,General Purpose,Device:R,Resistor_SMD:R_0603_1608Metric,https://www.lcsc.com/datasheet/lcsc_datasheet_2206010100_UNI-ROYAL-Uniroyal-Elec-0603WAF6802T5E_C23231.pdf,https://www.lcsc.com/product-detail/chip-resistor-surface-mount_uni-royal-uniroyal-elec-0603waf6802t5e_C23231.html,"Resistor 68kΩ 1% 100mW 0603 Thick Film Chip Resistors, Uniroyal 0603WAF6802T5E (Pre-Flight, LCSC Basic)",resistor 68kΩ 0603 uniroyal uniroyal thick film pre-flight general purpose,1250276,0.0024
R 75k 0603 1% Uniroyal,75kΩ,C23242,Basic,0603WAF7502T5E,Uniroyal,Uniroyal Thick Film,0603,1%,100mW,75V,,,,,±100ppm/°C,E24,Pre-Flight,General Purpose,Device:R,Resistor_SMD:R_0603_1608Metric,https://www.lcsc.com/datasheet/lcsc_datasheet_2206010100_UNI-ROYAL-Uniroyal-Elec-0603WAF7502T5E_C23242.pdf,https://www.lcsc.com/product-detail/chip-resistor-surface-mount_uni-royal-uniroyal-elec-0603waf7502t5e_C23242.html,"Resistor 75kΩ 1% 100mW 0603 Thick Film Chip Resistors, Uniroyal 0603WAF7502T5E (Pre-Flight, LCSC Basic)",resistor 75kΩ 0603 uniroyal uniroyal thick film pre-flight general purpose,664350,0.0048
R 82k 0603 1% Uniroyal,82kΩ,C23254,Basic,0603WAF8202T5E,Uniroyal,Uniroyal Thick Film,0603,1%,100mW,75V,,,,,±100ppm/°C,E24,Pre-Flight,General Purpose,Device:R,Resistor_SMD:R_0603_1608Metric,https://www.lcsc.com/datasheet/lcsc_datasheet_2206010100_UNI-ROYAL-Uniroyal-Elec-0603WAF8202T5E_C23254.pdf,https://www.lcsc.com/product-detail/chip-resistor-surface-mount_uni-royal-uniroyal-elec-0603waf8202t5e_C23254.html,"Resistor 82kΩ 1% 100mW 0603 Thick Film Chip Resistors, Uniroyal 0603WAF8202T5E (Pre-Flight, LCSC Basic)",resistor 82kΩ 0603 uniroyal uniroyal thick film pre-flight general purpose,1409042,0.0042
R 91k 0603 1% Uniroyal,91kΩ,C23265,Preferred,0603WAF9102T5E,Uniroyal,Uniroyal Thick Film,0603,1%,100mW,75V,,,,,±100ppm/°C,E24,Pre-Flight,General Purpose,Device:R,Resistor_SMD:R_0603_1608Metric,https://www.lcsc.com/datasheet/lcsc_datasheet_2206010100_UNI-ROYAL-Uniroyal-Elec-0603WAF9102T5E_C23265.pdf,https://www.lcsc.com/product-detail/chip-resistor-surface-mount_uni-royal-uniroyal-elec-0603waf9102t5e_C23265.html,"Resistor 91kΩ 1% 100mW 0603 Thick Film Chip Resistors, Uniroyal 0603WAF9102T5E (Pre-Flight, LCSC Preferred)",resistor 91kΩ 0603 uniroyal uniroyal thick film pre-flight general purpose,192947,0.0025
R 100k 0603 1% Uniroyal,100kΩ,C25803,Basic,0603WAF1003T5E,Uniroyal,Uniroyal Thick Film,0603,1%,100mW,75V,,,,,±100ppm/°C,E24,Pre-Flight,General Purpose,Device:R,Resistor_SMD:R_0603_1608Metric,https://www.lcsc.com/datasheet/lcsc_datasheet_2206010045_UNI-ROYAL-Uniroyal-Elec-0603WAF1003T5E_C25803.pdf,https://www.lcsc.com/product-detail/chip-resistor-surface-mount_uni-royal-uniroyal-elec-0603waf1003t5e_C25803.html,"Resistor 100kΩ 1% 100mW 0603 Thick Film Chip Resistors, Uniroyal 0603WAF1003T5E (Pre-Flight, LCSC Basic)",resistor 100kΩ 0603 uniroyal uniroyal thick film pre-flight general purpose,23159465,0.0041
R 110k 0603 1% Uniroyal,110kΩ,C25805,Preferred,0603WAF1103T5E,Uniroyal,Uniroyal Thick Film,0603,1%,100mW,75V,,,,,±100ppm/°C,E24,Pre-Flight,General Purpose,Device:R,Resistor_SMD:R_0603_1608Metric,https://www.lcsc.com/datasheet/lcsc_datasheet_2206010045_UNI-ROYAL-Uniroyal-Elec-0603WAF1103T5E_C25805.pdf,https://www.lcsc.com/product-detail/chip-resistor-surface-mount_uni-royal-uniroyal-elec-0603waf1103t5e_C25805.html,"Resistor 110kΩ 1% 100mW 0603 Thick Film Chip Resistors, Uniroyal 0603WAF1103T5E (Pre-Flight, LCSC Preferred)",resistor 110kΩ 0603 uniroyal uniroyal thick film pre-flight general purpose,211676,0.0057
R 120k 0603 1% Uniroyal,120kΩ,C25808,Basic,0603WAF1203T5E,Uniroyal,Uniroyal Thick Film,0603,1%,100mW,75V,,,,,±100ppm/°C,E24,Pre-Flight,General Purpose,Device:R,Resistor_SMD:R_0603_1608Metric,https://www.lcsc.com/datasheet/lcsc_datasheet_2206010045_UNI-ROYAL-Uniroyal-Elec-0603WAF1203T5E_C25808.pdf,https://www.lcsc.com/product-detail/chip-resistor-surface-mount_uni-royal-uniroyal-elec-0603waf1203t5e_C25808.html,"Resistor 120kΩ 1% 100mW 0603 Thick Film Chip Resistors, Uniroyal 0603WAF1203T5E (Pre-Flight, LCSC Basic)",resistor 120kΩ 0603 uniroyal uniroyal thick film pre-flight general purpose,652287,0.0021
R 130k 0603 1% Uniroyal,130kΩ,C22795,Preferred,0603WAF1303T5E,Uniroyal,Uniroyal Thick Film,0603,1%,100mW,75V,,,,,±100ppm/°C,E24,Pre-Flight,General Purpose,Device:R,Resistor_SMD:R_0603_1608Metric,https://www.lcsc.com/datasheet/lcsc_datasheet_2206010130_UNI-ROYAL-Uniroyal-Elec-0603WAF1303T5E_C22795.pdf,https://www.lcsc.com/product-detail/chip-resistor-surface-mount_uni-royal-uniroyal-elec-0603waf1303t5e_C22795.html,"Resistor 130kΩ 1% 100mW 0603 Thick Film Chip Resistors, Uniroyal 0603WAF1303T5E (Pre-Flight, LCSC Preferred)",resistor 130kΩ 0603 uniroyal uniroyal thick film pre-flight general purpose,633508,0.002
R 150k 0603 1% Uniroyal,150kΩ,C22807,Basic,0603WAF1503T5E,Uniroyal,Uniroyal Thick Film,0603,1%,100mW,75V,,,,,±100ppm/°C,E24,Pre-Flight,General Purpose,Device:R,Resistor_SMD:R_0603_1608Metric,https://www.lcsc.com/datasheet/lcsc_datasheet_2206010130_UNI-ROYAL-Uniroyal-Elec-0603WAF1503T5E_C22807.pdf,https://www.lcsc.com/product-detail/chip-resistor-surface-mount_uni-royal-uniroyal-elec-0603waf1503t5e_C22807.html,"Resistor 150kΩ 1% 100mW 0603 Thick Film Chip Resistors, Uniroyal 0603WAF1503T5E (Pre-Flight, LCSC Basic)",resistor 150kΩ 0603 uniroyal uniroyal thick film pre-flight general purpose,831256,0.0069
R 160k 0603 1% Uniroyal,160kΩ,C22813,Preferred,0603WAF1603T5E,Uniroyal,Uniroyal Thick Film,0603,1%,100mW,75V,,,,,±100ppm/°C,E24,Pre-Flight,General Purpose,Device:R,Resistor_SMD:R_0603_1608Metric,https://www.lcsc.com/datasheet/lcsc_datasheet_2206010130_UNI-ROYAL-Uniroyal-Elec-0603WAF1603T5E_C22813.pdf,https://www.lcsc.com/product-detail/chip-resistor-surface-mount_uni-royal-uniroyal-elec-0603waf1603t5e_C22813.html,"Resistor 160kΩ 1% 100mW 0603 Thick Film Chip Resistors, Uniroyal 0603WAF1603T5E (Pre-Flight, LCSC Preferred)",resistor 160kΩ 0603 uniroyal uniroyal thick film pre-flight general purpose,184105,0.003
R 180k 0603 1% Uniroyal,180kΩ,C22827,Preferred,0603WAF1803T5E,Uniroyal,Uniroyal Thick Film,0603,1%,100mW,75V,,,,,±100ppm/°C,E24,Pre-Flight,General Purpose,Device:R,Resistor_SMD:R_0603_1608Metric,https://www.lcsc.com/datasheet/lcsc_datasheet_2206010130_UNI-ROYAL-Uniroyal-Elec-0603WAF1803T5E_C22827.pdf,https://www.lcsc.com/product-detail/chip-resistor-surface-mount_uni-royal-uniroyal-elec-0603waf1803t5e_C22827.html,"Resistor 180kΩ 1% 100mW 0603 Thick Film Chip Resistors, Uniroyal 0603WAF1803T5E (Pre-Flight, LCSC Preferred)",resistor 180kΩ 0603 uniroyal uniroyal thick film pre-flight general purpose,376576,0.0017
R 200k 0603 1% Uniroyal,200kΩ,C25811,Basic,0603WAF2003T5E,Uniroyal,Uniroyal Thick Film,0603,1%,100mW,75V,,,,,±100ppm/°C,E24,Pre-Flight,General Purpose,Device:R,Resistor_SMD:R_0603_1608Metric,https://www.lcsc.com/datasheet/lcsc_datasheet_2206010045_UNI-ROYAL-Uniroyal-Elec-0603WAF2003T5E_C25811.pdf,https://www.lcsc.com/product-detail/chip-resistor-surface-mount_uni-royal-uniroyal-elec-0603waf2003t5e_C25811.html,"Resistor 200kΩ 1% 100mW 0603 Thick Film Chip Resistors, Uniroyal 0603WAF2003T5E (Pre-Flight, LCSC Basic)",resistor 200kΩ 0603 uniroyal uniroyal thick film pre-flight general purpose,2133462,0.003
R 220k 0603 1% Uniroyal,220kΩ,C22961,Basic,0603WAF2203T5E,Uniroyal,Uniroyal Thick Film,0603,1%,100mW,75V,,,,,±100ppm/°C,E24,Pre-Flight,General Purpose,Device:R,Resistor_SMD:R_0603_1608Metric,https://www.lcsc.com/datasheet/lcsc_datasheet_2206010130_UNI-ROYAL-Uniroyal-Elec-0603WAF2203T5E_C22961.pdf,https://www.lcsc.com/product-detail/chip-resistor-surface-mount_uni-royal-uniroyal-elec-0603waf2203t5e_C22961.html,"Resistor 220kΩ 1% 100mW 0603 Thick Film Chip Resistors, Uniroyal 0603WAF2203T5E (Pre-Flight, LCSC Basic)",resistor 220kΩ 0603 uniroyal uniroyal thick film pre-flight general purpose,1580974,0.0016
R 240k 0603 1% Uniroyal,240kΩ,C4197,Preferred,0603WAF2403T5E,Uniroyal,Uniroyal Thick Film,0603,1%,100mW,75V,,,,,±100ppm/°C,E24,Pre-Flight,General Purpose,Device:R,Resistor_SMD:R_0603_1608Metric,https://www.lcsc.com/datasheet/lcsc_datasheet_2206010230_UNI-ROYAL-Uniroyal-Elec-0603WAF2403T5E_C4197.pdf,https://www.lcsc.com/product-detail/chip-resistor-surface-mount_uni-royal-uniroyal-elec-0603waf2403t5e_C4197.html,"Resistor 240kΩ 1% 100mW 0603 Thick Film Chip Resistors, Uniroyal 0603WAF2403T5E (Pre-Flight, LCSC Preferred)",resistor 240kΩ 0603 uniroyal uniroyal thick film pre-flight general purpose,164987,0.0054
R 270k 0603 1% Uniroyal,270kΩ,C22965,Preferred,0603WAF2703T5E,Uniroyal,Uniroyal Thick Film,0603,1%,100mW,75V,,,,,±100ppm/°C,E24,Pre-Flight,General Purpose,Device:R,Resistor_SMD:R_0603_1608Metric,https://www.lcsc.com/datasheet/lcsc_datasheet_2206010130_UNI-ROYAL-Uniroyal-Elec-0603WAF2703T5E_C22965.pdf,https://www.lcsc.com/product-detail/chip-resistor-surface-mount_uni-royal-uniroyal-elec-0603waf2703t5e_C22965.html,"Resistor 270kΩ 1% 100mW 0603 Thick Film Chip Resistors, Uniroyal 0603WAF2703T5E (Pre-Flight, LCSC Preferred)",resistor 270kΩ 0603 uniroyal uniroyal thick film pre-flight general purpose,397533,0.002
R 300k 0603 1% Uniroyal,300kΩ,C23024,Basic,0603WAF3003T5E,Uniroyal,Uniroyal Thick Film,0603,1%,100mW,75V,,,,,±100ppm/°C,E24,Pre-Flight,General Purpose,Device:R,Resistor_SMD:R_0603_1608Metric,https://www.lcsc.com/datasheet/lcsc_datasheet_2206010116_UNI-ROYAL-Uniroyal-Elec-0603WAF3003T5E_C23024.pdf,https://www.lcsc.com/product-detail/chip-resistor-surface-mount_uni-royal-uniroyal-elec-0603waf3003t5e_C23024.html,"Resistor 300kΩ 1% 100mW 0603 Thick Film Chip Resistors, Uniroyal 0603WAF3003T5E (Pre-Flight, LCSC Basic)",resistor 300kΩ 0603 uniroyal uniroyal thick film pre-flight general purpose,676041,0.0062
R 330k 0603 1% Uniroyal,330kΩ,C23137,Basic,0603WAF3303T5E,Uniroyal,Uniroyal Thick Film,0603,1%,100mW,75V,,,,,±100ppm/°C,E24,Pre-Flight,General Purpose,Device:R,Resistor_SMD:R_0603_1608Metric,https://www.lcsc.com/datasheet/lcsc_datasheet_2206010116_UNI-ROYAL-Uniroyal-Elec-0603WAF3303T5E_C23137.pdf,https://www.lcsc.com/product-detail/chip-resistor-surface-mount_uni-royal-uniroyal-elec-0603waf3303t5e_C23137.html,"Resistor 330kΩ 1% 100mW 0603 Thick Film Chip Resistors, Uniroyal 0603WAF3303T5E (Pre-Flight, LCSC Basic)",resistor 330kΩ 0603 uniroyal uniroyal thick film pre-flight general purpose,988908,0.0014
R 360k 0603 1% Uniroyal,360kΩ,C23146,Preferred,0603WAF3603T5E,Uniroyal,Uniroyal Thick Film,0603,1%,100mW,75V,,,,,±100ppm/°C,E24,Pre-Flight,General Purpose,Device:R,Resistor_SMD:R_0603_1608Metric,https://www.lcsc.com/datasheet/lcsc_datasheet_2206010116_UNI-ROYAL-Uniroyal-Elec-0603WAF3603T5E_C23146.pdf,https://www.lcsc.com/product-detail/chip-resistor-surface-mount_uni-royal-uniroyal-elec-0603waf3603t5e_C23146.html,"Resistor 360kΩ 1% 100mW 0603 Thick Film Chip Resistors, Uniroyal 0603WAF3603T5E (Pre-Flight, LCSC Preferred)",resistor 360kΩ 0603 uniroyal uniroyal thick film pre-flight general purpose,88034,0.0018
R 390k 0603 1% Uniroyal,390kΩ,C23150,Preferred,0603WAF3903T5E,Uniroyal,Uniroyal Thick Film,0603,1%,100mW,75V,,,,,±100ppm/°C,E24,Pre-Flight,General Purpose,Device:R,Resistor_SMD:R_0603_1608Metric,https://www.lcsc.com/datasheet/lcsc_datasheet_2206010116_UNI-ROYAL-Uniroyal-Elec-0603WAF3903T5E_C23150.pdf,https://www.lcsc.com/product-detail/chip-resistor-surface-mount_uni-royal-uniroyal-elec-0603waf3903t5e_C23150.html,"Resistor 390kΩ 1% 100mW 0603 Thick Film Chip Resistors, Uniroyal 0603WAF3903T5E (Pre-Flight, LCSC Preferred)",resistor 390kΩ 0603 uniroyal uniroyal thick film pre-flight general purpose,56866,0.0021
R 430k 0603 1% Uniroyal,430kΩ,C25969,Preferred,0603WAF4303T5E,Uniroyal,Uniroyal Thick Film,0603,1%,100mW,75V,,,,,±100ppm/°C,E24,Pre-Flight,General Purpose,Device:R,Resistor_SMD:R_0603_1608Metric,https://www.lcsc.com/datasheet/lcsc_datasheet_2206010045_UNI-ROYAL-Uniroyal-Elec-0603WAF4303T5E_C25969.pdf,https://www.lcsc.com/product-detail/chip-resistor-surface-mount_uni-royal-uniroyal-elec-0603waf4303t5e_C25969.html,"Resistor 430kΩ 1% 100mW 0603 Thick Film Chip Resistors, Uniroyal 0603WAF4303T5E (Pre-Flight, LCSC Preferred)",resistor 430kΩ 0603 uniroyal uniroyal thick film pre-flight general purpose,114453,0.0029
R 470k 0603 1% Uniroyal,470kΩ,C23178,Basic,0603WAF4703T5E,Uniroyal,Uniroyal Thick Film,0603,1%,100mW,75V,,,,,±100ppm/°C,E24,Pre-Flight,General Purpose,Device:R,Resistor_SMD:R_0603_1608Metric,https://www.lcsc.com/datasheet/lcsc_datasheet_2206010116_UNI-ROYAL-Uniroyal-Elec-0603WAF4703T5E_C23178.pdf,https://www.lcsc.com/product-detail/chip-resistor-surface-mount_uni-royal-uniroyal-elec-0603waf4703t5e_C23178.html,"Resistor 470kΩ 1% 100mW 0603 Thick Film Chip Resistors, Uniroyal 0603WAF4703T5E (Pre-Flight, LCSC Basic)",resistor 470kΩ 0603 uniroyal uniroyal thick film pre-flight general purpose,1631083,0.0045
R 510k 0603 1% Uniroyal,510kΩ,C23192,Basic,0603WAF5103T5E,Uniroyal,Uniroyal Thick Film,0603,1%,100mW,75V,,,,,±100ppm/°C,E24,Pre-Flight,General Purpose,Device:R,Resistor_SMD:R_0603_1608Metric,https://www.lcsc.com/datasheet/lcsc_datasheet_2206010116_UNI-ROYAL-Uniroyal-Elec-0603WAF5103T5E_C23192.pdf,https://www.lcsc.com/product-detail/chip-resistor-surface-mount_uni-royal-uniroyal-elec-0603waf5103t5e_C23192.html,"Resistor 510kΩ 1% 100mW 0603 Thick Film Chip Resistors, Uniroyal 0603WAF5103T5E (Pre-Flight, LCSC Basic)",resistor 510kΩ 0603 uniroyal uniroyal thick film pre-flight general purpose,804422,0.0031
R 560k 0603 1% Uniroyal,560kΩ,C23203,Preferred,0603WAF5603T5E,Uniroyal,Uniroyal Thick Film,0603,1%,100mW,75V,,,,,±100ppm/°C,E24,Pre-Flight,General Purpose,Device:R,Resistor_SMD:R_0603_1608Metric,https://www.lcsc.com/datasheet/lcsc_datasheet_2206010116_UNI-ROYAL-Uniroyal-Elec-0603WAF5603T5E_C23203.pdf,https://www.lcsc.com/product-detail/chip-resistor-surface-mount_uni-royal-uniroyal-elec-0603waf5603t5e_C23203.html,"Resistor 560kΩ 1% 100mW 0603 Thick Film Chip Resistors, Uniroyal 0603WAF5603T5E (Pre-Flight, LCSC Preferred)",resistor 560kΩ 0603 uniroyal uniroyal thick film pre-flight general purpose,419982,0.0016
R 680k 0603 1% Uniroyal,680kΩ,C25822,Preferred,0603WAF6803T5E,Uniroyal,Uniroyal Thick Film,0603,1%,100mW,75V,,,,,±100ppm/°C,E24,Pre-Flight,General Purpose,Device:R,Resistor_SMD:R_0603_1608Metric,https://www.lcsc.com/datasheet/lcsc_datasheet_2206010045_UNI-ROYAL-Uniroyal-Elec-0603WAF6803T5E_C25822.pdf,https://www.lcsc.com/product-detail/chip-resistor-surface-mount_uni-royal-uniroyal-elec-0603waf6803t5e_C25822.html,"Resistor 680kΩ 1% 100mW 0603 Thick Film Chip Resistors, Uniroyal 0603WAF6803T5E (Pre-Flight, LCSC Preferred)",resistor 680kΩ 0603 uniroyal uniroyal thick film pre-flight general purpose,1242319,0.0017
R 750k 0603 1% Uniroyal,750kΩ,C23240,Preferred,0603WAF7503T5E,Uniroyal,Uniroyal Thick Film,0603,1%,100mW,75V,,,,,±100ppm/°C,E24,Pre-Flight,General Purpose,Device:R,Resistor_SMD:R_0603_1608Metric,https://www.lcsc.com/datasheet/lcsc_datasheet_2206010100_UNI-ROYAL-Uniroyal-Elec-0603WAF7503T5E_C23240.pdf,https://www.lcsc.com/product-detail/chip-resistor-surface-mount_uni-royal-uniroyal-elec-0603waf7503t5e_C23240.html,"Resistor 750kΩ 1% 100mW 0603 Thick Film Chip Resistors, Uniroyal 0603WAF7503T5E (Pre-Flight, LCSC Preferred)",resistor 750kΩ 0603 uniroyal uniroyal thick film pre-flight general purpose,234208,0.0036
R 1M 0603 1% Uniroyal,1MΩ,C22935,Basic,0603WAF1004T5E,Uniroyal,Uniroyal Thick Film,0603,1%,100mW,75V,,,,,±100ppm/°C,E24,Pre-Flight,General Purpose,Device:R,Resistor_SMD:R_0603_1608Metric,https://www.lcsc.com/datasheet/lcsc_datasheet_2206010130_UNI-ROYAL-Uniroyal-Elec-0603WAF1004T5E_C22935.pdf,https://www.lcsc.com/product-detail/chip-resistor-surface-mount_uni-royal-uniroyal-elec-0603waf1004t5e_C22935.html,"Resistor 1MΩ 1% 100mW 0603 Thick Film Chip Resistors, Uniroyal 0603WAF1004T5E (Pre-Flight, LCSC Basic)",resistor 1MΩ 0603 uniroyal uniroyal thick film pre-flight general purpose,7495615,0.0023
R 1.5M 0603 1% Uniroyal,1.5MΩ,C4172,Preferred,0603WAF1504T5E,Uniroyal,Uniroyal Thick Film,0603,1%,100mW,75V,,,,,±100ppm/°C,E24,Pre-Flight,General Purpose,Device:R,Resistor_SMD:R_0603_1608Metric,https://www.lcsc.com/datasheet/lcsc_datasheet_2206010230_UNI-ROYAL-Uniroyal-Elec-0603WAF1504T5E_C4172.pdf,https://www.lcsc.com/product-detail/chip-resistor-surface-mount_uni-royal-uniroyal-elec-0603waf1504t5e_C4172.html,"Resistor 1.5MΩ 1% 100mW 0603 Thick Film Chip Resistors, Uniroyal 0603WAF1504T5E (Pre-Flight, LCSC Preferred)",resistor 1.5MΩ 0603 uniroyal uniroyal thick film pre-flight general purpose,19792,0.0025
R 2M 0603 1% Uniroyal,2MΩ,C22976,Basic,0603WAF2004T5E,Uniroyal,Uniroyal Thick Film,0603,1%,100mW,75V,,,,,±100ppm/°C,E24,Pre-Flight,General Purpose,Device:R,Resistor_SMD:R_0603_1608Metric,https://www.lcsc.com/datasheet/lcsc_datasheet_2206010116_UNI-ROYAL-Uniroyal-Elec-0603WAF2004T5E_C22976.pdf,https://www.lcsc.com/product-detail/chip-resistor-surface-mount_uni-royal-uniroyal-elec-0603waf2004t5e_C22976.html,"Resistor 2MΩ 1% 100mW 0603 Thick Film Chip Resistors, Uniroyal 0603WAF2004T5E (Pre-Flight, LCSC Basic)",resistor 2MΩ 0603 uniroyal uniroyal thick film pre-flight general purpose,1500425,0.0025
R 2.2M 0603 1% Uniroyal,2.2MΩ,C22938,Preferred,0603WAF2204T5E,Uniroyal,Uniroyal Thick Film,0603,1%,100mW,75V,,,,,±100ppm/°C,E24,Pre-Flight,General Purpose,Device:R,Resistor_SMD:R_0603_1608Metric,https://www.lcsc.com/datasheet/lcsc_datasheet_2206010130_UNI-ROYAL-Uniroyal-Elec-0603WAF2204T5E_C22938.pdf,https://www.lcsc.com/product-detail/chip-resistor-surface-mount_uni-royal-uniroyal-elec-0603waf2204t5e_C22938.html,"Resistor 2.2MΩ 1% 100mW 0603 Thick Film Chip Resistors, Uniroyal 0603WAF2204T5E (Pre-Flight, LCSC Preferred)",resistor 2.2MΩ 0603 uniroyal uniroyal thick film pre-flight general purpose,193917,0.0027
R 3M 0603 1% Uniroyal,3MΩ,C23156,Preferred,0603WAF3004T5E,Uniroyal,Uniroyal Thick Film,0603,1%,100mW,75V,,,,,±100ppm/°C,E24,Pre-Flight,General Purpose,Device:R,Resistor_SMD:R_0603_1608Metric,https://www.lcsc.com/datasheet/lcsc_datasheet_2206010116_UNI-ROYAL-Uniroyal-Elec-0603WAF3004T5E_C23156.pdf,https://www.lcsc.com/product-detail/chip-resistor-surface-mount_uni-royal-uniroyal-elec-0603waf3004t5e_C23156.html,"Resistor 3MΩ 1% 100mW 0603 Thick Film Chip Resistors, Uniroyal 0603WAF3004T5E (Pre-Flight, LCSC Preferred)",resistor 3MΩ 0603 uniroyal uniroyal thick film pre-flight general purpose,190095,0.0028
R 4.7M 0603 1% Uniroyal,4.7MΩ,C23163,Preferred,0603WAF4704T5E,Uniroyal,Uniroyal Thick Film,0603,1%,100mW,75V,,,,,±100ppm/°C,E24,Pre-Flight,General Purpose,Device:R,Resistor_SMD:R_0603_1608Metric,https://www.lcsc.com/datasheet/lcsc_datasheet_2206010116_UNI-ROYAL-Uniroyal-Elec-0603WAF4704T5E_C23163.pdf,https://www.lcsc.com/product-detail/chip-resistor-surface-mount_uni-royal-uniroyal-elec-0603waf4704t5e_C23163.html,"Resistor 4.7MΩ 1% 100mW 0603 Thick Film Chip Resistors, Uniroyal 0603WAF4704T5E (Pre-Flight, LCSC Preferred)",resistor 4.7MΩ 0603 uniroyal uniroyal thick film pre-flight general purpose,28497,0.0026
R 5.1M 0603 1% Uniroyal,5.1MΩ,C13320,Preferred,0603WAF5104T5E,Uniroyal,Uniroyal Thick Film,0603,1%,100mW,75V,,,,,±100ppm/°C,E24,Pre-Flight,General Purpose,Device:R,Resistor_SMD:R_0603_1608Metric,https://www.lcsc.com/datasheet/lcsc_datasheet_2206010216_UNI-ROYAL-Uniroyal-Elec-0603WAF5104T5E_C13320.pdf,https://www.lcsc.com/product-detail/chip-resistor-surface-mount_uni-royal-uniroyal-elec-0603waf5104t5e_C13320.html,"Resistor 5.1MΩ 1% 100mW 0603 Thick Film Chip Resistors, Uniroyal 0603WAF5104T5E (Pre-Flight, LCSC Preferred)",resistor 5.1MΩ 0603 uniroyal uniroyal thick film pre-flight general purpose,1094085,0.003
R 10M 0603 1% Uniroyal,10MΩ,C7250,Basic,0603WAF1005T5E,Uniroyal,Uniroyal Thick Film,0603,1%,100mW,75V,,,,,±100ppm/°C,E24,Pre-Flight,General Purpose,Device:R,Resistor_SMD:R_0603_1608Metric,https://www.lcsc.com/datasheet/lcsc_datasheet_2206010216_UNI-ROYAL-Uniroyal-Elec-0603WAF1005T5E_C7250.pdf,https://www.lcsc.com/product-detail/chip-resistor-surface-mount_uni-royal-uniroyal-elec-0603waf1005t5e_C7250.html,"Resistor 10MΩ 1% 100mW 0603 Thick Film Chip Resistors, Uniroyal 0603WAF1005T5E (Pre-Flight, LCSC Basic)",resistor 10MΩ 0603 uniroyal uniroyal thick film pre-flight general purpose,245343,0.0021
R 0 0805 Uniroyal,0Ω,C17477,Basic,0805W8F0000T5E,Uniroyal,Uniroyal Thick Film,0805,,125mW,150V,,,,,±800ppm/°C,ZERO,Pre-Flight,General Purpose,Device:R,Resistor_SMD:R_0805_2012Metric,https://www.lcsc.com/datasheet/lcsc_datasheet_2206010216_UNI-ROYAL-Uniroyal-Elec-0805W8F0000T5E_C17477.pdf,https://www.lcsc.com/product-detail/chip-resistor-surface-mount_uni-royal-uniroyal-elec-0805w8f0000t5e_C17477.html,"Resistor 0Ω 125mW 0805 Thick Film Chip Resistors, Uniroyal 0805W8F0000T5E (Pre-Flight, LCSC Basic)",resistor 0Ω 0805 uniroyal uniroyal thick film pre-flight general purpose,7597739,0.0044
R 1 0805 1% Uniroyal,1Ω,C25271,Basic,0805W8F100KT5E,Uniroyal,Uniroyal Thick Film,0805,1%,125mW,150V,,,,,±200ppm/°C,E24,Pre-Flight,General Purpose,Device:R,Resistor_SMD:R_0805_2012Metric,https://www.lcsc.com/datasheet/lcsc_datasheet_2205311845_UNI-ROYAL-Uniroyal-Elec-0805W8F100KT5E_C25271.pdf,https://www.lcsc.com/product-detail/chip-resistor-surface-mount_uni-royal-uniroyal-elec-0805w8f100kt5e_C25271.html,"Resistor 1Ω 1% 125mW 0805 Thick Film Chip Resistors, Uniroyal 0805W8F100KT5E (Pre-Flight, LCSC Basic)",resistor 1Ω 0805 uniroyal uniroyal thick film pre-flight general purpose,267058,0.0051
R 2 0805 1% Uniroyal,2Ω,C17606,Preferred,0805W8F200KT5E,Uniroyal,Uniroyal Thick Film,0805,1%,125mW,150V,,,,,±200ppm/°C,E24,Pre-Flight,General Purpose,Device:R,Resistor_SMD:R_0805_2012Metric,https://www.lcsc.com/datasheet/lcsc_datasheet_2206010200_UNI-ROYAL-Uniroyal-Elec-0805W8F200KT5E_C17606.pdf,https://www.lcsc.com/product-detail/chip-resistor-surface-mount_uni-royal-uniroyal-elec-0805w8f200kt5e_C17606.html,"Resistor 2Ω 1% 125mW 0805 Thick Film Chip Resistors, Uniroyal 0805W8F200KT5E (Pre-Flight, LCSC Preferred)",resistor 2Ω 0805 uniroyal uniroyal thick film pre-flight general purpose,21591,0.016
R 2.2 0805 1% Uniroyal,2.2Ω,C17521,Basic,0805W8F220KT5E,Uniroyal,Uniroyal Thick Film,0805,1%,125mW,150V,,,,,±200ppm/°C,E24,Pre-Flight,General Purpose,Device:R,Resistor_SMD:R_0805_2012Metric,https://www.lcsc.com/datasheet/lcsc_datasheet_2206010200_UNI-ROYAL-Uniroyal-Elec-0805W8F220KT5E_C17521.pdf,https://www.lcsc.com/product-detail/chip-resistor-surface-mount_uni-royal-uniroyal-elec-0805w8f220kt5e_C17521.html,"Resistor 2.2Ω 1% 125mW 0805 Thick Film Chip Resistors, Uniroyal 0805W8F220KT5E (Pre-Flight, LCSC Basic)",resistor 2.2Ω 0805 uniroyal uniroyal thick film pre-flight general purpose,432758,0.0113
R 4.7 0805 1% Uniroyal,4.7Ω,C17675,Basic,0805W8F470KT5E,Uniroyal,Uniroyal Thick Film,0805,1%,125mW,150V,,,,,±200ppm/°C,E24,Pre-Flight,General Purpose,Device:R,Resistor_SMD:R_0805_2012Metric,https://www.lcsc.com/datasheet/lcsc_datasheet_2206010200_UNI-ROYAL-Uniroyal-Elec-0805W8F470KT5E_C17675.pdf,https://www.lcsc.com/product-detail/chip-resistor-surface-mount_uni-royal-uniroyal-elec-0805w8f470kt5e_C17675.html,"Resistor 4.7Ω 1% 125mW 0805 Thick Film Chip Resistors, Uniroyal 0805W8F470KT5E (Pre-Flight, LCSC Basic)",resistor 4.7Ω 0805 uniroyal uniroyal thick film pre-flight general purpose,94520,0.0051
R 5.1 0805 1% Uniroyal,5.1Ω,C17724,Basic,0805W8F510KT5E,Uniroyal,Uniroyal Thick Film,0805,1%,125mW,150V,,,,,±200ppm/°C,E24,Pre-Flight,General Purpose,Device:R,Resistor_SMD:R_0805_2012Metric,https://www.lcsc.com/datasheet/lcsc_datasheet_2206010200_UNI-ROYAL-Uniroyal-Elec-0805W8F510KT5E_C17724.pdf,https://www.lcsc.com/product-detail/chip-resistor-surface-mount_uni-royal-uniroyal-elec-0805w8f510kt5e_C17724.html,"Resistor 5.1Ω 1% 125mW 0805 Thick Film Chip Resistors, Uniroyal 0805W8F510KT5E (Pre-Flight, LCSC Basic)",resistor 5.1Ω 0805 uniroyal uniroyal thick film pre-flight general purpose,569165,0.006
R 10 0805 1% Uniroyal,10Ω,C17415,Basic,0805W8F100JT5E,Uniroyal,Uniroyal Thick Film,0805,1%,125mW,150V,,,,,±200ppm/°C,E24,Pre-Flight,General Purpose,Device:R,Resistor_SMD:R_0805_2012Metric,https://www.lcsc.com/datasheet/lcsc_datasheet_2206010216_UNI-ROYAL-Uniroyal-Elec-0805W8F100JT5E_C17415.pdf,https://www.lcsc.com/product-detail/chip-resistor-surface-mount_uni-royal-uniroyal-elec-0805w8f100jt5e_C17415.html,"Resistor 10Ω 1% 125mW 0805 Thick Film Chip Resistors, Uniroyal 0805W8F100JT5E (Pre-Flight, LCSC Basic)",resistor 10Ω 0805 uniroyal uniroyal thick film pre-flight general purpose,6394677,0.0043
R 15 0805 1% Uniroyal,15Ω,C17480,Preferred,0805W8F150JT5E,Uniroyal,Uniroyal Thick Film,0805,1%,125mW,150V,,,,,±100ppm/°C,E24,Pre-Flight,General Purpose,Device:R,Resistor_SMD:R_0805_2012Metric,https://www.lcsc.com/datasheet/lcsc_datasheet_2206010216_UNI-ROYAL-Uniroyal-Elec-0805W8F150JT5E_C17480.pdf,https://www.lcsc.com/product-detail/chip-resistor-surface-mount_uni-royal-uniroyal-elec-0805w8f150jt5e_C17480.html,"Resistor 15Ω 1% 125mW 0805 Thick Film Chip Resistors, Uniroyal 0805W8F150JT5E (Pre-Flight, LCSC Preferred)",resistor 15Ω 0805 uniroyal uniroyal thick film pre-flight general purpose,410197,0.0046
R 20 0805 1% Uniroyal,20Ω,C17544,Basic,0805W8F200JT5E,Uniroyal,Uniroyal Thick Film,0805,1%,125mW,150V,,,,,±100ppm/°C,E24,Pre-Flight,General Purpose,Device:R,Resistor_SMD:R_0805_2012Metric,https://www.lcsc.com/datasheet/lcsc_datasheet_2206010200_UNI-ROYAL-Uniroyal-Elec-0805W8F200JT5E_C17544.pdf,https://www.lcsc.com/product-detail/chip-resistor-surface-mount_uni-royal-uniroyal-elec-0805w8f200jt5e_C17544.html,"Resistor 20Ω 1% 125mW 0805 Thick Film Chip Resistors, Uniroyal 0805W8F200JT5E (Pre-Flight, LCSC Basic)",resistor 20Ω 0805 uniroyal uniroyal thick film pre-flight general purpose,2059557,0.005
R 22 0805 1% Uniroyal,22Ω,C17561,Basic,0805W8F220JT5E,Uniroyal,Uniroyal Thick Film,0805,1%,125mW,150V,,,,,±100ppm/°C,E24,Pre-Flight,General Purpose,Device:R,Resistor_SMD:R_0805_2012Metric,https://www.lcsc.com/datasheet/lcsc_datasheet_2206010200_UNI-ROYAL-Uniroyal-Elec-0805W8F220JT5E_C17561.pdf,https://www.lcsc.com/product-detail/chip-resistor-surface-mount_uni-royal-uniroyal-elec-0805w8f220jt5e_C17561.html,"Resistor 22Ω 1% 125mW 0805 Thick Film Chip Resistors, Uniroyal 0805W8F220JT5E (Pre-Flight, LCSC Basic)",resistor 22Ω 0805 uniroyal uniroyal thick film pre-flight general purpose,1892174,0.0049
R 27 0805 1% Uniroyal,27Ω,C17594,Preferred,0805W8F270JT5E,Uniroyal,Uniroyal Thick Film,0805,1%,125mW,150V,,,,,±100ppm/°C,E24,Pre-Flight,General Purpose,Device:R,Resistor_SMD:R_0805_2012Metric,https://www.lcsc.com/datasheet/lcsc_datasheet_2206010200_UNI-ROYAL-Uniroyal-Elec-0805W8F270JT5E_C17594.pdf,https://www.lcsc.com/product-detail/chip-resistor-surface-mount_uni-royal-uniroyal-elec-0805w8f270jt5e_C17594.html,"Resistor 27Ω 1% 125mW 0805 Thick Film Chip Resistors, Uniroyal 0805W8F270JT5E (Pre-Flight, LCSC Preferred)",resistor 27Ω 0805 uniroyal uniroyal thick film pre-flight general purpose,338743,0.0032
R 33 0805 1% Uniroyal,33Ω,C17634,Basic,0805W8F330JT5E,Uniroyal,Uniroyal Thick Film,0805,1%,125mW,150V,,,,,±200ppm/°C,E24,Pre-Flight,General Purpose,Device:R,Resistor_SMD:R_0805_2012Metric,https://www.lcsc.com/datasheet/lcsc_datasheet_2205311830_UNI-ROYAL-Uniroyal-Elec-0805W8F330JT5E_C17634.pdf,https://www.lcsc.com/product-detail/chip-resistor-surface-mount_uni-royal-uniroyal-elec-0805w8f330jt5e_C17634.html,"Resistor 33Ω 1% 125mW 0805 Thick Film Chip Resistors, Uniroyal 0805W8F330JT5E (Pre-Flight, LCSC Basic)",resistor 33Ω 0805 uniroyal uniroyal thick film pre-flight general purpose,1723039,0.0051
R 47 0805 1% Uniroyal,47Ω,C17714,Basic,0805W8F470JT5E,Uniroyal,Uniroyal Thick Film,0805,1%,125mW,150V,,,,,±100ppm/°C,E24,Pre-Flight,General Purpose,Device:R,Resistor_SMD:R_0805_2012Metric,https://www.lcsc.com/datasheet/lcsc_datasheet_2206010200_UNI-ROYAL-Uniroyal-Elec-0805W8F470JT5E_C17714.pdf,https://www.lcsc.com/product-detail/chip-resistor-surface-mount_uni-royal-uniroyal-elec-0805w8f470jt5e_C17714.html,"Resistor 47Ω 1% 125mW 0805 Thick Film Chip Resistors, Uniroyal 0805W8F470JT5E (Pre-Flight, LCSC Basic)",resistor 47Ω 0805 uniroyal uniroyal thick film pre-flight general purpose,538618,0.0049
R 49.9 0805 1% Uniroyal,49.9Ω,C17720,Basic,0805W8F499JT5E,Uniroyal,Uniroyal Thick Film,0805,1%,125mW,150V,,,,,±100ppm/°C,E96,Pre-Flight,General Purpose,Device:R,Resistor_SMD:R_0805_2012Metric,https://www.lcsc.com/datasheet/lcsc_datasheet_2206010200_UNI-ROYAL-Uniroyal-Elec-0805W8F499JT5E_C17720.pdf,https://www.lcsc.com/product-detail/chip-resistor-surface-mount_uni-royal-uniroyal-elec-0805w8f499jt5e_C17720.html,"Resistor 49.9Ω 1% 125mW 0805 Thick Film Chip Resistors, Uniroyal 0805W8F499JT5E (Pre-Flight, LCSC Basic)",resistor 49.9Ω 0805 uniroyal uniroyal thick film pre-flight general purpose,747138,0.0057
R 51 0805 1% Uniroyal,51Ω,C17738,Basic,0805W8F510JT5E,Uniroyal,Uniroyal Thick Film,0805,1%,125mW,150V,,,,,±100ppm/°C,E24,Pre-Flight,General Purpose,Device:R,Resistor_SMD:R_0805_2012Metric,https://www.lcsc.com/datasheet/lcsc_datasheet_2411221126_UNI-ROYAL-Uniroyal-Elec-0805W8F510JT5E_C17738.pdf,https://www.lcsc.com/product-detail/chip-resistor-surface-mount_uni-royal-uniroyal-elec-0805w8f510jt5e_C17738.html,"Resistor 51Ω 1% 125mW 0805 Thick Film Chip Resistors, Uniroyal 0805W8F510JT5E (Pre-Flight, LCSC Basic)",resistor 51Ω 0805 uniroyal uniroyal thick film pre-flight general purpose,975194,0.0034
R 56 0805 1% Uniroyal,56Ω,C17757,Preferred,0805W8F560JT5E,Uniroyal,Uniroyal Thick Film,0805,1%,125mW,150V,,,,,±100ppm/°C,E24,Pre-Flight,General Purpose,Device:R,Resistor_SMD:R_0805_2012Metric,https://www.lcsc.com/datasheet/lcsc_datasheet_2206010200_UNI-ROYAL-Uniroyal-Elec-0805W8F560JT5E_C17757.pdf,https://www.lcsc.com/product-detail/chip-resistor-surface-mount_uni-royal-uniroyal-elec-0805w8f560jt5e_C17757.html,"Resistor 56Ω 1% 125mW 0805 Thick Film Chip Resistors, Uniroyal 0805W8F560JT5E (Pre-Flight, LCSC Preferred)",resistor 56Ω 0805 uniroyal uniroyal thick film pre-flight general purpose,97125,0.0048
R 68 0805 1% Uniroyal,68Ω,C17802,Preferred,0805W8F680JT5E,Uniroyal,Uniroyal Thick Film,0805,1%,125mW,150V,,,,,±200ppm/°C,E24,Pre-Flight,General Purpose,Device:R,Resistor_SMD:R_0805_2012Metric,https://www.lcsc.com/datasheet/lcsc_datasheet_2205311830_UNI-ROYAL-Uniroyal-Elec-0805W8F680JT5E_C17802.pdf,https://www.lcsc.com/product-detail/chip-resistor-surface-mount_uni-royal-uniroyal-elec-0805w8f680jt5e_C17802.html,"Resistor 68Ω 1% 125mW 0805 Thick Film Chip Resistors, Uniroyal 0805W8F680JT5E (Pre-Flight, LCSC Preferred)",resistor 68Ω 0805 uniroyal uniroyal thick film pre-flight general purpose,224527,0.0035
R 100 0805 1% Uniroyal,100Ω,C17408,Basic,0805W8F1000T5E,Uniroyal,Uniroyal Thick Film,0805,1%,125mW,150V,,,,,±100ppm/°C,E24,Pre-Flight,General Purpose,Device:R,Resistor_SMD:R_0805_2012Metric,https://www.lcsc.com/datasheet/lcsc_datasheet_2411221126_UNI-ROYAL-Uniroyal-Elec-0805W8F1000T5E_C17408.pdf,https://www.lcsc.com/product-detail/chip-resistor-surface-mount_uni-royal-uniroyal-elec-0805w8f1000t5e_C17408.html,"Resistor 100Ω 1% 125mW 0805 Thick Film Chip Resistors, Uniroyal 0805W8F1000T5E (Pre-Flight, LCSC Basic)",resistor 100Ω 0805 uniroyal uniroyal thick film pre-flight general purpose,10012028,0.0045
R 120 0805 1% Uniroyal,120Ω,C17437,Basic,0805W8F1200T5E,Uniroyal,Uniroyal Thick Film,0805,1%,125mW,150V,,,,,±100ppm/°C,E24,Pre-Flight,General Purpose,Device:R,Resistor_SMD:R_0805_2012Metric,https://www.lcsc.com/datasheet/lcsc_datasheet_2206010216_UNI-ROYAL-Uniroyal-Elec-0805W8F1200T5E_C17437.pdf,https://www.lcsc.com/product-detail/chip-resistor-surface-mount_uni-royal-uniroyal-elec-0805w8f1200t5e_C17437.html,"Resistor 120Ω 1% 125mW 0805 Thick Film Chip Resistors, Uniroyal 0805W8F1200T5E (Pre-Flight, LCSC Basic)",resistor 120Ω 0805 uniroyal uniroyal thick film pre-flight general purpose,1862126,0.0071
R 150 0805 1% Uniroyal,150Ω,C17471,Basic,0805W8F1500T5E,Uniroyal,Uniroyal Thick Film,0805,1%,125mW,150V,,,,,±100ppm/°C,E24,Pre-Flight,General Purpose,Device:R,Resistor_SMD:R_0805_2012Metric,https://www.lcsc.com/datasheet/lcsc_datasheet_2206010216_UNI-ROYAL-Uniroyal-Elec-0805W8F1500T5E_C17471.pdf,https://www.lcsc.com/product-detail/chip-resistor-surface-mount_uni-royal-uniroyal-elec-0805w8f1500t5e_C17471.html,"Resistor 150Ω 1% 125mW 0805 Thick Film Chip Resistors, Uniroyal 0805W8F1500T5E (Pre-Flight, LCSC Basic)",resistor 150Ω 0805 uniroyal uniroyal thick film pre-flight general purpose,573836,0.0085
R 180 0805 1% Uniroyal,180Ω,C25270,Preferred,0805W8F1800T5E,Uniroyal,Uniroyal Thick Film,0805,1%,125mW,150V,,,,,±100ppm/°C,E24,Pre-Flight,General Purpose,Device:R,Resistor_SMD:R_0805_2012Metric,https://www.lcsc.com/datasheet/lcsc_datasheet_2205311845_UNI-ROYAL-Uniroyal-Elec-0805W8F1800T5E_C25270.pdf,https://www.lcsc.com/product-detail/chip-resistor-surface-mount_uni-royal-uniroyal-elec-0805w8f1800t5e_C25270.html,"Resistor 180Ω 1% 125mW 0805 Thick Film Chip Resistors, Uniroyal 0805W8F1800T5E (Pre-Flight, LCSC Preferred)",resistor 180Ω 0805 uniroyal uniroyal thick film pre-flight general purpose,132738,0.0048
R 200 0805 1% Uniroyal,200Ω,C17540,Basic,0805W8F2000T5E,Uniroyal,Uniroyal Thick Film,0805,1%,125mW,150V,,,,,±100ppm/°C,E24,Pre-Flight,General Purpose,Device:R,Resistor_SMD:R_0805_2012Metric,https://www.lcsc.com/datasheet/lcsc_datasheet_2206010200_UNI-ROYAL-Uniroyal-Elec-0805W8F2000T5E_C17540.pdf,https://www.lcsc.com/product-detail/chip-resistor-surface-mount_uni-royal-uniroyal-elec-0805w8f2000t5e_C17540.html,"Resistor 200Ω 1% 125mW 0805 Thick Film Chip Resistors, Uniroyal 0805W8F2000T5E (Pre-Flight, LCSC Basic)",resistor 200Ω 0805 uniroyal uniroyal thick film pre-flight general purpose,1466138,0.0073
R 220 0805 1% Uniroyal,220Ω,C17557,Basic,0805W8F2200T5E,Uniroyal,Uniroyal Thick Film,0805,1%,125mW,150V,,,,,±100ppm/°C,E24,Pre-Flight,General Purpose,Device:R,Resistor_SMD:R_0805_2012Metric,https://www.lcsc.com/datasheet/lcsc_datasheet_2206010200_UNI-ROYAL-Uniroyal-Elec-0805W8F2200T5E_C17557.pdf,https://www.lcsc.com/product-detail/chip-resistor-surface-mount_uni-royal-uniroyal-elec-0805w8f2200t5e_C17557.html,"Resistor 220Ω 1% 125mW 0805 Thick Film Chip Resistors, Uniroyal 0805W8F2200T5E (Pre-Flight, LCSC Basic)",resistor 220Ω 0805 uniroyal uniroyal thick film pre-flight general purpose,1110139,0.0055
R 240 0805 1% Uniroyal,240Ω,C17572,Preferred,0805W8F2400T5E,Uniroyal,Uniroyal Thick Film,0805,1%,125mW,150V,,,,,±100ppm/°C,E24,Pre-Flight,General Purpose,Device:R,Resistor_SMD:R_0805_2012Metric,https://www.lcsc.com/datasheet/lcsc_datasheet_2206010200_UNI-ROYAL-Uniroyal-Elec-0805W8F2400T5E_C17572.pdf,https://www.lcsc.com/product-detail/chip-resistor-surface-mount_uni-royal-uniroyal-elec-0805w8f2400t5e_C17572.html,"Resistor 240Ω 1% 125mW 0805 Thick Film Chip Resistors, Uniroyal 0805W8F2400T5E (Pre-Flight, LCSC Preferred)",resistor 240Ω 0805 uniroyal uniroyal thick film pre-flight general purpose,216972,0.0089
R 270 0805 1% Uniroyal,270Ω,C17590,Preferred,0805W8F2700T5E,Uniroyal,Uniroyal Thick Film,0805,1%,125mW,150V,,,,,±100ppm/°C,E24,Pre-Flight,General Purpose,Device:R,Resistor_SMD:R_0805_2012Metric,https://www.lcsc.com/datasheet/lcsc_datasheet_2206010200_UNI-ROYAL-Uniroyal-Elec-0805W8F2700T5E_C17590.pdf,https://www.lcsc.com/product-detail/chip-resistor-surface-mount_uni-royal-uniroyal-elec-0805w8f2700t5e_C17590.html,"Resistor 270Ω 1% 125mW 0805 Thick Film Chip Resistors, Uniroyal 0805W8F2700T5E (Pre-Flight, LCSC Preferred)",resistor 270Ω 0805 uniroyal uniroyal thick film pre-flight general purpose,446501,0.0072
R 300 0805 1% Uniroyal,300Ω,C17617,Basic,0805W8F3000T5E,Uniroyal,Uniroyal Thick Film,0805,1%,125mW,150V,,,,,±100ppm/°C,E24,Pre-Flight,General Purpose,Device:R,Resistor_SMD:R_0805_2012Metric,https://www.lcsc.com/datasheet/lcsc_datasheet_2206010200_UNI-ROYAL-Uniroyal-Elec-0805W8F3000T5E_C17617.pdf,https://www.lcsc.com/product-detail/chip-resistor-surface-mount_uni-royal-uniroyal-elec-0805w8f3000t5e_C17617.html,"Resistor 300Ω 1% 125mW 0805 Thick Film Chip Resistors, Uniroyal 0805W8F3000T5E (Pre-Flight, LCSC Basic)",resistor 300Ω 0805 uniroyal uniroyal thick film pre-flight general purpose,787181,0.0052
R 330 0805 1% Uniroyal,330Ω,C17630,Basic,0805W8F3300T5E,Uniroyal,Uniroyal Thick Film,0805,1%,125mW,150V,,,,,±100ppm/°C,E24,Pre-Flight,General Purpose,Device:R,Resistor_SMD:R_0805_2012Metric,https://www.lcsc.com/datasheet/lcsc_datasheet_2205311830_UNI-ROYAL-Uniroyal-Elec-0805W8F3300T5E_C17630.pdf,https://www.lcsc.com/product-detail/chip-resistor-surface-mount_uni-royal-uniroyal-elec-0805w8f3300t5e_C17630.html,"Resistor 330Ω 1% 125mW 0805 Thick Film Chip Resistors, Uniroyal 0805W8F3300T5E (Pre-Flight, LCSC Basic)",resistor 330Ω 0805 uniroyal uniroyal thick film pre-flight general purpose,2375978,0.0054
R 390 0805 1% Uniroyal,390Ω,C17655,Basic,0805W8F3900T5E,Uniroyal,Uniroyal Thick Film,0805,1%,125mW,150V,,,,,±100ppm/°C,E24,Pre-Flight,General Purpose,Device:R,Resistor_SMD:R_0805_2012Metric,https://www.lcsc.com/datasheet/lcsc_datasheet_2206010200_UNI-ROYAL-Uniroyal-Elec-0805W8F3900T5E_C17655.pdf,https://www.lcsc.com/product-detail/chip-resistor-surface-mount_uni-royal-uniroyal-elec-0805w8f3900t5e_C17655.html,"Resistor 390Ω 1% 125mW 0805 Thick Film Chip Resistors, Uniroyal 0805W8F3900T5E (Pre-Flight, LCSC Basic)",resistor 390Ω 0805 uniroyal uniroyal thick film pre-flight general purpose,1583863,0.0032
R 470 0805 1% Uniroyal,470Ω,C17710,Basic,0805W8F4700T5E,Uniroyal,Uniroyal Thick Film,0805,1%,125mW,150V,,,,,±100ppm/°C,E24,Pre-Flight,General Purpose,Device:R,Resistor_SMD:R_0805_2012Metric,https://www.lcsc.com/datasheet/lcsc_datasheet_2206010200_UNI-ROYAL-Uniroyal-Elec-0805W8F4700T5E_C17710.pdf,https://www.lcsc.com/product-detail/chip-resistor-surface-mount_uni-royal-uniroyal-elec-0805w8f4700t5e_C17710.html,"Resistor 470Ω 1% 125mW 0805 Thick Film Chip Resistors, Uniroyal 0805W8F4700T5E (Pre-Flight, LCSC Basic)",resistor 470Ω 0805 uniroyal uniroyal thick film pre-flight general purpose,3126328,0.0049
R 510 0805 1% Uniroyal,510Ω,C17734,Basic,0805W8F5100T5E,Uniroyal,Uniroyal Thick Film,0805,1%,125mW,150V,,,,,±100ppm/°C,E24,Pre-Flight,General Purpose,Device:R,Resistor_SMD:R_0805_2012Metric,https://www.lcsc.com/datasheet/lcsc_datasheet_2206010200_UNI-ROYAL-Uniroyal-Elec-0805W8F5100T5E_C17734.pdf,https://www.lcsc.com/product-detail/chip-resistor-surface-mount_uni-royal-uniroyal-elec-0805w8f5100t5e_C17734.html,"Resistor 510Ω 1% 125mW 0805 Thick Film Chip Resistors, Uniroyal 0805W8F5100T5E (Pre-Flight, LCSC Basic)",resistor 510Ω 0805 uniroyal uniroyal thick film pre-flight general purpose,3077025,0.0046
R 560 0805 1% Uniroyal,560Ω,C28636,Basic,0805W8F5600T5E,Uniroyal,Uniroyal Thick Film,0805,1%,125mW,150V,,,,,±100ppm/°C,E24,Pre-Flight,General Purpose,Device:R,Resistor_SMD:R_0805_2012Metric,https://www.lcsc.com/datasheet/lcsc_datasheet_2206010030_UNI-ROYAL-Uniroyal-Elec-0805W8F5600T5E_C28636.pdf,https://www.lcsc.com/product-detail/chip-resistor-surface-mount_uni-royal-uniroyal-elec-0805w8f5600t5e_C28636.html,"Resistor 560Ω 1% 125mW 0805 Thick Film Chip Resistors, Uniroyal 0805W8F5600T5E (Pre-Flight, LCSC Basic)",resistor 560Ω 0805 uniroyal uniroyal thick film pre-flight general purpose,219861,0.0047
R 680 0805 1% Uniroyal,680Ω,C17798,Basic,0805W8F6800T5E,Uniroyal,Uniroyal Thick Film,0805,1%,125mW,150V,,,,,±100ppm/°C,E24,Pre-Flight,General Purpose,Device:R,Resistor_SMD:R_0805_2012Metric,https://www.lcsc.com/datasheet/lcsc_datasheet_2205311830_UNI-ROYAL-Uniroyal-Elec-0805W8F6800T5E_C17798.pdf,https://www.lcsc.com/product-detail/chip-resistor-surface-mount_uni-royal-uniroyal-elec-0805w8f6800t5e_C17798.html,"Resistor 680Ω 1% 125mW 0805 Thick Film Chip Resistors, Uniroyal 0805W8F6800T5E (Pre-Flight, LCSC Basic)",resistor 680Ω 0805 uniroyal uniroyal thick film pre-flight general purpose,1448692,0.006
R 750 0805 1% Uniroyal,750Ω,C17818,Preferred,0805W8F7500T5E,Uniroyal,Uniroyal Thick Film,0805,1%,125mW,150V,,,,,±100ppm/°C,E24,Pre-Flight,General Purpose,Device:R,Resistor_SMD:R_0805_2012Metric,https://www.lcsc.com/datasheet/lcsc_datasheet_2205311830_UNI-ROYAL-Uniroyal-Elec-0805W8F7500T5E_C17818.pdf,https://www.lcsc.com/product-detail/chip-resistor-surface-mount_uni-royal-uniroyal-elec-0805w8f7500t5e_C17818.html,"Resistor 750Ω 1% 125mW 0805 Thick Film Chip Resistors, Uniroyal 0805W8F7500T5E (Pre-Flight, LCSC Preferred)",resistor 750Ω 0805 uniroyal uniroyal thick film pre-flight general purpose,289228,0.0036
R 820 0805 1% Uniroyal,820Ω,C17837,Preferred,0805W8F8200T5E,Uniroyal,Uniroyal Thick Film,0805,1%,125mW,150V,,,,,±100ppm/°C,E24,Pre-Flight,General Purpose,Device:R,Resistor_SMD:R_0805_2012Metric,https://www.lcsc.com/datasheet/lcsc_datasheet_2205311830_UNI-ROYAL-Uniroyal-Elec-0805W8F8200T5E_C17837.pdf,https://www.lcsc.com/product-detail/chip-resistor-surface-mount_uni-royal-uniroyal-elec-0805w8f8200t5e_C17837.html,"Resistor 820Ω 1% 125mW 0805 Thick Film Chip Resistors, Uniroyal 0805W8F8200T5E (Pre-Flight, LCSC Preferred)",resistor 820Ω 0805 uniroyal uniroyal thick film pre-flight general purpose,130299,0.0089
R 1k 0805 1% Uniroyal,1kΩ,C17513,Basic,0805W8F1001T5E,Uniroyal,Uniroyal Thick Film,0805,1%,125mW,150V,,,,,±100ppm/°C,E24,Pre-Flight,General Purpose,Device:R,Resistor_SMD:R_0805_2012Metric,https://www.lcsc.com/datasheet/lcsc_datasheet_2205311800_UNI-ROYAL-Uniroyal-Elec-0805W8F1001T5E_C17513.pdf,https://www.lcsc.com/product-detail/chip-resistor-surface-mount_uni-royal-uniroyal-elec-0805w8f1001t5e_C17513.html,"Resistor 1kΩ 1% 125mW 0805 Thick Film Chip Resistors, Uniroyal 0805W8F1001T5E (Pre-Flight, LCSC Basic)",resistor 1kΩ 0805 uniroyal uniroyal thick film pre-flight general purpose,30122544,0.0042
R 1.2k 0805 1% Uniroyal,1.2kΩ,C17379,Basic,0805W8F1201T5E,Uniroyal,Uniroyal Thick Film,0805,1%,125mW,150V,,,,,±100ppm/°C,E24,Pre-Flight,General Purpose,Device:R,Resistor_SMD:R_0805_2012Metric,https://www.lcsc.com/datasheet/lcsc_datasheet_2206010216_UNI-ROYAL-Uniroyal-Elec-0805W8F1201T5E_C17379.pdf,https://www.lcsc.com/product-detail/chip-resistor-surface-mount_uni-royal-uniroyal-elec-0805w8f1201t5e_C17379.html,"Resistor 1.2kΩ 1% 125mW 0805 Thick Film Chip Resistors, Uniroyal 0805W8F1201T5E (Pre-Flight, LCSC Basic)",resistor 1.2kΩ 0805 uniroyal uniroyal thick film pre-flight general purpose,1803046,0.005
R 1.5k 0805 1% Uniroyal,1.5kΩ,C4310,Basic,0805W8F1501T5E,Uniroyal,Uniroyal Thick Film,0805,1%,125mW,150V,,,,,±100ppm/°C,E24,Pre-Flight,General Purpose,Device:R,Resistor_SMD:R_0805_2012Metric,https://www.lcsc.com/datasheet/lcsc_datasheet_2206010216_UNI-ROYAL-Uniroyal-Elec-0805W8F1501T5E_C4310.pdf,https://www.lcsc.com/product-detail/chip-resistor-surface-mount_uni-royal-uniroyal-elec-0805w8f1501t5e_C4310.html,"Resistor 1.5kΩ 1% 125mW 0805 Thick Film Chip Resistors, Uniroyal 0805W8F1501T5E (Pre-Flight, LCSC Basic)",resistor 1.5kΩ 0805 uniroyal uniroyal thick film pre-flight general purpose,560602,0.0027
R 1.8k 0805 1% Uniroyal,1.8kΩ,C17398,Preferred,0805W8F1801T5E,Uniroyal,Uniroyal Thick Film,0805,1%,125mW,150V,,,,,±100ppm/°C,E24,Pre-Flight,General Purpose,Device:R,Resistor_SMD:R_0805_2012Metric,https://www.lcsc.com/datasheet/lcsc_datasheet_2206010216_UNI-ROYAL-Uniroyal-Elec-0805W8F1801T5E_C17398.pdf,https://www.lcsc.com/product-detail/chip-resistor-surface-mount_uni-royal-uniroyal-elec-0805w8f1801t5e_C17398.html,"Resistor 1.8kΩ 1% 125mW 0805 Thick Film Chip Resistors, Uniroyal 0805W8F1801T5E (Pre-Flight, LCSC Preferred)",resistor 1.8kΩ 0805 uniroyal uniroyal thick film pre-flight general purpose,137684,0.0079
R 2k 0805 1% Uniroyal,2kΩ,C17604,Basic,0805W8F2001T5E,Uniroyal,Uniroyal Thick Film,0805,1%,125mW,150V,,,,,±100ppm/°C,E24,Pre-Flight,General Purpose,Device:R,Resistor_SMD:R_0805_2012Metric,https://www.lcsc.com/datasheet/lcsc_datasheet_2206010200_UNI-ROYAL-Uniroyal-Elec-0805W8F2001T5E_C17604.pdf,https://www.lcsc.com/product-detail/chip-resistor-surface-mount_uni-royal-uniroyal-elec-0805w8f2001t5e_C17604.html,"Resistor 2kΩ 1% 125mW 0805 Thick Film Chip Resistors, Uniroyal 0805W8F2001T5E (Pre-Flight, LCSC Basic)",resistor 2kΩ 0805 uniroyal uniroyal thick film pre-flight general purpose,6003613,0.0039
R 2.2k 0805 1% Uniroyal,2.2kΩ,C17520,Basic,0805W8F2201T5E,Uniroyal,Uniroyal Thick Film,0805,1%,125mW,150V,,,,,±100ppm/°C,E24,Pre-Flight,General Purpose,Device:R,Resistor_SMD:R_0805_2012Metric,https://www.lcsc.com/datasheet/lcsc_datasheet_2206010200_UNI-ROYAL-Uniroyal-Elec-0805W8F2201T5E_C17520.pdf,https://www.lcsc.com/product-detail/chip-resistor-surface-mount_uni-royal-uniroyal-elec-0805w8f2201t5e_C17520.html,"Resistor 2.2kΩ 1% 125mW 0805 Thick Film Chip Resistors, Uniroyal 0805W8F2201T5E (Pre-Flight, LCSC Basic)",resistor 2.2kΩ 0805 uniroyal uniroyal thick film pre-flight general purpose,3709454,0.0051
R 2.4k 0805 1% Uniroyal,2.4kΩ,C17526,Basic,0805W8F2401T5E,Uniroyal,Uniroyal Thick Film,0805,1%,125mW,150V,,,,,±100ppm/°C,E24,Pre-Flight,General Purpose,Device:R,Resistor_SMD:R_0805_2012Metric,https://www.lcsc.com/datasheet/lcsc_datasheet_2206010200_UNI-ROYAL-Uniroyal-Elec-0805W8F2401T5E_C17526.pdf,https://www.lcsc.com/product-detail/chip-resistor-surface-mount_uni-royal-uniroyal-elec-0805w8f2401t5e_C17526.html,"Resistor 2.4kΩ 1% 125mW 0805 Thick Film Chip Resistors, Uniroyal 0805W8F2401T5E (Pre-Flight, LCSC Basic)",resistor 2.4kΩ 0805 uniroyal uniroyal thick film pre-flight general purpose,352926,0.0038
R 2.7k 0805 1% Uniroyal,2.7kΩ,C17530,Basic,0805W8F2701T5E,Uniroyal,Uniroyal Thick Film,0805,1%,125mW,150V,,,,,±100ppm/°C,E24,Pre-Flight,General Purpose,Device:R,Resistor_SMD:R_0805_2012Metric,https://www.lcsc.com/datasheet/lcsc_datasheet_2206010200_UNI-ROYAL-Uniroyal-Elec-0805W8F2701T5E_C17530.pdf,https://www.lcsc.com/product-detail/chip-resistor-surface-mount_uni-royal-uniroyal-elec-0805w8f2701t5e_C17530.html,"Resistor 2.7kΩ 1% 125mW 0805 Thick Film Chip Resistors, Uniroyal 0805W8F2701T5E (Pre-Flight, LCSC Basic)",resistor 2.7kΩ 0805 uniroyal uniroyal thick film pre-flight general purpose,1904503,0.006
R 3k 0805 1% Uniroyal,3kΩ,C17661,Basic,0805W8F3001T5E,Uniroyal,Uniroyal Thick Film,0805,1%,125mW,150V,,,,,±100ppm/°C,E24,Pre-Flight,General Purpose,Device:R,Resistor_SMD:R_0805_2012Metric,https://www.lcsc.com/datasheet/lcsc_datasheet_2206010200_UNI-ROYAL-Uniroyal-Elec-0805W8F3001T5E_C17661.pdf,https://www.lcsc.com/product-detail/chip-resistor-surface-mount_uni-royal-uniroyal-elec-0805w8f3001t5e_C17661.html,"Resistor 3kΩ 1% 125mW 0805 Thick Film Chip Resistors, Uniroyal 0805W8F3001T5E (Pre-Flight, LCSC Basic)",resistor 3kΩ 0805 uniroyal uniroyal thick film pre-flight general purpose,1904852,0.0052
R 3.3k 0805 1% Uniroyal,3.3kΩ,C26010,Basic,0805W8F3301T5E,Uniroyal,Uniroyal Thick Film,0805,1%,125mW,150V,,,,,±100ppm/°C,E24,Pre-Flight,General Purpose,Device:R,Resistor_SMD:R_0805_2012Metric,https://www.lcsc.com/datasheet/lcsc_datasheet_2206010045_UNI-ROYAL-Uniroyal-Elec-0805W8F3301T5E_C26010.pdf,https://www.lcsc.com/product-detail/chip-resistor-surface-mount_uni-royal-uniroyal-elec-0805w8f3301t5e_C26010.html,"Resistor 3.3kΩ 1% 125mW 0805 Thick Film Chip Resistors, Uniroyal 0805W8F3301T5E (Pre-Flight, LCSC Basic)",resistor 3.3kΩ 0805 uniroyal uniroyal thick film pre-flight general purpose,2376009,0.0043
R 3.6k 0805 1% Uniroyal,3.6kΩ,C18359,Preferred,0805W8F3601T5E,Uniroyal,Uniroyal Thick Film,0805,1%,125mW,150V,,,,,±100ppm/°C,E24,Pre-Flight,General Purpose,Device:R,Resistor_SMD:R_0805_2012Metric,https://www.lcsc.com/datasheet/lcsc_datasheet_2206010145_UNI-ROYAL-Uniroyal-Elec-0805W8F3601T5E_C18359.pdf,https://www.lcsc.com/product-detail/chip-resistor-surface-mount_uni-royal-uniroyal-elec-0805w8f3601t5e_C18359.html,"Resistor 3.6kΩ 1% 125mW 0805 Thick Film Chip Resistors, Uniroyal 0805W8F3601T5E (Pre-Flight, LCSC Preferred)",resistor 3.6kΩ 0805 uniroyal uniroyal thick film pre-flight general purpose,416247,0.0071
R 3.9k 0805 1% Uniroyal,3.9kΩ,C17614,Basic,0805W8F3901T5E,Uniroyal,Uniroyal Thick Film,0805,1%,125mW,150V,,,,,±100ppm/°C,E24,Pre-Flight,General Purpose,Device:R,Resistor_SMD:R_0805_2012Metric,https://www.lcsc.com/datasheet/lcsc_datasheet_2206010200_UNI-ROYAL-Uniroyal-Elec-0805W8F3901T5E_C17614.pdf,https://www.lcsc.com/product-detail/chip-resistor-surface-mount_uni-royal-uniroyal-elec-0805w8f3901t5e_C17614.html,"Resistor 3.9kΩ 1% 125mW 0805 Thick Film Chip Resistors, Uniroyal 0805W8F3901T5E (Pre-Flight, LCSC Basic)",resistor 3.9kΩ 0805 uniroyal uniroyal thick film pre-flight general purpose,286060,0.0027
R 4.3k 0805 1% Uniroyal,4.3kΩ,C17667,Preferred,0805W8F4301T5E,Uniroyal,Uniroyal Thick Film,0805,1%,125mW,150V,,,,,±100ppm/°C,E24,Pre-Flight,General Purpose,Device:R,Resistor_SMD:R_0805_2012Metric,https://www.lcsc.com/datasheet/lcsc_datasheet_2206010200_UNI-ROYAL-Uniroyal-Elec-0805W8F4301T5E_C17667.pdf,https://www.lcsc.com/product-detail/chip-resistor-surface-mount_uni-royal-uniroyal-elec-0805w8f4301t5e_C17667.html,"Resistor 4.3kΩ 1% 125mW 0805 Thick Film Chip Resistors, Uniroyal 0805W8F4301T5E (Pre-Flight, LCSC Preferred)",resistor 4.3kΩ 0805 uniroyal uniroyal thick film pre-flight general purpose,198521,0.0087
R 4.7k 0805 1% Uniroyal,4.7kΩ,C17673,Basic,0805W8F4701T5E,Uniroyal,Uniroyal Thick Film,0805,1%,125mW,150V,,,,,±100ppm/°C,E24,Pre-Flight,General Purpose,Device:R,Resistor_SMD:R_0805_2012Metric,https://www.lcsc.com/datasheet/lcsc_datasheet_2206010200_UNI-ROYAL-Uniroyal-Elec-0805W8F4701T5E_C17673.pdf,https://www.lcsc.com/product-detail/chip-resistor-surface-mount_uni-royal-uniroyal-elec-0805w8f4701t5e_C17673.html,"Resistor 4.7kΩ 1% 125mW 0805 Thick Film Chip Resistors, Uniroyal 0805W8F4701T5E (Pre-Flight, LCSC Basic)",resistor 4.7kΩ 0805 uniroyal uniroyal thick film pre-flight general purpose,5904377,0.005
R 4.99k 0805 1% Uniroyal,4.99kΩ,C17677,Preferred,0805W8F4991T5E,Uniroyal,Uniroyal Thick Film,0805,1%,125mW,150V,,,,,±100ppm/°C,E96,Pre-Flight,General Purpose,Device:R,Resistor_SMD:R_0805_2012Metric,https://www.lcsc.com/datasheet/lcsc_datasheet_2206010200_UNI-ROYAL-Uniroyal-Elec-0805W8F4991T5E_C17677.pdf,https://www.lcsc.com/product-detail/chip-resistor-surface-mount_uni-royal-uniroyal-elec-0805w8f4991t5e_C17677.html,"Resistor 4.99kΩ 1% 125mW 0805 Thick Film Chip Resistors, Uniroyal 0805W8F4991T5E (Pre-Flight, LCSC Preferred)",resistor 4.99kΩ 0805 uniroyal uniroyal thick film pre-flight general purpose,165075,0.0053
R 5.1k 0805 1% Uniroyal,5.1kΩ,C27834,Basic,0805W8F5101T5E,Uniroyal,Uniroyal Thick Film,0805,1%,125mW,150V,,,,,±100ppm/°C,E24,Pre-Flight,General Purpose,Device:R,Resistor_SMD:R_0805_2012Metric,https://www.lcsc.com/datasheet/lcsc_datasheet_2206010030_UNI-ROYAL-Uniroyal-Elec-0805W8F5101T5E_C27834.pdf,https://www.lcsc.com/product-detail/chip-resistor-surface-mount_uni-royal-uniroyal-elec-0805w8f5101t5e_C27834.html,"Resistor 5.1kΩ 1% 125mW 0805 Thick Film Chip Resistors, Uniroyal 0805W8F5101T5E (Pre-Flight, LCSC Basic)",resistor 5.1kΩ 0805 uniroyal uniroyal thick film pre-flight general purpose,3858522,0.0061
R 5.6k 0805 1% Uniroyal,5.6kΩ,C4382,Basic,0805W8F5601T5E,Uniroyal,Uniroyal Thick Film,0805,1%,125mW,150V,,,,,±100ppm/°C,E24,Pre-Flight,General Purpose,Device:R,Resistor_SMD:R_0805_2012Metric,https://www.lcsc.com/datasheet/lcsc_datasheet_2206010216_UNI-ROYAL-Uniroyal-Elec-0805W8F5601T5E_C4382.pdf,https://www.lcsc.com/product-detail/chip-resistor-surface-mount_uni-royal-uniroyal-elec-0805w8f5601t5e_C4382.html,"Resistor 5.6kΩ 1% 125mW 0805 Thick Film Chip Resistors, Uniroyal 0805W8F5601T5E (Pre-Flight, LCSC Basic)",resistor 5.6kΩ 0805 uniroyal uniroyal thick film pre-flight general purpose,664904,0.0067
R 6.2k 0805 1% Uniroyal,6.2kΩ,C17767,Preferred,0805W8F6201T5E,Uniroyal,Uniroyal Thick Film,0805,1%,125mW,150V,,,,,±100ppm/°C,E24,Pre-Flight,General Purpose,Device:R,Resistor_SMD:R_0805_2012Metric,https://www.lcsc.com/datasheet/lcsc_datasheet_2205311830_UNI-ROYAL-Uniroyal-Elec-0805W8F6201T5E_C17767.pdf,https://www.lcsc.com/product-detail/chip-resistor-surface-mount_uni-royal-uniroyal-elec-0805w8f6201t5e_C17767.html,"Resistor 6.2kΩ 1% 125mW 0805 Thick Film Chip Resistors, Uniroyal 0805W8F6201T5E (Pre-Flight, LCSC Preferred)",resistor 6.2kΩ 0805 uniroyal uniroyal thick film pre-flight general purpose,129064,0.0034
R 6.8k 0805 1% Uniroyal,6.8kΩ,C17772,Basic,0805W8F6801T5E,Uniroyal,Uniroyal Thick Film,0805,1%,125mW,150V,,,,,±100ppm/°C,E24,Pre-Flight,General Purpose,Device:R,Resistor_SMD:R_0805_2012Metric,https://www.lcsc.com/datasheet/lcsc_datasheet_2205311830_UNI-ROYAL-Uniroyal-Elec-0805W8F6801T5E_C17772.pdf,https://www.lcsc.com/product-detail/chip-resistor-surface-mount_uni-royal-uniroyal-elec-0805w8f6801t5e_C17772.html,"Resistor 6.8kΩ 1% 125mW 0805 Thick Film Chip Resistors, Uniroyal 0805W8F6801T5E (Pre-Flight, LCSC Basic)",resistor 6.8kΩ 0805 uniroyal uniroyal thick film pre-flight general purpose,377886,0.0072
R 7.5k 0805 1% Uniroyal,7.5kΩ,C17807,Preferred,0805W8F7501T5E,Uniroyal,Uniroyal Thick Film,0805,1%,125mW,150V,,,,,±100ppm/°C,E24,Pre-Flight,General Purpose,Device:R,Resistor_SMD:R_0805_2012Metric,https://www.lcsc.com/datasheet/lcsc_datasheet_2205311830_UNI-ROYAL-Uniroyal-Elec-0805W8F7501T5E_C17807.pdf,https://www.lcsc.com/product-detail/chip-resistor-surface-mount_uni-royal-uniroyal-elec-0805w8f7501t5e_C17807.html,"Resistor 7.5kΩ 1% 125mW 0805 Thick Film Chip Resistors, Uniroyal 0805W8F7501T5E (Pre-Flight, LCSC Preferred)",resistor 7.5kΩ 0805 uniroyal uniroyal thick film pre-flight general purpose,396827,0.0029
R 8.2k 0805 1% Uniroyal,8.2kΩ,C17828,Basic,0805W8F8201T5E,Uniroyal,Uniroyal Thick Film,0805,1%,125mW,150V,,,,,±100ppm/°C,E24,Pre-Flight,General Purpose,Device:R,Resistor_SMD:R_0805_2012Metric,https://www.lcsc.com/datasheet/lcsc_datasheet_2205311830_UNI-ROYAL-Uniroyal-Elec-0805W8F8201T5E_C17828.pdf,https://www.lcsc.com/product-detail/chip-resistor-surface-mount_uni-royal-uniroyal-elec-0805w8f8201t5e_C17828.html,"Resistor 8.2kΩ 1% 125mW 0805 Thick Film Chip Resistors, Uniroyal 0805W8F8201T5E (Pre-Flight, LCSC Basic)",resistor 8.2kΩ 0805 uniroyal uniroyal thick film pre-flight general purpose,284052,0.0031
R 9.1k 0805 1% Uniroyal,9.1kΩ,C17855,Preferred,0805W8F9101T5E,Uniroyal,Uniroyal Thick Film,0805,1%,125mW,150V,,,,,±100ppm/°C,E24,Pre-Flight,General Purpose,Device:R,Resistor_SMD:R_0805_2012Metric,https://www.lcsc.com/datasheet/lcsc_datasheet_2206010200_UNI-ROYAL-Uniroyal-Elec-0805W8F9101T5E_C17855.pdf,https://www.lcsc.com/product-detail/chip-resistor-surface-mount_uni-royal-uniroyal-elec-0805w8f9101t5e_C17855.html,"Resistor 9.1kΩ 1% 125mW 0805 Thick Film Chip Resistors, Uniroyal 0805W8F9101T5E (Pre-Flight, LCSC Preferred)",resistor 9.1kΩ 0805 uniroyal uniroyal thick film pre-flight general purpose,121975,0.0035
R 10k 0805 1% Uniroyal,10kΩ,C17414,Basic,0805W8F1002T5E,Uniroyal,Uniroyal Thick Film,0805,1%,125mW,150V,,,,,±100ppm/°C,E24,Pre-Flight,General Purpose,Device:R,Resistor_SMD:R_0805_2012Metric,https://www.lcsc.com/datasheet/lcsc_datasheet_2411221126_UNI-ROYAL-Uniroyal-Elec-0805W8F1002T5E_C17414.pdf,https://www.lcsc.com/product-detail/chip-resistor-surface-mount_uni-royal-uniroyal-elec-0805w8f1002t5e_C17414.html,"Resistor 10kΩ 1% 125mW 0805 Thick Film Chip Resistors, Uniroyal 0805W8F1002T5E (Pre-Flight, LCSC Basic)",resistor 10kΩ 0805 uniroyal uniroyal thick film pre-flight general purpose,53667045,0.0039
R 11k 0805 1% Uniroyal,11kΩ,C17429,Preferred,0805W8F1102T5E,Uniroyal,Uniroyal Thick Film,0805,1%,125mW,150V,,,,,±100ppm/°C,E24,Pre-Flight,General Purpose,Device:R,Resistor_SMD:R_0805_2012Metric,https://www.lcsc.com/datasheet/lcsc_datasheet_2206010216_UNI-ROYAL-Uniroyal-Elec-0805W8F1102T5E_C17429.pdf,https://www.lcsc.com/product-detail/chip-resistor-surface-mount_uni-royal-uniroyal-elec-0805w8f1102t5e_C17429.html,"Resistor 11kΩ 1% 125mW 0805 Thick Film Chip Resistors, Uniroyal 0805W8F1102T5E (Pre-Flight, LCSC Preferred)",resistor 11kΩ 0805 uniroyal uniroyal thick film pre-flight general purpose,129783,0.0041
R 12k 0805 1% Uniroyal,12kΩ,C17444,Basic,0805W8F1202T5E,Uniroyal,Uniroyal Thick Film,0805,1%,125mW,150V,,,,,±100ppm/°C,E24,Pre-Flight,General Purpose,Device:R,Resistor_SMD:R_0805_2012Metric,https://www.lcsc.com/datasheet/lcsc_datasheet_2206010216_UNI-ROYAL-Uniroyal-Elec-0805W8F1202T5E_C17444.pdf,https://www.lcsc.com/product-detail/chip-resistor-surface-mount_uni-royal-uniroyal-elec-0805w8f1202t5e_C17444.html,"Resistor 12kΩ 1% 125mW 0805 Thick Film Chip Resistors, Uniroyal 0805W8F1202T5E (Pre-Flight, LCSC Basic)",resistor 12kΩ 0805 uniroyal uniroyal thick film pre-flight general purpose,453349,0.0033
R 13k 0805 1% Uniroyal,13kΩ,C17455,Preferred,0805W8F1302T5E,Uniroyal,Uniroyal Thick Film,0805,1%,125mW,150V,,,,,±100ppm/°C,E24,Pre-Flight,General Purpose,Device:R,Resistor_SMD:R_0805_2012Metric,https://www.lcsc.com/datasheet/lcsc_datasheet_2206010216_UNI-ROYAL-Uniroyal-Elec-0805W8F1302T5E_C17455.pdf,https://www.lcsc.com/product-detail/chip-resistor-surface-mount_uni-royal-uniroyal-elec-0805w8f1302t5e_C17455.html,"Resistor 13kΩ 1% 125mW 0805 Thick Film Chip Resistors, Uniroyal 0805W8F1302T5E (Pre-Flight, LCSC Preferred)",resistor 13kΩ 0805 uniroyal uniroyal thick film pre-flight general purpose,149066,0.0091
R 15k 0805 1% Uniroyal,15kΩ,C17475,Basic,0805W8F1502T5E,Uniroyal,Uniroyal Thick Film,0805,1%,125mW,150V,,,,,±100ppm/°C,E24,Pre-Flight,General Purpose,Device:R,Resistor_SMD:R_0805_2012Metric,https://www.lcsc.com/datasheet/lcsc_datasheet_2206010216_UNI-ROYAL-Uniroyal-Elec-0805W8F1502T5E_C17475.pdf,https://www.lcsc.com/product-detail/chip-resistor-surface-mount_uni-royal-uniroyal-elec-0805w8f1502t5e_C17475.html,"Resistor 15kΩ 1% 125mW 0805 Thick Film Chip Resistors, Uniroyal 0805W8F1502T5E (Pre-Flight, LCSC Basic)",resistor 15kΩ 0805 uniroyal uniroyal thick film pre-flight general purpose,905937,0.006
R 16k 0805 1% Uniroyal,16kΩ,C17490,Preferred,0805W8F1602T5E,Uniroyal,Uniroyal Thick Film,0805,1%,125mW,150V,,,,,±100ppm/°C,E24,Pre-Flight,General Purpose,Device:R,Resistor_SMD:R_0805_2012Metric,https://www.lcsc.com/datasheet/lcsc_datasheet_2206010216_UNI-ROYAL-Uniroyal-Elec-0805W8F1602T5E_C17490.pdf,https://www.lcsc.com/product-detail/chip-resistor-surface-mount_uni-royal-uniroyal-elec-0805w8f1602t5e_C17490.html,"Resistor 16kΩ 1% 125mW 0805 Thick Film Chip Resistors, Uniroyal 0805W8F1602T5E (Pre-Flight, LCSC Preferred)",resistor 16kΩ 0805 uniroyal uniroyal thick film pre-flight general purpose,305422,0.011
R 18k 0805 1% Uniroyal,18kΩ,C17506,Preferred,0805W8F1802T5E,Uniroyal,Uniroyal Thick Film,0805,1%,125mW,150V,,,,,±100ppm/°C,E24,Pre-Flight,General Purpose,Device:R,Resistor_SMD:R_0805_2012Metric,https://www.lcsc.com/datasheet/lcsc_datasheet_2206010216_UNI-ROYAL-Uniroyal-Elec-0805W8F1802T5E_C17506.pdf,https://www.lcsc.com/product-detail/chip-resistor-surface-mount_uni-royal-uniroyal-elec-0805w8f1802t5e_C17506.html,"Resistor 18kΩ 1% 125mW 0805 Thick Film Chip Resistors, Uniroyal 0805W8F1802T5E (Pre-Flight, LCSC Preferred)",resistor 18kΩ 0805 uniroyal uniroyal thick film pre-flight general purpose,220576,0.0048
R 20k 0805 1% Uniroyal,20kΩ,C4328,Basic,0805W8F2002T5E,Uniroyal,Uniroyal Thick Film,0805,1%,125mW,150V,,,,,±100ppm/°C,E24,Pre-Flight,General Purpose,Device:R,Resistor_SMD:R_0805_2012Metric,https://www.lcsc.com/datasheet/lcsc_datasheet_2206010216_UNI-ROYAL-Uniroyal-Elec-0805W8F2002T5E_C4328.pdf,https://www.lcsc.com/product-detail/chip-resistor-surface-mount_uni-royal-uniroyal-elec-0805w8f2002t5e_C4328.html,"Resistor 20kΩ 1% 125mW 0805 Thick Film Chip Resistors, Uniroyal 0805W8F2002T5E (Pre-Flight, LCSC Basic)",resistor 20kΩ 0805 uniroyal uniroyal thick film pre-flight general purpose,3031249,0.0043
R 22k 0805 1% Uniroyal,22kΩ,C17560,Basic,0805W8F2202T5E,Uniroyal,Uniroyal Thick Film,0805,1%,125mW,150V,,,,,±100ppm/°C,E24,Pre-Flight,General Purpose,Device:R,Resistor_SMD:R_0805_2012Metric,https://www.lcsc.com/datasheet/lcsc_datasheet_2206010200_UNI-ROYAL-Uniroyal-Elec-0805W8F2202T5E_C17560.pdf,https://www.lcsc.com/product-detail/chip-resistor-surface-mount_uni-royal-uniroyal-elec-0805w8f2202t5e_C17560.html,"Resistor 22kΩ 1% 125mW 0805 Thick Film Chip Resistors, Uniroyal 0805W8F2202T5E (Pre-Flight, LCSC Basic)",resistor 22kΩ 0805 uniroyal uniroyal thick film pre-flight general purpose,1890339,0.0049
R 24k 0805 1% Uniroyal,24kΩ,C17575,Basic,0805W8F2402T5E,Uniroyal,Uniroyal Thick Film,0805,1%,125mW,150V,,,,,±100ppm/°C,E24,Pre-Flight,General Purpose,Device:R,Resistor_SMD:R_0805_2012Metric,https://www.lcsc.com/datasheet/lcsc_datasheet_2206010200_UNI-ROYAL-Uniroyal-Elec-0805W8F2402T5E_C17575.pdf,https://www.lcsc.com/product-detail/chip-resistor-surface-mount_uni-royal-uniroyal-elec-0805w8f2402t5e_C17575.html,"Resistor 24kΩ 1% 125mW 0805 Thick Film Chip Resistors, Uniroyal 0805W8F2402T5E (Pre-Flight, LCSC Basic)",resistor 24kΩ 0805 uniroyal uniroyal thick film pre-flight general purpose,498850,0.0058
R 27k 0805 1% Uniroyal,27kΩ,C17593,Basic,0805W8F2702T5E,Uniroyal,Uniroyal Thick Film,0805,1%,125mW,150V,,,,,±100ppm/°C,E24,Pre-Flight,General Purpose,Device:R,Resistor_SMD:R_0805_2012Metric,https://www.lcsc.com/datasheet/lcsc_datasheet_2206010200_UNI-ROYAL-Uniroyal-Elec-0805W8F2702T5E_C17593.pdf,https://www.lcsc.com/product-detail/chip-resistor-surface-mount_uni-royal-uniroyal-elec-0805w8f2702t5e_C17593.html,"Resistor 27kΩ 1% 125mW 0805 Thick Film Chip Resistors, Uniroyal 0805W8F2702T5E (Pre-Flight, LCSC Basic)",resistor 27kΩ 0805 uniroyal uniroyal thick film pre-flight general purpose,285775,0.0024
R 30k 0805 1% Uniroyal,30kΩ,C17621,Basic,0805W8F3002T5E,Uniroyal,Uniroyal Thick Film,0805,1%,125mW,150V,,,,,±100ppm/°C,E24,Pre-Flight,General Purpose,Device:R,Resistor_SMD:R_0805_2012Metric,https://www.lcsc.com/datasheet/lcsc_datasheet_2205311830_UNI-ROYAL-Uniroyal-Elec-0805W8F3002T5E_C17621.pdf,https://www.lcsc.com/product-detail/chip-resistor-surface-mount_uni-royal-uniroyal-elec-0805w8f3002t5e_C17621.html,"Resistor 30kΩ 1% 125mW 0805 Thick Film Chip Resistors, Uniroyal 0805W8F3002T5E (Pre-Flight, LCSC Basic)",resistor 30kΩ 0805 uniroyal uniroyal thick film pre-flight general purpose,1054485,0.0047
R 33k 0805 1% Uniroyal,33kΩ,C17633,Basic,0805W8F3302T5E,Uniroyal,Uniroyal Thick Film,0805,1%,125mW,150V,,,,,±100ppm/°C,E24,Pre-Flight,General Purpose,Device:R,Resistor_SMD:R_0805_2012Metric,https://www.lcsc.com/datasheet/lcsc_datasheet_2205311830_UNI-ROYAL-Uniroyal-Elec-0805W8F3302T5E_C17633.pdf,https://www.lcsc.com/product-detail/chip-resistor-surface-mount_uni-royal-uniroyal-elec-0805w8f3302t5e_C17633.html,"Resistor 33kΩ 1% 125mW 0805 Thick Film Chip Resistors, Uniroyal 0805W8F3302T5E (Pre-Flight, LCSC Basic)",resistor 33kΩ 0805 uniroyal uniroyal thick film pre-flight general purpose,567307,0.0047
R 36k 0805 1% Uniroyal,36kΩ,C4360,Preferred,0805W8F3602T5E,Uniroyal,Uniroyal Thick Film,0805,1%,125mW,150V,,,,,±100ppm/°C,E24,Pre-Flight,General Purpose,Device:R,Resistor_SMD:R_0805_2012Metric,https://www.lcsc.com/datasheet/lcsc_datasheet_2206010216_UNI-ROYAL-Uniroyal-Elec-0805W8F3602T5E_C4360.pdf,https://www.lcsc.com/product-detail/chip-resistor-surface-mount_uni-royal-uniroyal-elec-0805w8f3602t5e_C4360.html,"Resistor 36kΩ 1% 125mW 0805 Thick Film Chip Resistors, Uniroyal 0805W8F3602T5E (Pre-Flight, LCSC Preferred)",resistor 36kΩ 0805 uniroyal uniroyal thick film pre-flight general purpose,188779,0.0064
R 39k 0805 1% Uniroyal,39kΩ,C25826,Preferred,0805W8F3902T5E,Uniroyal,Uniroyal Thick Film,0805,1%,125mW,150V,,,,,±100ppm/°C,E24,Pre-Flight,General Purpose,Device:R,Resistor_SMD:R_0805_2012Metric,https://www.lcsc.com/datasheet/lcsc_datasheet_2206010045_UNI-ROYAL-Uniroyal-Elec-0805W8F3902T5E_C25826.pdf,https://www.lcsc.com/product-detail/chip-resistor-surface-mount_uni-royal-uniroyal-elec-0805w8f3902t5e_C25826.html,"Resistor 39kΩ 1% 125mW 0805 Thick Film Chip Resistors, Uniroyal 0805W8F3902T5E (Pre-Flight, LCSC Preferred)",resistor 39kΩ 0805 uniroyal uniroyal thick film pre-flight general purpose,198394,0.0044
R 43k 0805 1% Uniroyal,43kΩ,C17695,Preferred,0805W8F4302T5E,Uniroyal,Uniroyal Thick Film,0805,1%,125mW,150V,,,,,±100ppm/°C,E24,Pre-Flight,General Purpose,Device:R,Resistor_SMD:R_0805_2012Metric,https://www.lcsc.com/datasheet/lcsc_datasheet_2206010200_UNI-ROYAL-Uniroyal-Elec-0805W8F4302T5E_C17695.pdf,https://www.lcsc.com/product-detail/chip-resistor-surface-mount_uni-royal-uniroyal-elec-0805w8f4302t5e_C17695.html,"Resistor 43kΩ 1% 125mW 0805 Thick Film Chip Resistors, Uniroyal 0805W8F4302T5E (Pre-Flight, LCSC Preferred)",resistor 43kΩ 0805 uniroyal uniroyal thick film pre-flight general purpose,53321,0.0029
R 47k 0805 1% Uniroyal,47kΩ,C17713,Basic,0805W8F4702T5E,Uniroyal,Uniroyal Thick Film,0805,1%,125mW,150V,,,,,±100ppm/°C,E24,Pre-Flight,General Purpose,Device:R,Resistor_SMD:R_0805_2012Metric,https://www.lcsc.com/datasheet/lcsc_datasheet_2206010200_UNI-ROYAL-Uniroyal-Elec-0805W8F4702T5E_C17713.pdf,https://www.lcsc.com/product-detail/chip-resistor-surface-mount_uni-royal-uniroyal-elec-0805w8f4702t5e_C17713.html,"Resistor 47kΩ 1% 125mW 0805 Thick Film Chip Resistors, Uniroyal 0805W8F4702T5E (Pre-Flight, LCSC Basic)",resistor 47kΩ 0805 uniroyal uniroyal thick film pre-flight general purpose,2046900,0.0069
R 49.9k 0805 1% Uniroyal,49.9kΩ,C17719,Preferred,0805W8F4992T5E,Uniroyal,Uniroyal Thick Film,0805,1%,125mW,150V,,,,,±100ppm/°C,E96,Pre-Flight,General Purpose,Device:R,Resistor_SMD:R_0805_2012Metric,https://www.lcsc.com/datasheet/lcsc_datasheet_2206010200_UNI-ROYAL-Uniroyal-Elec-0805W8F4992T5E_C17719.pdf,https://www.lcsc.com/product-detail/chip-resistor-surface-mount_uni-royal-uniroyal-elec-0805w8f4992t5e_C17719.html,"Resistor 49.9kΩ 1% 125mW 0805 Thick Film Chip Resistors, Uniroyal 0805W8F4992T5E (Pre-Flight, LCSC Preferred)",resistor 49.9kΩ 0805 uniroyal uniroyal thick film pre-flight general purpose,289325,0.005
R 51k 0805 1% Uniroyal,51kΩ,C17737,Basic,0805W8F5102T5E,Uniroyal,Uniroyal Thick Film,0805,1%,125mW,150V,,,,,±100ppm/°C,E24,Pre-Flight,General Purpose,Device:R,Resistor_SMD:R_0805_2012Metric,https://www.lcsc.com/datasheet/lcsc_datasheet_2206010200_UNI-ROYAL-Uniroyal-Elec-0805W8F5102T5E_C17737.pdf,https://www.lcsc.com/product-detail/chip-resistor-surface-mount_uni-royal-uniroyal-elec-0805w8f5102t5e_C17737.html,"Resistor 51kΩ 1% 125mW 0805 Thick Film Chip Resistors, Uniroyal 0805W8F5102T5E (Pre-Flight, LCSC Basic)",resistor 51kΩ 0805 uniroyal uniroyal thick film pre-flight general purpose,954930,0.0068
R 56k 0805 1% Uniroyal,56kΩ,C17756,Preferred,0805W8F5602T5E,Uniroyal,Uniroyal Thick Film,0805,1%,125mW,150V,,,,,±100ppm/°C,E24,Pre-Flight,General Purpose,Device:R,Resistor_SMD:R_0805_2012Metric,https://www.lcsc.com/datasheet/lcsc_datasheet_2206010200_UNI-ROYAL-Uniroyal-Elec-0805W8F5602T5E_C17756.pdf,https://www.lcsc.com/product-detail/chip-resistor-surface-mount_uni-royal-uniroyal-elec-0805w8f5602t5e_C17756.html,"Resistor 56kΩ 1% 125mW 0805 Thick Film Chip Resistors, Uniroyal 0805W8F5602T5E (Pre-Flight, LCSC Preferred)",resistor 56kΩ 0805 uniroyal uniroyal thick film pre-flight general purpose,516166,0.0034
R 62k 0805 1% Uniroyal,62kΩ,C17783,Preferred,0805W8F6202T5E,Uniroyal,Uniroyal Thick Film,0805,1%,125mW,150V,,,,,±100ppm/°C,E24,Pre-Flight,General Purpose,Device:R,Resistor_SMD:R_0805_2012Metric,https://www.lcsc.com/datasheet/lcsc_datasheet_2205311830_UNI-ROYAL-Uniroyal-Elec-0805W8F6202T5E_C17783.pdf,https://www.lcsc.com/product-detail/chip-resistor-surface-mount_uni-royal-uniroyal-elec-0805w8f6202t5e_C17783.html,"Resistor 62kΩ 1% 125mW 0805 Thick Film Chip Resistors, Uniroyal 0805W8F6202T5E (Pre-Flight, LCSC Preferred)",resistor 62kΩ 0805 uniroyal uniroyal thick film pre-flight general purpose,298785,0.0024
R 68k 0805 1% Uniroyal,68kΩ,C17801,Basic,0805W8F6802T5E,Uniroyal,Uniroyal Thick Film,0805,1%,125mW,150V,,,,,±100ppm/°C,E24,Pre-Flight,General Purpose,Device:R,Resistor_SMD:R_0805_2012Metric,https://www.lcsc.com/datasheet/lcsc_datasheet_2205311830_UNI-ROYAL-Uniroyal-Elec-0805W8F6802T5E_C17801.pdf,https://www.lcsc.com/product-detail/chip-resistor-surface-mount_uni-royal-uniroyal-elec-0805w8f6802t5e_C17801.html,"Resistor 68kΩ 1% 125mW 0805 Thick Film Chip Resistors, Uniroyal 0805W8F6802T5E (Pre-Flight, LCSC Basic)",resistor 68kΩ 0805 uniroyal uniroyal thick film pre-flight general purpose,345643,0.0037
R 75k 0805 1% Uniroyal,75kΩ,C17819,Preferred,0805W8F7502T5E,Uniroyal,Uniroyal Thick Film,0805,1%,125mW,150V,,,,,±100ppm/°C,E24,Pre-Flight,General Purpose,Device:R,Resistor_SMD:R_0805_2012Metric,https://www.lcsc.com/datasheet/lcsc_datasheet_2205311830_UNI-ROYAL-Uniroyal-Elec-0805W8F7502T5E_C17819.pdf,https://www.lcsc.com/product-detail/chip-resistor-surface-mount_uni-royal-uniroyal-elec-0805w8f7502t5e_C17819.html,"Resistor 75kΩ 1% 125mW 0805 Thick Film Chip Resistors, Uniroyal 0805W8F7502T5E (Pre-Flight, LCSC Preferred)",resistor 75kΩ 0805 uniroyal uniroyal thick film pre-flight general purpose,753971,0.0082
R 82k 0805 1% Uniroyal,82kΩ,C17840,Preferred,0805W8F8202T5E,Uniroyal,Uniroyal Thick Film,0805,1%,125mW,150V,,,,,±100ppm/°C,E24,Pre-Flight,General Purpose,Device:R,Resistor_SMD:R_0805_2012Metric,https://www.lcsc.com/datasheet/lcsc_datasheet_2205311830_UNI-ROYAL-Uniroyal-Elec-0805W8F8202T5E_C17840.pdf,https://www.lcsc.com/product-detail/chip-resistor-surface-mount_uni-royal-uniroyal-elec-0805w8f8202t5e_C17840.html,"Resistor 82kΩ 1% 125mW 0805 Thick Film Chip Resistors, Uniroyal 0805W8F8202T5E (Pre-Flight, LCSC Preferred)",resistor 82kΩ 0805 uniroyal uniroyal thick film pre-flight general purpose,121826,0.0052
R 100k 0805 1% Uniroyal,100kΩ,C149504,Basic,0805W8F1003T5E,Uniroyal,Uniroyal Thick Film,0805,1%,125mW,150V,,,,,±100ppm/°C,E24,Pre-Flight,General Purpose,Device:R,Resistor_SMD:R_0805_2012Metric,https://www.lcsc.com/datasheet/lcsc_datasheet_2205312316_UNI-ROYAL-Uniroyal-Elec-0805W8F1003T5E_C149504.pdf,https://www.lcsc.com/product-detail/chip-resistor-surface-mount_uni-royal-uniroyal-elec-0805w8f1003t5e_C149504.html,"Resistor 100kΩ 1% 125mW 0805 Thick Film Chip Resistors, Uniroyal 0805W8F1003T5E (Pre-Flight, LCSC Basic)",resistor 100kΩ 0805 uniroyal uniroyal thick film pre-flight general purpose,4814612,0.0059
R 120k 0805 1% Uniroyal,120kΩ,C17436,Preferred,0805W8F1203T5E,Uniroyal,Uniroyal Thick Film,0805,1%,125mW,150V,,,,,±100ppm/°C,E24,Pre-Flight,General Purpose,Device:R,Resistor_SMD:R_0805_2012Metric,https://www.lcsc.com/datasheet/lcsc_datasheet_2206010216_UNI-ROYAL-Uniroyal-Elec-0805W8F1203T5E_C17436.pdf,https://www.lcsc.com/product-detail/chip-resistor-surface-mount_uni-royal-uniroyal-elec-0805w8f1203t5e_C17436.html,"Resistor 120kΩ 1% 125mW 0805 Thick Film Chip Resistors, Uniroyal 0805W8F1203T5E (Pre-Flight, LCSC Preferred)",resistor 120kΩ 0805 uniroyal uniroyal thick film pre-flight general purpose,126775,0.0061
R 150k 0805 1% Uniroyal,150kΩ,C17470,Basic,0805W8F1503T5E,Uniroyal,Uniroyal Thick Film,0805,1%,125mW,150V,,,,,±100ppm/°C,E24,Pre-Flight,General Purpose,Device:R,Resistor_SMD:R_0805_2012Metric,https://www.lcsc.com/datasheet/lcsc_datasheet_2206010216_UNI-ROYAL-Uniroyal-Elec-0805W8F1503T5E_C17470.pdf,https://www.lcsc.com/product-detail/chip-resistor-surface-mount_uni-royal-uniroyal-elec-0805w8f1503t5e_C17470.html,"Resistor 150kΩ 1% 125mW 0805 Thick Film Chip Resistors, Uniroyal 0805W8F1503T5E (Pre-Flight, LCSC Basic)",resistor 150kΩ 0805 uniroyal uniroyal thick film pre-flight general purpose,1074544,0.0049
R 180k 0805 1% Uniroyal,180kΩ,C17501,Preferred,0805W8F1803T5E,Uniroyal,Uniroyal Thick Film,0805,1%,125mW,150V,,,,,±100ppm/°C,E24,Pre-Flight,General Purpose,Device:R,Resistor_SMD:R_0805_2012Metric,https://www.lcsc.com/datasheet/lcsc_datasheet_2206010216_UNI-ROYAL-Uniroyal-Elec-0805W8F1803T5E_C17501.pdf,https://www.lcsc.com/product-detail/chip-resistor-surface-mount_uni-royal-uniroyal-elec-0805w8f1803t5e_C17501.html,"Resistor 180kΩ 1% 125mW 0805 Thick Film Chip Resistors, Uniroyal 0805W8F1803T5E (Pre-Flight, LCSC Preferred)",resistor 180kΩ 0805 uniroyal uniroyal thick film pre-flight general purpose,105405,0.0044
R 200k 0805 1% Uniroyal,200kΩ,C17539,Basic,0805W8F2003T5E,Uniroyal,Uniroyal Thick Film,0805,1%,125mW,150V,,,,,±100ppm/°C,E24,Pre-Flight,General Purpose,Device:R,Resistor_SMD:R_0805_2012Metric,https://www.lcsc.com/datasheet/lcsc_datasheet_2206010200_UNI-ROYAL-Uniroyal-Elec-0805W8F2003T5E_C17539.pdf,https://www.lcsc.com/product-detail/chip-resistor-surface-mount_uni-royal-uniroyal-elec-0805w8f2003t5e_C17539.html,"Resistor 200kΩ 1% 125mW 0805 Thick Film Chip Resistors, Uniroyal 0805W8F2003T5E (Pre-Flight, LCSC Basic)",resistor 200kΩ 0805 uniroyal uniroyal thick film pre-flight general purpose,735570,0.006
R 220k 0805 1% Uniroyal,220kΩ,C17556,Basic,0805W8F2203T5E,Uniroyal,Uniroyal Thick Film,0805,1%,125mW,150V,,,,,±100ppm/°C,E24,Pre-Flight,General Purpose,Device:R,Resistor_SMD:R_0805_2012Metric,https://www.lcsc.com/datasheet/lcsc_datasheet_2206010200_UNI-ROYAL-Uniroyal-Elec-0805W8F2203T5E_C17556.pdf,https://www.lcsc.com/product-detail/chip-resistor-surface-mount_uni-royal-uniroyal-elec-0805w8f2203t5e_C17556.html,"Resistor 220kΩ 1% 125mW 0805 Thick Film Chip Resistors, Uniroyal 0805W8F2203T5E (Pre-Flight, LCSC Basic)",resistor 220kΩ 0805 uniroyal uniroyal thick film pre-flight general purpose,300385,0.005
R 270k 0805 1% Uniroyal,270kΩ,C17589,Preferred,0805W8F2703T5E,Uniroyal,Uniroyal Thick Film,0805,1%,125mW,150V,,,,,±100ppm/°C,E24,Pre-Flight,General Purpose,Device:R,Resistor_SMD:R_0805_2012Metric,https://www.lcsc.com/datasheet/lcsc_datasheet_2206010200_UNI-ROYAL-Uniroyal-Elec-0805W8F2703T5E_C17589.pdf,https://www.lcsc.com/product-detail/chip-resistor-surface-mount_uni-royal-uniroyal-elec-0805w8f2703t5e_C17589.html,"Resistor 270kΩ 1% 125mW 0805 Thick Film Chip Resistors, Uniroyal 0805W8F2703T5E (Pre-Flight, LCSC Preferred)",resistor 270kΩ 0805 uniroyal uniroyal thick film pre-flight general purpose,168513,0.0067
R 300k 0805 1% Uniroyal,300kΩ,C17616,Preferred,0805W8F3003T5E,Uniroyal,Uniroyal Thick Film,0805,1%,125mW,150V,,,,,±100ppm/°C,E24,Pre-Flight,General Purpose,Device:R,Resistor_SMD:R_0805_2012Metric,https://www.lcsc.com/datasheet/lcsc_datasheet_2206010200_UNI-ROYAL-Uniroyal-Elec-0805W8F3003T5E_C17616.pdf,https://www.lcsc.com/product-detail/chip-resistor-surface-mount_uni-royal-uniroyal-elec-0805w8f3003t5e_C17616.html,"Resistor 300kΩ 1% 125mW 0805 Thick Film Chip Resistors, Uniroyal 0805W8F3003T5E (Pre-Flight, LCSC Preferred)",resistor 300kΩ 0805 uniroyal uniroyal thick film pre-flight general purpose,278462,0.0105
R 330k 0805 1% Uniroyal,330kΩ,C17629,Preferred,0805W8F3303T5E,Uniroyal,Uniroyal Thick Film,0805,1%,125mW,150V,,,,,±100ppm/°C,E24,Pre-Flight,General Purpose,Device:R,Resistor_SMD:R_0805_2012Metric,https://www.lcsc.com/datasheet/lcsc_datasheet_2205311830_UNI-ROYAL-Uniroyal-Elec-0805W8F3303T5E_C17629.pdf,https://www.lcsc.com/product-detail/chip-resistor-surface-mount_uni-royal-uniroyal-elec-0805w8f3303t5e_C17629.html,"Resistor 330kΩ 1% 125mW 0805 Thick Film Chip Resistors, Uniroyal 0805W8F3303T5E (Pre-Flight, LCSC Preferred)",resistor 330kΩ 0805 uniroyal uniroyal thick film pre-flight general purpose,168020,0.0029
R 390k 0805 1% Uniroyal,390kΩ,C17656,Preferred,0805W8F3903T5E,Uniroyal,Uniroyal Thick Film,0805,1%,125mW,150V,,,,,±100ppm/°C,E24,Pre-Flight,General Purpose,Device:R,Resistor_SMD:R_0805_2012Metric,https://www.lcsc.com/datasheet/lcsc_datasheet_2206010200_UNI-ROYAL-Uniroyal-Elec-0805W8F3903T5E_C17656.pdf,https://www.lcsc.com/product-detail/chip-resistor-surface-mount_uni-royal-uniroyal-elec-0805w8f3903t5e_C17656.html,"Resistor 390kΩ 1% 125mW 0805 Thick Film Chip Resistors, Uniroyal 0805W8F3903T5E (Pre-Flight, LCSC Preferred)",resistor 390kΩ 0805 uniroyal uniroyal thick film pre-flight general purpose,397042,0.003
R 470k 0805 1% Uniroyal,470kΩ,C17709,Basic,0805W8F4703T5E,Uniroyal,Uniroyal Thick Film,0805,1%,125mW,150V,,,,,±100ppm/°C,E24,Pre-Flight,General Purpose,Device:R,Resistor_SMD:R_0805_2012Metric,https://www.lcsc.com/datasheet/lcsc_datasheet_2206010200_UNI-ROYAL-Uniroyal-Elec-0805W8F4703T5E_C17709.pdf,https://www.lcsc.com/product-detail/chip-resistor-surface-mount_uni-royal-uniroyal-elec-0805w8f4703t5e_C17709.html,"Resistor 470kΩ 1% 125mW 0805 Thick Film Chip Resistors, Uniroyal 0805W8F4703T5E (Pre-Flight, LCSC Basic)",resistor 470kΩ 0805 uniroyal uniroyal thick film pre-flight general purpose,494633,0.0025
R 510k 0805 1% Uniroyal,510kΩ,C17733,Preferred,0805W8F5103T5E,Uniroyal,Uniroyal Thick Film,0805,1%,125mW,150V,,,,,±100ppm/°C,E24,Pre-Flight,General Purpose,Device:R,Resistor_SMD:R_0805_2012Metric,https://www.lcsc.com/datasheet/lcsc_datasheet_2206010200_UNI-ROYAL-Uniroyal-Elec-0805W8F5103T5E_C17733.pdf,https://www.lcsc.com/product-detail/chip-resistor-surface-mount_uni-royal-uniroyal-elec-0805w8f5103t5e_C17733.html,"Resistor 510kΩ 1% 125mW 0805 Thick Film Chip Resistors, Uniroyal 0805W8F5103T5E (Pre-Flight, LCSC Preferred)",resistor 510kΩ 0805 uniroyal uniroyal thick film pre-flight general purpose,346093,0.0062
R 680k 0805 1% Uniroyal,680kΩ,C17797,Preferred,0805W8F6803T5E,Uniroyal,Uniroyal Thick Film,0805,1%,125mW,150V,,,,,±100ppm/°C,E24,Pre-Flight,General Purpose,Device:R,Resistor_SMD:R_0805_2012Metric,https://www.lcsc.com/datasheet/lcsc_datasheet_2205311830_UNI-ROYAL-Uniroyal-Elec-0805W8F6803T5E_C17797.pdf,https://www.lcsc.com/product-detail/chip-resistor-surface-mount_uni-royal-uniroyal-elec-0805w8f6803t5e_C17797.html,"Resistor 680kΩ 1% 125mW 0805 Thick Film Chip Resistors, Uniroyal 0805W8F6803T5E (Pre-Flight, LCSC Preferred)",resistor 680kΩ 0805 uniroyal uniroyal thick film pre-flight general purpose,155774,0.0045
R 1M 0805 1% Uniroyal,1MΩ,C17514,Basic,0805W8F1004T5E,Uniroyal,Uniroyal Thick Film,0805,1%,125mW,150V,,,,,±100ppm/°C,E24,Pre-Flight,General Purpose,Device:R,Resistor_SMD:R_0805_2012Metric,https://www.lcsc.com/datasheet/lcsc_datasheet_2206010200_UNI-ROYAL-Uniroyal-Elec-0805W8F1004T5E_C17514.pdf,https://www.lcsc.com/product-detail/chip-resistor-surface-mount_uni-royal-uniroyal-elec-0805w8f1004t5e_C17514.html,"Resistor 1MΩ 1% 125mW 0805 Thick Film Chip Resistors, Uniroyal 0805W8F1004T5E (Pre-Flight, LCSC Basic)",resistor 1MΩ 0805 uniroyal uniroyal thick film pre-flight general purpose,2651433,0.0047
R 2M 0805 1% Uniroyal,2MΩ,C26112,Preferred,0805W8F2004T5E,Uniroyal,Uniroyal Thick Film,0805,1%,125mW,150V,,,,,±100ppm/°C,E24,Pre-Flight,General Purpose,Device:R,Resistor_SMD:R_0805_2012Metric,https://www.lcsc.com/datasheet/lcsc_datasheet_2206010030_UNI-ROYAL-Uniroyal-Elec-0805W8F2004T5E_C26112.pdf,https://www.lcsc.com/product-detail/chip-resistor-surface-mount_uni-royal-uniroyal-elec-0805w8f2004t5e_C26112.html,"Resistor 2MΩ 1% 125mW 0805 Thick Film Chip Resistors, Uniroyal 0805W8F2004T5E (Pre-Flight, LCSC Preferred)",resistor 2MΩ 0805 uniroyal uniroyal thick film pre-flight general purpose,106329,0.0093
R 2.2M 0805 1% Uniroyal,2.2MΩ,C26113,Preferred,0805W8F2204T5E,Uniroyal,Uniroyal Thick Film,0805,1%,125mW,150V,,,,,±100ppm/°C,E24,Pre-Flight,General Purpose,Device:R,Resistor_SMD:R_0805_2012Metric,https://www.lcsc.com/datasheet/lcsc_datasheet_2206010030_UNI-ROYAL-Uniroyal-Elec-0805W8F2204T5E_C26113.pdf,https://www.lcsc.com/product-detail/chip-resistor-surface-mount_uni-royal-uniroyal-elec-0805w8f2204t5e_C26113.html,"Resistor 2.2MΩ 1% 125mW 0805 Thick Film Chip Resistors, Uniroyal 0805W8F2204T5E (Pre-Flight, LCSC Preferred)",resistor 2.2MΩ 0805 uniroyal uniroyal thick film pre-flight general purpose,73186,0.0065
R 10M 0805 1% Uniroyal,10MΩ,C26108,Preferred,0805W8F1005T5E,Uniroyal,Uniroyal Thick Film,0805,1%,125mW,150V,,,,,±100ppm/°C,E24,Pre-Flight,General Purpose,Device:R,Resistor_SMD:R_0805_2012Metric,https://www.lcsc.com/datasheet/lcsc_datasheet_2206010030_UNI-ROYAL-Uniroyal-Elec-0805W8F1005T5E_C26108.pdf,https://www.lcsc.com/product-detail/chip-resistor-surface-mount_uni-royal-uniroyal-elec-0805w8f1005t5e_C26108.html,"Resistor 10MΩ 1% 125mW 0805 Thick Film Chip Resistors, Uniroyal 0805W8F1005T5E (Pre-Flight, LCSC Preferred)",resistor 10MΩ 0805 uniroyal uniroyal thick film pre-flight general purpose,294358,0.0039
R 0 1206 Uniroyal,0Ω,C17888,Basic,1206W4F0000T5E,Uniroyal,Uniroyal Thick Film,1206,,250mW,200V,,,,,±800ppm/°C,ZERO,Pre-Flight,General Purpose,Device:R,Resistor_SMD:R_1206_3216Metric,https://www.lcsc.com/datasheet/lcsc_datasheet_2206010200_UNI-ROYAL-Uniroyal-Elec-1206W4F0000T5E_C17888.pdf,https://www.lcsc.com/product-detail/chip-resistor-surface-mount_uni-royal-uniroyal-elec-1206w4f0000t5e_C17888.html,"Resistor 0Ω 250mW 1206 Thick Film Chip Resistors, Uniroyal 1206W4F0000T5E (Pre-Flight, LCSC Basic)",resistor 0Ω 1206 uniroyal uniroyal thick film pre-flight general purpose,3041080,0.0085
R 100m 1206 1% Uniroyal,100mΩ,C25334,Basic,1206W4F100LT5E,Uniroyal,Uniroyal Thick Film,1206,1%,250mW,200V,,,,,±800ppm/°C,E24,Pre-Flight,General Purpose,Device:R,Resistor_SMD:R_1206_3216Metric,https://www.lcsc.com/datasheet/lcsc_datasheet_2205311900_UNI-ROYAL-Uniroyal-Elec-1206W4F100LT5E_C25334.pdf,https://www.lcsc.com/product-detail/chip-resistor-surface-mount_uni-royal-uniroyal-elec-1206w4f100lt5e_C25334.html,"Resistor 100mΩ 1% 250mW 1206 Thick Film Chip Resistors, Uniroyal 1206W4F100LT5E (Pre-Flight, LCSC Basic)",resistor 100mΩ 1206 uniroyal uniroyal thick film pre-flight general purpose,397078,0.008
R 1 1206 1% Uniroyal,1Ω,C17928,Basic,1206W4F100KT5E,Uniroyal,Uniroyal Thick Film,1206,1%,250mW,200V,,,,,±200ppm/°C,E24,Pre-Flight,General Purpose,Device:R,Resistor_SMD:R_1206_3216Metric,https://www.lcsc.com/datasheet/lcsc_datasheet_2206010145_UNI-ROYAL-Uniroyal-Elec-1206W4F100KT5E_C17928.pdf,https://www.lcsc.com/product-detail/chip-resistor-surface-mount_uni-royal-uniroyal-elec-1206w4f100kt5e_C17928.html,"Resistor 1Ω 1% 250mW 1206 Thick Film Chip Resistors, Uniroyal 1206W4F100KT5E (Pre-Flight, LCSC Basic)",resistor 1Ω 1206 uniroyal uniroyal thick film pre-flight general purpose,289665,0.0274
R 10 1206 1% Uniroyal,10Ω,C17903,Basic,1206W4F100JT5E,Uniroyal,Uniroyal Thick Film,1206,1%,250mW,200V,,,,,±400ppm/°C,E24,Pre-Flight,General Purpose,Device:R,Resistor_SMD:R_1206_3216Metric,https://www.lcsc.com/datasheet/lcsc_datasheet_2206010145_UNI-ROYAL-Uniroyal-Elec-1206W4F100JT5E_C17903.pdf,https://www.lcsc.com/product-detail/chip-resistor-surface-mount_uni-royal-uniroyal-elec-1206w4f100jt5e_C17903.html,"Resistor 10Ω 1% 250mW 1206 Thick Film Chip Resistors, Uniroyal 1206W4F100JT5E (Pre-Flight, LCSC Basic)",resistor 10Ω 1206 uniroyal uniroyal thick film pre-flight general purpose,1157012,0.0113
R 20 1206 1% Uniroyal,20Ω,C17955,Basic,1206W4F200JT5E,Uniroyal,Uniroyal Thick Film,1206,1%,250mW,200V,,,,,±100ppm/°C,E24,Pre-Flight,General Purpose,Device:R,Resistor_SMD:R_1206_3216Metric,https://www.lcsc.com/datasheet/lcsc_datasheet_2206010145_UNI-ROYAL-Uniroyal-Elec-1206W4F200JT5E_C17955.pdf,https://www.lcsc.com/product-detail/chip-resistor-surface-mount_uni-royal-uniroyal-elec-1206w4f200jt5e_C17955.html,"Resistor 20Ω 1% 250mW 1206 Thick Film Chip Resistors, Uniroyal 1206W4F200JT5E (Pre-Flight, LCSC Basic)",resistor 20Ω 1206 uniroyal uniroyal thick film pre-flight general purpose,565172,0.0112
R 22 1206 1% Uniroyal,22Ω,C17958,Basic,1206W4F220JT5E,Uniroyal,Uniroyal Thick Film,1206,1%,250mW,200V,,,,,±100ppm/°C,E24,Pre-Flight,General Purpose,Device:R,Resistor_SMD:R_1206_3216Metric,https://www.lcsc.com/datasheet/lcsc_datasheet_2206010145_UNI-ROYAL-Uniroyal-Elec-1206W4F220JT5E_C17958.pdf,https://www.lcsc.com/product-detail/chip-resistor-surface-mount_uni-royal-uniroyal-elec-1206w4f220jt5e_C17958.html,"Resistor 22Ω 1% 250mW 1206 Thick Film Chip Resistors, Uniroyal 1206W4F220JT5E (Pre-Flight, LCSC Basic)",resistor 22Ω 1206 uniroyal uniroyal thick film pre-flight general purpose,967197,0.0072
R 100 1206 1% Uniroyal,100Ω,C17901,Basic,1206W4F1000T5E,Uniroyal,Uniroyal Thick Film,1206,1%,250mW,200V,,,,,±100ppm/°C,E24,Pre-Flight,General Purpose,Device:R,Resistor_SMD:R_1206_3216Metric,https://www.lcsc.com/datasheet/lcsc_datasheet_2206010145_UNI-ROYAL-Uniroyal-Elec-1206W4F1000T5E_C17901.pdf,https://www.lcsc.com/product-detail/chip-resistor-surface-mount_uni-royal-uniroyal-elec-1206w4f1000t5e_C17901.html,"Resistor 100Ω 1% 250mW 1206 Thick Film Chip Resistors, Uniroyal 1206W4F1000T5E (Pre-Flight, LCSC Basic)",resistor 100Ω 1206 uniroyal uniroyal thick film pre-flight general purpose,2912504,0.0066
R 120 1206 1% Uniroyal,120Ω,C17909,Basic,1206W4F1200T5E,Uniroyal,Uniroyal Thick Film,1206,1%,250mW,200V,,,,,±100ppm/°C,E24,Pre-Flight,General Purpose,Device:R,Resistor_SMD:R_1206_3216Metric,https://www.lcsc.com/datasheet/lcsc_datasheet_2206010145_UNI-ROYAL-Uniroyal-Elec-1206W4F1200T5E_C17909.pdf,https://www.lcsc.com/product-detail/chip-resistor-surface-mount_uni-royal-uniroyal-elec-1206w4f1200t5e_C17909.html,"Resistor 120Ω 1% 250mW 1206 Thick Film Chip Resistors, Uniroyal 1206W4F1200T5E (Pre-Flight, LCSC Basic)",resistor 120Ω 1206 uniroyal uniroyal thick film pre-flight general purpose,702168,0.0074
R 180 1206 1% Uniroyal,180Ω,C17924,Preferred,1206W4F1800T5E,Uniroyal,Uniroyal Thick Film,1206,1%,250mW,200V,,,,,±100ppm/°C,E24,Pre-Flight,General Purpose,Device:R,Resistor_SMD:R_1206_3216Metric,https://www.lcsc.com/datasheet/lcsc_datasheet_2206010145_UNI-ROYAL-Uniroyal-Elec-1206W4F1800T5E_C17924.pdf,https://www.lcsc.com/product-detail/chip-resistor-surface-mount_uni-royal-uniroyal-elec-1206w4f1800t5e_C17924.html,"Resistor 180Ω 1% 250mW 1206 Thick Film Chip Resistors, Uniroyal 1206W4F1800T5E (Pre-Flight, LCSC Preferred)",resistor 180Ω 1206 uniroyal uniroyal thick film pre-flight general purpose,117354,0.0191
R 300 1206 1% Uniroyal,300Ω,C17887,Basic,1206W4F3000T5E,Uniroyal,Uniroyal Thick Film,1206,1%,250mW,200V,,,,,±100ppm/°C,E24,Pre-Flight,General Purpose,Device:R,Resistor_SMD:R_1206_3216Metric,https://www.lcsc.com/datasheet/lcsc_datasheet_2206010200_UNI-ROYAL-Uniroyal-Elec-1206W4F3000T5E_C17887.pdf,https://www.lcsc.com/product-detail/chip-resistor-surface-mount_uni-royal-uniroyal-elec-1206w4f3000t5e_C17887.html,"Resistor 300Ω 1% 250mW 1206 Thick Film Chip Resistors, Uniroyal 1206W4F3000T5E (Pre-Flight, LCSC Basic)",resistor 300Ω 1206 uniroyal uniroyal thick film pre-flight general purpose,503863,0.0061
R 750 1206 1% Uniroyal,750Ω,C17985,Preferred,1206W4F7500T5E,Uniroyal,Uniroyal Thick Film,1206,1%,250mW,200V,,,,,±100ppm/°C,E24,Pre-Flight,General Purpose,Device:R,Resistor_SMD:R_1206_3216Metric,https://www.lcsc.com/datasheet/lcsc_datasheet_2206010145_UNI-ROYAL-Uniroyal-Elec-1206W4F7500T5E_C17985.pdf,https://www.lcsc.com/product-detail/chip-resistor-surface-mount_uni-royal-uniroyal-elec-1206w4f7500t5e_C17985.html,"Resistor 750Ω 1% 250mW 1206 Thick Film Chip Resistors, Uniroyal 1206W4F7500T5E (Pre-Flight, LCSC Preferred)",resistor 750Ω 1206 uniroyal uniroyal thick film pre-flight general purpose,131989,0.0114
R 1k 1206 1% Uniroyal,1kΩ,C4410,Basic,1206W4F1001T5E,Uniroyal,Uniroyal Thick Film,1206,1%,250mW,200V,,,,,±100ppm/°C,E24,Pre-Flight,General Purpose,Device:R,Resistor_SMD:R_1206_3216Metric,https://www.lcsc.com/datasheet/lcsc_datasheet_2206010216_UNI-ROYAL-Uniroyal-Elec-1206W4F1001T5E_C4410.pdf,https://www.lcsc.com/product-detail/chip-resistor-surface-mount_uni-royal-uniroyal-elec-1206w4f1001t5e_C4410.html,"Resistor 1kΩ 1% 250mW 1206 Thick Film Chip Resistors, Uniroyal 1206W4F1001T5E (Pre-Flight, LCSC Basic)",resistor 1kΩ 1206 uniroyal uniroyal thick film pre-flight general purpose,2856946,0.0087
R 2k 1206 1% Uniroyal,2kΩ,C17944,Basic,1206W4F2001T5E,Uniroyal,Uniroyal Thick Film,1206,1%,250mW,200V,,,,,±100ppm/°C,E24,Pre-Flight,General Purpose,Device:R,Resistor_SMD:R_1206_3216Metric,https://www.lcsc.com/datasheet/lcsc_datasheet_2206010145_UNI-ROYAL-Uniroyal-Elec-1206W4F2001T5E_C17944.pdf,https://www.lcsc.com/product-detail/chip-resistor-surface-mount_uni-royal-uniroyal-elec-1206w4f2001t5e_C17944.html,"Resistor 2kΩ 1% 250mW 1206 Thick Film Chip Resistors, Uniroyal 1206W4F2001T5E (Pre-Flight, LCSC Basic)",resistor 2kΩ 1206 uniroyal uniroyal thick film pre-flight general purpose,2263189,0.0083
R 4.7k 1206 1% Uniroyal,4.7kΩ,C17936,Basic,1206W4F4701T5E,Uniroyal,Uniroyal Thick Film,1206,1%,250mW,200V,,,,,±100ppm/°C,E24,Pre-Flight,General Purpose,Device:R,Resistor_SMD:R_1206_3216Metric,https://www.lcsc.com/datasheet/lcsc_datasheet_2206010145_UNI-ROYAL-Uniroyal-Elec-1206W4F4701T5E_C17936.pdf,https://www.lcsc.com/product-detail/chip-resistor-surface-mount_uni-royal-uniroyal-elec-1206w4f4701t5e_C17936.html,"Resistor 4.7kΩ 1% 250mW 1206 Thick Film Chip Resistors, Uniroyal 1206W4F4701T5E (Pre-Flight, LCSC Basic)",resistor 4.7kΩ 1206 uniroyal uniroyal thick film pre-flight general purpose,3582168,0.0095
R 10k 1206 1% Uniroyal,10kΩ,C17902,Basic,1206W4F1002T5E,Uniroyal,Uniroyal Thick Film,1206,1%,250mW,200V,,,,,±100ppm/°C,E24,Pre-Flight,General Purpose,Device:R,Resistor_SMD:R_1206_3216Metric,https://www.lcsc.com/datasheet/lcsc_datasheet_2206010145_UNI-ROYAL-Uniroyal-Elec-1206W4F1002T5E_C17902.pdf,https://www.lcsc.com/product-detail/chip-resistor-surface-mount_uni-royal-uniroyal-elec-1206w4f1002t5e_C17902.html,"Resistor 10kΩ 1% 250mW 1206 Thick Film Chip Resistors, Uniroyal 1206W4F1002T5E (Pre-Flight, LCSC Basic)",resistor 10kΩ 1206 uniroyal uniroyal thick film pre-flight general purpose,2823292,0.0097
R 100k 1206 1% Uniroyal,100kΩ,C17900,Basic,1206W4F1003T5E,Uniroyal,Uniroyal Thick Film,1206,1%,250mW,200V,,,,,±100ppm/°C,E24,Pre-Flight,General Purpose,Device:R,Resistor_SMD:R_1206_3216Metric,https://www.lcsc.com/datasheet/lcsc_datasheet_2206010145_UNI-ROYAL-Uniroyal-Elec-1206W4F1003T5E_C17900.pdf,https://www.lcsc.com/product-detail/chip-resistor-surface-mount_uni-royal-uniroyal-elec-1206w4f1003t5e_C17900.html,"Resistor 100kΩ 1% 250mW 1206 Thick Film Chip Resistors, Uniroyal 1206W4F1003T5E (Pre-Flight, LCSC Basic)",resistor 100kΩ 1206 uniroyal uniroyal thick film pre-flight general purpose,1685341,0.0104
R 1M 1206 1% Uniroyal,1MΩ,C17927,Basic,1206W4F1004T5E,Uniroyal,Uniroyal Thick Film,1206,1%,250mW,200V,,,,,±100ppm/°C,E24,Pre-Flight,General Purpose,Device:R,Resistor_SMD:R_1206_3216Metric,https://www.lcsc.com/datasheet/lcsc_datasheet_2206010145_UNI-ROYAL-Uniroyal-Elec-1206W4F1004T5E_C17927.pdf,https://www.lcsc.com/product-detail/chip-resistor-surface-mount_uni-royal-uniroyal-elec-1206w4f1004t5e_C17927.html,"Resistor 1MΩ 1% 250mW 1206 Thick Film Chip Resistors, Uniroyal 1206W4F1004T5E (Pre-Flight, LCSC Basic)",resistor 1MΩ 1206 uniroyal uniroyal thick film pre-flight general purpose,5262903,0.0041
R 1.2M 1206 1% Uniroyal,1.2MΩ,C22107,Preferred,1206W4F1204T5E,Uniroyal,Uniroyal Thick Film,1206,1%,250mW,200V,,,,,±100ppm/°C,E24,Pre-Flight,General Purpose,Device:R,Resistor_SMD:R_1206_3216Metric,https://www.lcsc.com/datasheet/lcsc_datasheet_2206010130_UNI-ROYAL-Uniroyal-Elec-1206W4F1204T5E_C22107.pdf,https://www.lcsc.com/product-detail/chip-resistor-surface-mount_uni-royal-uniroyal-elec-1206w4f1204t5e_C22107.html,"Resistor 1.2MΩ 1% 250mW 1206 Thick Film Chip Resistors, Uniroyal 1206W4F1204T5E (Pre-Flight, LCSC Preferred)",resistor 1.2MΩ 1206 uniroyal uniroyal thick film pre-flight general purpose,29128,0.0076
