Part_ID,Value,LCSC,LCSC_Type,MPN,Manufacturer,Series,Package,Tolerance,Power,Voltage,Dielectric,Current,Isat,DCR,TempCo,Value_Series,Standard,Use_Case,Symbol,Footprint,Datasheet,LCSC_URL,Description,Keywords,Stock,Unit_Price_USD
R 75 0201 0.1% Vishay TNPW,75Ω,C4289606,Extended,TNPW020175R0BEED,Vishay,Vishay TNPW,0201,0.1%,50mW,,,,,,±25ppm/°C,E24,Flight,General Purpose,Device:R,Resistor_SMD:R_0201_0603Metric,https://wmsc.lcsc.com/wmsc/upload/file/pdf/v2/lcsc/2312131136_Vishay-Intertech-TNPW020175R0BEED_C4289606.pdf,https://www.lcsc.com/product-detail/chip-resistor-surface-mount_vishay-intertech-tnpw020175r0beed_C4289606.html,"Resistor 75Ω 0.1% 50mW 0201 High Stability Thin Film Flat Chip Resistors (TNPW e3), Vishay TNPW020175R0BEED (Flight, LCSC Extended)",resistor 75Ω 0201 vishay vishay tnpw flight general purpose,36,0.3514
R 330 0201 0.1% Vishay TNPW,330Ω,C4352902,Extended,TNPW0201330RBEED,Vishay,Vishay TNPW,0201,0.1%,50mW,,,,,,±25ppm/°C,E24,Flight,General Purpose,Device:R,Resistor_SMD:R_0201_0603Metric,https://wmsc.lcsc.com/wmsc/upload/file/pdf/v2/lcsc/2212221830_Vishay-Intertech-TNPW0201330RBEED_C4352902.pdf,https://www.lcsc.com/product-detail/chip-resistor-surface-mount_vishay-intertech-tnpw0201330rbeed_C4352902.html,"Resistor 330Ω 0.1% 50mW 0201 High Stability Thin Film Flat Chip Resistors (TNPW e3), Vishay TNPW0201330RBEED (Flight, LCSC Extended)",resistor 330Ω 0201 vishay vishay tnpw flight general purpose,525,0.3913
R 1k 0201 0.1% Vishay TNPW,1kΩ,C3009022,Extended,TNPW02011K00BEED,Vishay,Vishay TNPW,0201,0.1%,50mW,,,,,,±25ppm/°C,E24,Flight,General Purpose,Device:R,Resistor_SMD:R_0201_0603Metric,https://wmsc.lcsc.com/wmsc/upload/file/pdf/v2/lcsc/2312110924_Vishay-Intertech-TNPW02011K00BEED_C3009022.pdf,https://www.lcsc.com/product-detail/chip-resistor-surface-mount_vishay-intertech-tnpw02011k00beed_C3009022.html,"Resistor 1kΩ 0.1% 50mW 0201 High Stability Thin Film Flat Chip Resistors (TNPW e3), Vishay TNPW02011K00BEED (Flight, LCSC Extended)",resistor 1kΩ 0201 vishay vishay tnpw flight general purpose,995,0.4036
R 2.7k 0201 0.1% Vishay TNPW,2.7kΩ,C4163404,Extended,TNPW02012K70BEED,Vishay,Vishay TNPW,0201,0.1%,50mW,,,,,,±25ppm/°C,E24,Flight,General Purpose,Device:R,Resistor_SMD:R_0201_0603Metric,https://wmsc.lcsc.com/wmsc/upload/file/pdf/v2/lcsc/2312131036_Vishay-Intertech-TNPW02012K70BEED_C4163404.pdf,https://www.lcsc.com/product-detail/chip-resistor-surface-mount_vishay-intertech-tnpw02012k70beed_C4163404.html,"Resistor 2.7kΩ 0.1% 50mW 0201 High Stability Thin Film Flat Chip Resistors (TNPW e3), Vishay TNPW02012K70BEED (Flight, LCSC Extended)",resistor 2.7kΩ 0201 vishay vishay tnpw flight general purpose,471,0.3669
R 5.1k 0201 0.1% Vishay TNPW,5.1kΩ,C4105771,Extended,TNPW02015K10BEED,Vishay,Vishay TNPW,0201,0.1%,50mW,,,,,,±25ppm/°C,E24,Flight,General Purpose,Device:R,Resistor_SMD:R_0201_0603Metric,https://wmsc.lcsc.com/wmsc/upload/file/pdf/v2/lcsc/2312131009_Vishay-Intertech-TNPW02015K10BEED_C4105771.pdf,https://www.lcsc.com/product-detail/chip-resistor-surface-mount_vishay-intertech-tnpw02015k10beed_C4105771.html,"Resistor 5.1kΩ 0.1% 50mW 0201 High Stability Thin Film Flat Chip Resistors (TNPW e3), Vishay TNPW02015K10BEED (Flight, LCSC Extended)",resistor 5.1kΩ 0201 vishay vishay tnpw flight general purpose,7,0.2089
R 10k 0201 0.1% Vishay TNPW,10kΩ,C1857698,Extended,TNPW020110K0BEED,Vishay,Vishay TNPW,0201,0.1%,75mW,25V,,,,,±25ppm/°C,E24,Flight,General Purpose,Device:R,Resistor_SMD:R_0201_0603Metric,https://www.lcsc.com/datasheet/lcsc_datasheet_2410121903_Vishay-Intertech-TNPW020110K0BEED_C1857698.pdf,https://www.lcsc.com/product-detail/chip-resistor-surface-mount_vishay-intertech-tnpw020110k0beed_C1857698.html,"Resistor 10kΩ 0.1% 75mW 0201 High Stability Thin Film Flat Chip Resistors (TNPW e3), Vishay TNPW020110K0BEED (Flight, LCSC Extended)",resistor 10kΩ 0201 vishay vishay tnpw flight general purpose,1018,0.2769
R 12k 0201 0.1% Vishay TNPW,12kΩ,C1857712,Extended,TNPW020112K0BEED,Vishay,Vishay TNPW,0201,0.1%,75mW,25V,,,,,±25ppm/°C,E24,Flight,General Purpose,Device:R,Resistor_SMD:R_0201_0603Metric,https://wmsc.lcsc.com/wmsc/upload/file/pdf/v2/lcsc/2304140030_Vishay-Intertech-TNPW020112K0BEED_C1857712.pdf,https://www.lcsc.com/product-detail/chip-resistor-surface-mount_vishay-intertech-tnpw020112k0beed_C1857712.html,"Resistor 12kΩ 0.1% 75mW 0201 High Stability Thin Film Flat Chip Resistors (TNPW e3), Vishay TNPW020112K0BEED (Flight, LCSC Extended)",resistor 12kΩ 0201 vishay vishay tnpw flight general purpose,17,0.2898
R 12.4k 0201 0.1% Vishay TNPW,12.4kΩ,C3992160,Extended,TNPW020112K4BEED,Vishay,Vishay TNPW,0201,0.1%,50mW,,,,,,±25ppm/°C,E96,Flight,General Purpose,Device:R,Resistor_SMD:R_0201_0603Metric,https://wmsc.lcsc.com/wmsc/upload/file/pdf/v2/lcsc/2312121749_Vishay-Intertech-TNPW020112K4BEED_C3992160.pdf,https://www.lcsc.com/product-detail/chip-resistor-surface-mount_vishay-intertech-tnpw020112k4beed_C3992160.html,"Resistor 12.4kΩ 0.1% 50mW 0201 High Stability Thin Film Flat Chip Resistors (TNPW e3), Vishay TNPW020112K4BEED (Flight, LCSC Extended)",resistor 12.4kΩ 0201 vishay vishay tnpw flight general purpose,392,0.309
R 13k 0201 0.1% Vishay TNPW,13kΩ,C6333568,Extended,TNPW020113K0BEED,Vishay,Vishay TNPW,0201,0.1%,50mW,,,,,,±25ppm/°C,E24,Flight,General Purpose,Device:R,Resistor_SMD:R_0201_0603Metric,https://wmsc.lcsc.com/wmsc/upload/file/pdf/v2/lcsc/2312131710_Vishay-Intertech-TNPW020113K0BEED_C6333568.pdf,https://www.lcsc.com/product-detail/chip-resistor-surface-mount_vishay-intertech-tnpw020113k0beed_C6333568.html,"Resistor 13kΩ 0.1% 50mW 0201 High Stability Thin Film Flat Chip Resistors (TNPW e3), Vishay TNPW020113K0BEED (Flight, LCSC Extended)",resistor 13kΩ 0201 vishay vishay tnpw flight general purpose,60,0.1526
R 15k 0201 0.1% Vishay TNPW,15kΩ,C1857697,Extended,TNPW020115K0BEED,Vishay,Vishay TNPW,0201,0.1%,75mW,25V,,,,,±25ppm/°C,E24,Flight,General Purpose,Device:R,Resistor_SMD:R_0201_0603Metric,https://wmsc.lcsc.com/wmsc/upload/file/pdf/v2/lcsc/2304140030_Vishay-Intertech-TNPW020115K0BEED_C1857697.pdf,https://www.lcsc.com/product-detail/chip-resistor-surface-mount_vishay-intertech-tnpw020115k0beed_C1857697.html,"Resistor 15kΩ 0.1% 75mW 0201 High Stability Thin Film Flat Chip Resistors (TNPW e3), Vishay TNPW020115K0BEED (Flight, LCSC Extended)",resistor 15kΩ 0201 vishay vishay tnpw flight general purpose,293,0.2501
R 18k 0201 0.1% Vishay TNPW,18kΩ,C4210247,Extended,TNPW020118K0BEED,Vishay,Vishay TNPW,0201,0.1%,50mW,,,,,,±25ppm/°C,E24,Flight,General Purpose,Device:R,Resistor_SMD:R_0201_0603Metric,https://wmsc.lcsc.com/wmsc/upload/file/pdf/v2/lcsc/2312131100_Vishay-Intertech-TNPW020118K0BEED_C4210247.pdf,https://www.lcsc.com/product-detail/chip-resistor-surface-mount_vishay-intertech-tnpw020118k0beed_C4210247.html,"Resistor 18kΩ 0.1% 50mW 0201 High Stability Thin Film Flat Chip Resistors (TNPW e3), Vishay TNPW020118K0BEED (Flight, LCSC Extended)",resistor 18kΩ 0201 vishay vishay tnpw flight general purpose,3,0.314
R 22k 0201 0.1% Vishay TNPW,22kΩ,C1513397,Extended,TNPW020122K0BEED,Vishay,Vishay TNPW,0201,0.1%,75mW,25V,,,,,±25ppm/°C,E24,Flight,General Purpose,Device:R,Resistor_SMD:R_0201_0603Metric,https://wmsc.lcsc.com/wmsc/upload/file/pdf/v2/lcsc/2304140030_Vishay-Intertech-TNPW020122K0BEED_C1513397.pdf,https://www.lcsc.com/product-detail/chip-resistor-surface-mount_vishay-intertech-tnpw020122k0beed_C1513397.html,"Resistor 22kΩ 0.1% 75mW 0201 High Stability Thin Film Flat Chip Resistors (TNPW e3), Vishay TNPW020122K0BEED (Flight, LCSC Extended)",resistor 22kΩ 0201 vishay vishay tnpw flight general purpose,20,0.1269
R 24k 0201 0.1% Vishay TNPW,24kΩ,C3986355,Extended,TNPW020124K0BEED,Vishay,Vishay TNPW,0201,0.1%,50mW,,,,,,±25ppm/°C,E24,Flight,General Purpose,Device:R,Resistor_SMD:R_0201_0603Metric,https://wmsc.lcsc.com/wmsc/upload/file/pdf/v2/lcsc/2312121745_Vishay-Intertech-TNPW020124K0BEED_C3986355.pdf,https://www.lcsc.com/product-detail/chip-resistor-surface-mount_vishay-intertech-tnpw020124k0beed_C3986355.html,"Resistor 24kΩ 0.1% 50mW 0201 High Stability Thin Film Flat Chip Resistors (TNPW e3), Vishay TNPW020124K0BEED (Flight, LCSC Extended)",resistor 24kΩ 0201 vishay vishay tnpw flight general purpose,466,0.3669
R 24.9k 0201 0.1% Vishay TNPW,24.9kΩ,C1870644,Extended,TNPW020124K9BEED,Vishay,Vishay TNPW,0201,0.1%,75mW,25V,,,,,±25ppm/°C,E96,Flight,General Purpose,Device:R,Resistor_SMD:R_0201_0603Metric,https://wmsc.lcsc.com/wmsc/upload/file/pdf/v2/lcsc/2304140030_Vishay-Intertech-TNPW020124K9BEED_C1870644.pdf,https://www.lcsc.com/product-detail/chip-resistor-surface-mount_vishay-intertech-tnpw020124k9beed_C1870644.html,"Resistor 24.9kΩ 0.1% 75mW 0201 High Stability Thin Film Flat Chip Resistors (TNPW e3), Vishay TNPW020124K9BEED (Flight, LCSC Extended)",resistor 24.9kΩ 0201 vishay vishay tnpw flight general purpose,162,0.2919
R 10 0402 0.5% Vishay TNPW,10Ω,C2075386,Extended,TNPW040210R0DEED,Vishay,Vishay TNPW,0402,0.5%,100mW,50V,,,,,±25ppm/°C,E24,Flight,General Purpose,Device:R,Resistor_SMD:R_0402_1005Metric,https://wmsc.lcsc.com/wmsc/upload/file/pdf/v2/lcsc/2304140030_Vishay-Intertech-TNPW040210R0DEED_C2075386.pdf,https://www.lcsc.com/product-detail/chip-resistor-surface-mount_vishay-intertech-tnpw040210r0deed_C2075386.html,"Resistor 10Ω 0.5% 100mW 0402 High Stability Thin Film Flat Chip Resistors (TNPW e3), Vishay TNPW040210R0DEED (Flight, LCSC Extended)",resistor 10Ω 0402 vishay vishay tnpw flight general purpose,6462,0.2756
R 49.9 0402 0.1% Vishay TNPW,49.9Ω,C2073524,Extended,TNPW040249R9BEED,Vishay,Vishay TNPW,0402,0.1%,100mW,50V,,,,,±25ppm/°C,E96,Flight,General Purpose,Device:R,Resistor_SMD:R_0402_1005Metric,https://wmsc.lcsc.com/wmsc/upload/file/pdf/v2/lcsc/2304140030_Vishay-Intertech-TNPW040249R9BEED_C2073524.pdf,https://www.lcsc.com/product-detail/chip-resistor-surface-mount_vishay-intertech-tnpw040249r9beed_C2073524.html,"Resistor 49.9Ω 0.1% 100mW 0402 High Stability Thin Film Flat Chip Resistors (TNPW e3), Vishay TNPW040249R9BEED (Flight, LCSC Extended)",resistor 49.9Ω 0402 vishay vishay tnpw flight general purpose,9061,0.1264
R 100 0402 0.1% Vishay TNPW,100Ω,C844260,Extended,TNPW0402100RBEED,Vishay,Vishay TNPW,0402,0.1%,63mW,,,,,,±25ppm/°C,E24,Flight,General Purpose,Device:R,Resistor_SMD:R_0402_1005Metric,https://wmsc.lcsc.com/wmsc/upload/file/pdf/v2/lcsc/2312131902_Vishay-Intertech-TNPW0402100RBEED_C844260.pdf,https://www.lcsc.com/product-detail/chip-resistor-surface-mount_vishay-intertech-tnpw0402100rbeed_C844260.html,"Resistor 100Ω 0.1% 63mW 0402 High Stability Thin Film Flat Chip Resistors (TNPW e3), Vishay TNPW0402100RBEED (Flight, LCSC Extended)",resistor 100Ω 0402 vishay vishay tnpw flight general purpose,11669,0.1025
R 150 0402 0.1% Vishay TNPW,150Ω,C2075331,Extended,TNPW0402150RBEED,Vishay,Vishay TNPW,0402,0.1%,100mW,50V,,,,,±25ppm/°C,E24,Flight,General Purpose,Device:R,Resistor_SMD:R_0402_1005Metric,https://wmsc.lcsc.com/wmsc/upload/file/pdf/v2/lcsc/2304140030_Vishay-Intertech-TNPW0402150RBEED_C2075331.pdf,https://www.lcsc.com/product-detail/chip-resistor-surface-mount_vishay-intertech-tnpw0402150rbeed_C2075331.html,"Resistor 150Ω 0.1% 100mW 0402 High Stability Thin Film Flat Chip Resistors (TNPW e3), Vishay TNPW0402150RBEED (Flight, LCSC Extended)",resistor 150Ω 0402 vishay vishay tnpw flight general purpose,28,0.4165
R 200 0402 0.1% Vishay TNPW,200Ω,C3968698,Extended,TNPW0402200RBEED,Vishay,Vishay TNPW,0402,0.1%,62.5mW,,,,,,±25ppm/°C,E24,Flight,General Purpose,Device:R,Resistor_SMD:R_0402_1005Metric,https://wmsc.lcsc.com/wmsc/upload/file/pdf/v2/lcsc/2312121735_Vishay-Intertech-TNPW0402200RBEED_C3968698.pdf,https://www.lcsc.com/product-detail/chip-resistor-surface-mount_vishay-intertech-tnpw0402200rbeed_C3968698.html,"Resistor 200Ω 0.1% 62.5mW 0402 High Stability Thin Film Flat Chip Resistors (TNPW e3), Vishay TNPW0402200RBEED (Flight, LCSC Extended)",resistor 200Ω 0402 vishay vishay tnpw flight general purpose,4351,0.1009
R 300 0402 0.1% Vishay TNPW,300Ω,C4322562,Extended,TNPW0402300RBEED,Vishay,Vishay TNPW,0402,0.1%,62.5mW,,,,,,±25ppm/°C,E24,Flight,General Purpose,Device:R,Resistor_SMD:R_0402_1005Metric,https://wmsc.lcsc.com/wmsc/upload/file/pdf/v2/lcsc/2312131152_Vishay-Intertech-TNPW0402300RBEED_C4322562.pdf,https://www.lcsc.com/product-detail/chip-resistor-surface-mount_vishay-intertech-tnpw0402300rbeed_C4322562.html,"Resistor 300Ω 0.1% 62.5mW 0402 High Stability Thin Film Flat Chip Resistors (TNPW e3), Vishay TNPW0402300RBEED (Flight, LCSC Extended)",resistor 300Ω 0402 vishay vishay tnpw flight general purpose,40,0.8101
R 330 0402 0.1% Vishay TNPW,330Ω,C3931651,Extended,TNPW0402330RBEED,Vishay,Vishay TNPW,0402,0.1%,62.5mW,,,,,,±25ppm/°C,E24,Flight,General Purpose,Device:R,Resistor_SMD:R_0402_1005Metric,https://wmsc.lcsc.com/wmsc/upload/file/pdf/v2/lcsc/2312121711_Vishay-Intertech-TNPW0402330RBEED_C3931651.pdf,https://www.lcsc.com/product-detail/chip-resistor-surface-mount_vishay-intertech-tnpw0402330rbeed_C3931651.html,"Resistor 330Ω 0.1% 62.5mW 0402 High Stability Thin Film Flat Chip Resistors (TNPW e3), Vishay TNPW0402330RBEED (Flight, LCSC Extended)",resistor 330Ω 0402 vishay vishay tnpw flight general purpose,20,0.4523
R 499 0402 0.1% Vishay TNPW,499Ω,C2093454,Extended,TNPW0402499RBEED,Vishay,Vishay TNPW,0402,0.1%,100mW,50V,,,,,±25ppm/°C,E96,Flight,General Purpose,Device:R,Resistor_SMD:R_0402_1005Metric,https://wmsc.lcsc.com/wmsc/upload/file/pdf/v2/lcsc/2304140030_Vishay-Intertech-TNPW0402499RBEED_C2093454.pdf,https://www.lcsc.com/product-detail/chip-resistor-surface-mount_vishay-intertech-tnpw0402499rbeed_C2093454.html,"Resistor 499Ω 0.1% 100mW 0402 High Stability Thin Film Flat Chip Resistors (TNPW e3), Vishay TNPW0402499RBEED (Flight, LCSC Extended)",resistor 499Ω 0402 vishay vishay tnpw flight general purpose,14,0.3791
R 825 0402 0.1% Vishay TNPW,825Ω,C1870298,Extended,TNPW0402825RBEED,Vishay,Vishay TNPW,0402,0.1%,100mW,50V,,,,,±25ppm/°C,E96,Flight,General Purpose,Device:R,Resistor_SMD:R_0402_1005Metric,https://wmsc.lcsc.com/wmsc/upload/file/pdf/v2/lcsc/2304140030_Vishay-Intertech-TNPW0402825RBEED_C1870298.pdf,https://www.lcsc.com/product-detail/chip-resistor-surface-mount_vishay-intertech-tnpw0402825rbeed_C1870298.html,"Resistor 825Ω 0.1% 100mW 0402 High Stability Thin Film Flat Chip Resistors (TNPW e3), Vishay TNPW0402825RBEED (Flight, LCSC Extended)",resistor 825Ω 0402 vishay vishay tnpw flight general purpose,290,0.4685
R 1k 0402 0.1% Vishay TNPW,1kΩ,C843869,Extended,TNPW04021K00BEED,Vishay,Vishay TNPW,0402,0.1%,100mW,,,,,,±25ppm/°C,E24,Flight,General Purpose,Device:R,Resistor_SMD:R_0402_1005Metric,https://wmsc.lcsc.com/wmsc/upload/file/pdf/v2/lcsc/2210190530_Vishay-Intertech-TNPW04021K00BEED_C843869.pdf,https://www.lcsc.com/product-detail/chip-resistor-surface-mount_vishay-intertech-tnpw04021k00beed_C843869.html,"Resistor 1kΩ 0.1% 100mW 0402 High Stability Thin Film Flat Chip Resistors (TNPW e3), Vishay TNPW04021K00BEED (Flight, LCSC Extended)",resistor 1kΩ 0402 vishay vishay tnpw flight general purpose,40475,0.0689
R 1.2k 0402 0.1% Vishay TNPW,1.2kΩ,C2075975,Extended,TNPW04021K20BEED,Vishay,Vishay TNPW,0402,0.1%,100mW,50V,,,,,±25ppm/°C,E24,Flight,General Purpose,Device:R,Resistor_SMD:R_0402_1005Metric,https://wmsc.lcsc.com/wmsc/upload/file/pdf/v2/lcsc/2304140030_Vishay-Intertech-TNPW04021K20BEED_C2075975.pdf,https://www.lcsc.com/product-detail/chip-resistor-surface-mount_vishay-intertech-tnpw04021k20beed_C2075975.html,"Resistor 1.2kΩ 0.1% 100mW 0402 High Stability Thin Film Flat Chip Resistors (TNPW e3), Vishay TNPW04021K20BEED (Flight, LCSC Extended)",resistor 1.2kΩ 0402 vishay vishay tnpw flight general purpose,350,0.4669
R 1.21k 0402 0.1% Vishay TNPW,1.21kΩ,C4215061,Extended,TNPW04021K21BEED,Vishay,Vishay TNPW,0402,0.1%,62.5mW,,,,,,±25ppm/°C,E96,Flight,General Purpose,Device:R,Resistor_SMD:R_0402_1005Metric,https://wmsc.lcsc.com/wmsc/upload/file/pdf/v2/lcsc/2312181503_Vishay-Intertech-TNPW04021K21BEED_C4215061.pdf,https://www.lcsc.com/product-detail/chip-resistor-surface-mount_vishay-intertech-tnpw04021k21beed_C4215061.html,"Resistor 1.21kΩ 0.1% 62.5mW 0402 High Stability Thin Film Flat Chip Resistors (TNPW e3), Vishay TNPW04021K21BEED (Flight, LCSC Extended)",resistor 1.21kΩ 0402 vishay vishay tnpw flight general purpose,434,0.3742
R 1.5k 0402 0.1% Vishay TNPW,1.5kΩ,C2073461,Extended,TNPW04021K50BEED,Vishay,Vishay TNPW,0402,0.1%,100mW,50V,,,,,±25ppm/°C,E24,Flight,General Purpose,Device:R,Resistor_SMD:R_0402_1005Metric,https://wmsc.lcsc.com/wmsc/upload/file/pdf/v2/lcsc/2304140030_Vishay-Intertech-TNPW04021K50BEED_C2073461.pdf,https://www.lcsc.com/product-detail/chip-resistor-surface-mount_vishay-intertech-tnpw04021k50beed_C2073461.html,"Resistor 1.5kΩ 0.1% 100mW 0402 High Stability Thin Film Flat Chip Resistors (TNPW e3), Vishay TNPW04021K50BEED (Flight, LCSC Extended)",resistor 1.5kΩ 0402 vishay vishay tnpw flight general purpose,21515,0.1077
R 1.8k 0402 0.1% Vishay TNPW,1.8kΩ,C2075305,Extended,TNPW04021K80BEED,Vishay,Vishay TNPW,0402,0.1%,100mW,50V,,,,,±25ppm/°C,E24,Flight,General Purpose,Device:R,Resistor_SMD:R_0402_1005Metric,https://wmsc.lcsc.com/wmsc/upload/file/pdf/v2/lcsc/2304140030_Vishay-Intertech-TNPW04021K80BEED_C2075305.pdf,https://www.lcsc.com/product-detail/chip-resistor-surface-mount_vishay-intertech-tnpw04021k80beed_C2075305.html,"Resistor 1.8kΩ 0.1% 100mW 0402 High Stability Thin Film Flat Chip Resistors (TNPW e3), Vishay TNPW04021K80BEED (Flight, LCSC Extended)",resistor 1.8kΩ 0402 vishay vishay tnpw flight general purpose,14,0.2375
R 2k 0402 0.1% Vishay TNPW,2kΩ,C844262,Extended,TNPW04022K00BEED,Vishay,Vishay TNPW,0402,0.1%,63mW,,,,,,±25ppm/°C,E24,Flight,General Purpose,Device:R,Resistor_SMD:R_0402_1005Metric,https://wmsc.lcsc.com/wmsc/upload/file/pdf/v2/lcsc/2302011530_Vishay-Intertech-TNPW04022K00BEED_C844262.pdf,https://www.lcsc.com/product-detail/chip-resistor-surface-mount_vishay-intertech-tnpw04022k00beed_C844262.html,"Resistor 2kΩ 0.1% 63mW 0402 High Stability Thin Film Flat Chip Resistors (TNPW e3), Vishay TNPW04022K00BEED (Flight, LCSC Extended)",resistor 2kΩ 0402 vishay vishay tnpw flight general purpose,28545,0.0571
R 2.2k 0402 0.1% Vishay TNPW,2.2kΩ,C2088575,Extended,TNPW04022K20BEED,Vishay,Vishay TNPW,0402,0.1%,100mW,50V,,,,,±25ppm/°C,E24,Flight,General Purpose,Device:R,Resistor_SMD:R_0402_1005Metric,https://wmsc.lcsc.com/wmsc/upload/file/pdf/v2/lcsc/2304140030_Vishay-Intertech-TNPW04022K20BEED_C2088575.pdf,https://www.lcsc.com/product-detail/chip-resistor-surface-mount_vishay-intertech-tnpw04022k20beed_C2088575.html,"Resistor 2.2kΩ 0.1% 100mW 0402 High Stability Thin Film Flat Chip Resistors (TNPW e3), Vishay TNPW04022K20BEED (Flight, LCSC Extended)",resistor 2.2kΩ 0402 vishay vishay tnpw flight general purpose,24,0.3857
R 2.37k 0402 0.1% Vishay TNPW,2.37kΩ,C2088777,Extended,TNPW04022K37BEED,Vishay,Vishay TNPW,0402,0.1%,100mW,50V,,,,,±25ppm/°C,E96,Flight,General Purpose,Device:R,Resistor_SMD:R_0402_1005Metric,https://wmsc.lcsc.com/wmsc/upload/file/pdf/v2/lcsc/2304140030_Vishay-Intertech-TNPW04022K37BEED_C2088777.pdf,https://www.lcsc.com/product-detail/chip-resistor-surface-mount_vishay-intertech-tnpw04022k37beed_C2088777.html,"Resistor 2.37kΩ 0.1% 100mW 0402 High Stability Thin Film Flat Chip Resistors (TNPW e3), Vishay TNPW04022K37BEED (Flight, LCSC Extended)",resistor 2.37kΩ 0402 vishay vishay tnpw flight general purpose,119,0.2959
R 2.49k 0402 0.1% Vishay TNPW,2.49kΩ,C4244736,Extended,TNPW04022K49BEED,Vishay,Vishay TNPW,0402,0.1%,62.5mW,,,,,,±25ppm/°C,E96,Flight,General Purpose,Device:R,Resistor_SMD:R_0402_1005Metric,https://wmsc.lcsc.com/wmsc/upload/file/pdf/v2/lcsc/2312131116_Vishay-Intertech-TNPW04022K49BEED_C4244736.pdf,https://www.lcsc.com/product-detail/chip-resistor-surface-mount_vishay-intertech-tnpw04022k49beed_C4244736.html,"Resistor 2.49kΩ 0.1% 62.5mW 0402 High Stability Thin Film Flat Chip Resistors (TNPW e3), Vishay TNPW04022K49BEED (Flight, LCSC Extended)",resistor 2.49kΩ 0402 vishay vishay tnpw flight general purpose,8782,0.0734
R 3k 0402 0.1% Vishay TNPW,3kΩ,C4123513,Extended,TNPW04023K00BEED,Vishay,Vishay TNPW,0402,0.1%,62.5mW,,,,,,±25ppm/°C,E24,Flight,General Purpose,Device:R,Resistor_SMD:R_0402_1005Metric,https://wmsc.lcsc.com/wmsc/upload/file/pdf/v2/lcsc/2312131018_Vishay-Intertech-TNPW04023K00BEED_C4123513.pdf,https://www.lcsc.com/product-detail/chip-resistor-surface-mount_vishay-intertech-tnpw04023k00beed_C4123513.html,"Resistor 3kΩ 0.1% 62.5mW 0402 High Stability Thin Film Flat Chip Resistors (TNPW e3), Vishay TNPW04023K00BEED (Flight, LCSC Extended)",resistor 3kΩ 0402 vishay vishay tnpw flight general purpose,9672,0.0968
R 3.09k 0402 0.1% Vishay TNPW,3.09kΩ,C1703453,Extended,TNPW04023K09BEEP,Vishay,Vishay TNPW,0402,0.1%,100mW,50V,,,,,±25ppm/°C,E96,Flight,General Purpose,Device:R,Resistor_SMD:R_0402_1005Metric,https://wmsc.lcsc.com/wmsc/upload/file/pdf/v2/lcsc/2304140030_Vishay-Intertech-TNPW04023K09BEEP_C1703453.pdf,https://www.lcsc.com/product-detail/chip-resistor-surface-mount_vishay-intertech-tnpw04023k09beep_C1703453.html,"Resistor 3.09kΩ 0.1% 100mW 0402 High Stability Thin Film Flat Chip Resistors (TNPW e3), Vishay TNPW04023K09BEEP (Flight, LCSC Extended)",resistor 3.09kΩ 0402 vishay vishay tnpw flight general purpose,335,0.3953
R 3.3k 0402 0.1% Vishay TNPW,3.3kΩ,C2088580,Extended,TNPW04023K30BEED,Vishay,Vishay TNPW,0402,0.1%,100mW,50V,,,,,±25ppm/°C,E24,Flight,General Purpose,Device:R,Resistor_SMD:R_0402_1005Metric,https://wmsc.lcsc.com/wmsc/upload/file/pdf/v2/lcsc/2304140030_Vishay-Intertech-TNPW04023K30BEED_C2088580.pdf,https://www.lcsc.com/product-detail/chip-resistor-surface-mount_vishay-intertech-tnpw04023k30beed_C2088580.html,"Resistor 3.3kΩ 0.1% 100mW 0402 High Stability Thin Film Flat Chip Resistors (TNPW e3), Vishay TNPW04023K30BEED (Flight, LCSC Extended)",resistor 3.3kΩ 0402 vishay vishay tnpw flight general purpose,69,0.2554
R 4.02k 0402 0.1% Vishay TNPW,4.02kΩ,C4171973,Extended,TNPW04024K02BEED,Vishay,Vishay TNPW,0402,0.1%,62.5mW,,,,,,±25ppm/°C,E96,Flight,General Purpose,Device:R,Resistor_SMD:R_0402_1005Metric,https://wmsc.lcsc.com/wmsc/upload/file/pdf/v2/lcsc/2312131041_Vishay-Intertech-TNPW04024K02BEED_C4171973.pdf,https://www.lcsc.com/product-detail/chip-resistor-surface-mount_vishay-intertech-tnpw04024k02beed_C4171973.html,"Resistor 4.02kΩ 0.1% 62.5mW 0402 High Stability Thin Film Flat Chip Resistors (TNPW e3), Vishay TNPW04024K02BEED (Flight, LCSC Extended)",resistor 4.02kΩ 0402 vishay vishay tnpw flight general purpose,4793,0.184
R 4.7k 0402 0.1% Vishay TNPW,4.7kΩ,C2088670,Extended,TNPW04024K70BEED,Vishay,Vishay TNPW,0402,0.1%,100mW,50V,,,,,±25ppm/°C,E24,Flight,General Purpose,Device:R,Resistor_SMD:R_0402_1005Metric,https://wmsc.lcsc.com/wmsc/upload/file/pdf/v2/lcsc/2304140030_Vishay-Intertech-TNPW04024K70BEED_C2088670.pdf,https://www.lcsc.com/product-detail/chip-resistor-surface-mount_vishay-intertech-tnpw04024k70beed_C2088670.html,"Resistor 4.7kΩ 0.1% 100mW 0402 High Stability Thin Film Flat Chip Resistors (TNPW e3), Vishay TNPW04024K70BEED (Flight, LCSC Extended)",resistor 4.7kΩ 0402 vishay vishay tnpw flight general purpose,3353,0.104
R 4.99k 0402 0.1% Vishay TNPW,4.99kΩ,C844263,Extended,TNPW04024K99BEED,Vishay,Vishay TNPW,0402,0.1%,100mW,,,,,,±25ppm/°C,E96,Flight,General Purpose,Device:R,Resistor_SMD:R_0402_1005Metric,https://wmsc.lcsc.com/wmsc/upload/file/pdf/v2/lcsc/2210190530_Vishay-Intertech-TNPW04024K99BEED_C844263.pdf,https://www.lcsc.com/product-detail/chip-resistor-surface-mount_vishay-intertech-tnpw04024k99beed_C844263.html,"Resistor 4.99kΩ 0.1% 100mW 0402 High Stability Thin Film Flat Chip Resistors (TNPW e3), Vishay TNPW04024K99BEED (Flight, LCSC Extended)",resistor 4.99kΩ 0402 vishay vishay tnpw flight general purpose,4847,0.1038
R 5.1k 0402 0.1% Vishay TNPW,5.1kΩ,C2088796,Extended,TNPW04025K10BEED,Vishay,Vishay TNPW,0402,0.1%,100mW,50V,,,,,±25ppm/°C,E24,Flight,General Purpose,Device:R,Resistor_SMD:R_0402_1005Metric,https://wmsc.lcsc.com/wmsc/upload/file/pdf/v2/lcsc/2304140030_Vishay-Intertech-TNPW04025K10BEED_C2088796.pdf,https://www.lcsc.com/product-detail/chip-resistor-surface-mount_vishay-intertech-tnpw04025k10beed_C2088796.html,"Resistor 5.1kΩ 0.1% 100mW 0402 High Stability Thin Film Flat Chip Resistors (TNPW e3), Vishay TNPW04025K10BEED (Flight, LCSC Extended)",resistor 5.1kΩ 0402 vishay vishay tnpw flight general purpose,10448,0.1432
R 5.9k 0402 0.1% Vishay TNPW,5.9kΩ,C2075395,Extended,TNPW04025K90BEED,Vishay,Vishay TNPW,0402,0.1%,100mW,50V,,,,,±25ppm/°C,E96,Flight,General Purpose,Device:R,Resistor_SMD:R_0402_1005Metric,https://wmsc.lcsc.com/wmsc/upload/file/pdf/v2/lcsc/2304140030_Vishay-Intertech-TNPW04025K90BEED_C2075395.pdf,https://www.lcsc.com/product-detail/chip-resistor-surface-mount_vishay-intertech-tnpw04025k90beed_C2075395.html,"Resistor 5.9kΩ 0.1% 100mW 0402 High Stability Thin Film Flat Chip Resistors (TNPW e3), Vishay TNPW04025K90BEED (Flight, LCSC Extended)",resistor 5.9kΩ 0402 vishay vishay tnpw flight general purpose,7951,0.0894
R 8.06k 0402 0.1% Vishay TNPW,8.06kΩ,C2088492,Extended,TNPW04028K06BEED,Vishay,Vishay TNPW,0402,0.1%,100mW,50V,,,,,±25ppm/°C,E96,Flight,General Purpose,Device:R,Resistor_SMD:R_0402_1005Metric,https://wmsc.lcsc.com/wmsc/upload/file/pdf/v2/lcsc/2304140030_Vishay-Intertech-TNPW04028K06BEED_C2088492.pdf,https://www.lcsc.com/product-detail/chip-resistor-surface-mount_vishay-intertech-tnpw04028k06beed_C2088492.html,"Resistor 8.06kΩ 0.1% 100mW 0402 High Stability Thin Film Flat Chip Resistors (TNPW e3), Vishay TNPW04028K06BEED (Flight, LCSC Extended)",resistor 8.06kΩ 0402 vishay vishay tnpw flight general purpose,430,0.3433
R 8.2k 0402 0.1% Vishay TNPW,8.2kΩ,C2088656,Extended,TNPW04028K20BEED,Vishay,Vishay TNPW,0402,0.1%,100mW,50V,,,,,±25ppm/°C,E24,Flight,General Purpose,Device:R,Resistor_SMD:R_0402_1005Metric,https://wmsc.lcsc.com/wmsc/upload/file/pdf/v2/lcsc/2304140030_Vishay-Intertech-TNPW04028K20BEED_C2088656.pdf,https://www.lcsc.com/product-detail/chip-resistor-surface-mount_vishay-intertech-tnpw04028k20beed_C2088656.html,"Resistor 8.2kΩ 0.1% 100mW 0402 High Stability Thin Film Flat Chip Resistors (TNPW e3), Vishay TNPW04028K20BEED (Flight, LCSC Extended)",resistor 8.2kΩ 0402 vishay vishay tnpw flight general purpose,21684,0.0868
R 10k 0402 0.1% Vishay TNPW,10kΩ,C844452,Extended,TNPW040210K0BEED,Vishay,Vishay TNPW,0402,0.1%,100mW,,,,,,±25ppm/°C,E24,Flight,General Purpose,Device:R,Resistor_SMD:R_0402_1005Metric,https://wmsc.lcsc.com/wmsc/upload/file/pdf/v2/lcsc/2210190530_Vishay-Intertech-TNPW040210K0BEED_C844452.pdf,https://www.lcsc.com/product-detail/chip-resistor-surface-mount_vishay-intertech-tnpw040210k0beed_C844452.html,"Resistor 10kΩ 0.1% 100mW 0402 High Stability Thin Film Flat Chip Resistors (TNPW e3), Vishay TNPW040210K0BEED (Flight, LCSC Extended)",resistor 10kΩ 0402 vishay vishay tnpw flight general purpose,104043,0.0741
R 10.2k 0402 0.1% Vishay TNPW,10.2kΩ,C2093459,Extended,TNPW040210K2BEED,Vishay,Vishay TNPW,0402,0.1%,100mW,50V,,,,,±25ppm/°C,E96,Flight,General Purpose,Device:R,Resistor_SMD:R_0402_1005Metric,https://wmsc.lcsc.com/wmsc/upload/file/pdf/v2/lcsc/2304140030_Vishay-Intertech-TNPW040210K2BEED_C2093459.pdf,https://www.lcsc.com/product-detail/chip-resistor-surface-mount_vishay-intertech-tnpw040210k2beed_C2093459.html,"Resistor 10.2kΩ 0.1% 100mW 0402 High Stability Thin Film Flat Chip Resistors (TNPW e3), Vishay TNPW040210K2BEED (Flight, LCSC Extended)",resistor 10.2kΩ 0402 vishay vishay tnpw flight general purpose,53,0.423
R 11k 0402 0.1% Vishay TNPW,11kΩ,C2075276,Extended,TNPW040211K0BEED,Vishay,Vishay TNPW,0402,0.1%,100mW,50V,,,,,±25ppm/°C,E24,Flight,General Purpose,Device:R,Resistor_SMD:R_0402_1005Metric,https://wmsc.lcsc.com/wmsc/upload/file/pdf/v2/lcsc/2304140030_Vishay-Intertech-TNPW040211K0BEED_C2075276.pdf,https://www.lcsc.com/product-detail/chip-resistor-surface-mount_vishay-intertech-tnpw040211k0beed_C2075276.html,"Resistor 11kΩ 0.1% 100mW 0402 High Stability Thin Film Flat Chip Resistors (TNPW e3), Vishay TNPW040211K0BEED (Flight, LCSC Extended)",resistor 11kΩ 0402 vishay vishay tnpw flight general purpose,3,0.2008
R 11.5k 0402 0.1% Vishay TNPW,11.5kΩ,C2075918,Extended,TNPW040211K5BEED,Vishay,Vishay TNPW,0402,0.1%,100mW,50V,,,,,±25ppm/°C,E96,Flight,General Purpose,Device:R,Resistor_SMD:R_0402_1005Metric,https://wmsc.lcsc.com/wmsc/upload/file/pdf/v2/lcsc/2304140030_Vishay-Intertech-TNPW040211K5BEED_C2075918.pdf,https://www.lcsc.com/product-detail/chip-resistor-surface-mount_vishay-intertech-tnpw040211k5beed_C2075918.html,"Resistor 11.5kΩ 0.1% 100mW 0402 High Stability Thin Film Flat Chip Resistors (TNPW e3), Vishay TNPW040211K5BEED (Flight, LCSC Extended)",resistor 11.5kΩ 0402 vishay vishay tnpw flight general purpose,16,0.3791
R 12k 0402 0.1% Vishay TNPW,12kΩ,C2073543,Extended,TNPW040212K0BEED,Vishay,Vishay TNPW,0402,0.1%,100mW,50V,,,,,±25ppm/°C,E24,Flight,General Purpose,Device:R,Resistor_SMD:R_0402_1005Metric,https://wmsc.lcsc.com/wmsc/upload/file/pdf/v2/lcsc/2304140030_Vishay-Intertech-TNPW040212K0BEED_C2073543.pdf,https://www.lcsc.com/product-detail/chip-resistor-surface-mount_vishay-intertech-tnpw040212k0beed_C2073543.html,"Resistor 12kΩ 0.1% 100mW 0402 High Stability Thin Film Flat Chip Resistors (TNPW e3), Vishay TNPW040212K0BEED (Flight, LCSC Extended)",resistor 12kΩ 0402 vishay vishay tnpw flight general purpose,10,0.199
R 12.1k 0402 0.1% Vishay TNPW,12.1kΩ,C2075321,Extended,TNPW040212K1BEED,Vishay,Vishay TNPW,0402,0.1%,100mW,50V,,,,,±25ppm/°C,E96,Flight,General Purpose,Device:R,Resistor_SMD:R_0402_1005Metric,https://wmsc.lcsc.com/wmsc/upload/file/pdf/v2/lcsc/2304140030_Vishay-Intertech-TNPW040212K1BEED_C2075321.pdf,https://www.lcsc.com/product-detail/chip-resistor-surface-mount_vishay-intertech-tnpw040212k1beed_C2075321.html,"Resistor 12.1kΩ 0.1% 100mW 0402 High Stability Thin Film Flat Chip Resistors (TNPW e3), Vishay TNPW040212K1BEED (Flight, LCSC Extended)",resistor 12.1kΩ 0402 vishay vishay tnpw flight general purpose,461,0.2424
R 12.4k 0402 0.1% Vishay TNPW,12.4kΩ,C4034475,Extended,TNPW040212K4BEED,Vishay,Vishay TNPW,0402,0.1%,62.5mW,,,,,,±25ppm/°C,E96,Flight,General Purpose,Device:R,Resistor_SMD:R_0402_1005Metric,https://wmsc.lcsc.com/wmsc/upload/file/pdf/v2/lcsc/2312130931_Vishay-Intertech-TNPW040212K4BEED_C4034475.pdf,https://www.lcsc.com/product-detail/chip-resistor-surface-mount_vishay-intertech-tnpw040212k4beed_C4034475.html,"Resistor 12.4kΩ 0.1% 62.5mW 0402 High Stability Thin Film Flat Chip Resistors (TNPW e3), Vishay TNPW040212K4BEED (Flight, LCSC Extended)",resistor 12.4kΩ 0402 vishay vishay tnpw flight general purpose,40,0.4555
R 13k 0402 0.1% Vishay TNPW,13kΩ,C2088770,Extended,TNPW040213K0BEED,Vishay,Vishay TNPW,0402,0.1%,100mW,50V,,,,,±25ppm/°C,E24,Flight,General Purpose,Device:R,Resistor_SMD:R_0402_1005Metric,https://wmsc.lcsc.com/wmsc/upload/file/pdf/v2/lcsc/2304140030_Vishay-Intertech-TNPW040213K0BEED_C2088770.pdf,https://www.lcsc.com/product-detail/chip-resistor-surface-mount_vishay-intertech-tnpw040213k0beed_C2088770.html,"Resistor 13kΩ 0.1% 100mW 0402 High Stability Thin Film Flat Chip Resistors (TNPW e3), Vishay TNPW040213K0BEED (Flight, LCSC Extended)",resistor 13kΩ 0402 vishay vishay tnpw flight general purpose,50,0.3687
R 13.3k 0402 0.1% Vishay TNPW,13.3kΩ,C2075267,Extended,TNPW040213K3BEED,Vishay,Vishay TNPW,0402,0.1%,100mW,50V,,,,,±25ppm/°C,E96,Flight,General Purpose,Device:R,Resistor_SMD:R_0402_1005Metric,https://wmsc.lcsc.com/wmsc/upload/file/pdf/v2/lcsc/2304140030_Vishay-Intertech-TNPW040213K3BEED_C2075267.pdf,https://www.lcsc.com/product-detail/chip-resistor-surface-mount_vishay-intertech-tnpw040213k3beed_C2075267.html,"Resistor 13.3kΩ 0.1% 100mW 0402 High Stability Thin Film Flat Chip Resistors (TNPW e3), Vishay TNPW040213K3BEED (Flight, LCSC Extended)",resistor 13.3kΩ 0402 vishay vishay tnpw flight general purpose,41,0.383
R 15k 0402 0.1% Vishay TNPW,15kΩ,C844453,Extended,TNPW040215K0BEED,Vishay,Vishay TNPW,0402,0.1%,63mW,,,,,,±25ppm/°C,E24,Flight,General Purpose,Device:R,Resistor_SMD:R_0402_1005Metric,https://www.vishay.com/docs/28758/tnpw_e3.pdf,https://www.lcsc.com/product-detail/chip resistor - surface mount_vishay intertech_tnpw040215k0beed_C844453.html,"Resistor 15kΩ 0.1% 63mW 0402 High Stability Thin Film Flat Chip Resistors (TNPW e3), Vishay TNPW040215K0BEED (Flight, LCSC Extended)",resistor 15kΩ 0402 vishay vishay tnpw flight general purpose,113,0.4051
R 16k 0402 0.1% Vishay TNPW,16kΩ,C3008960,Extended,TNPW040216K0BEED,Vishay,Vishay TNPW,0402,0.1%,63mW,,,,,,±25ppm/°C,E24,Flight,General Purpose,Device:R,Resistor_SMD:R_0402_1005Metric,https://wmsc.lcsc.com/wmsc/upload/file/pdf/v2/lcsc/2312110924_Vishay-Intertech-TNPW040216K0BEED_C3008960.pdf,https://www.lcsc.com/product-detail/chip-resistor-surface-mount_vishay-intertech-tnpw040216k0beed_C3008960.html,"Resistor 16kΩ 0.1% 63mW 0402 High Stability Thin Film Flat Chip Resistors (TNPW e3), Vishay TNPW040216K0BEED (Flight, LCSC Extended)",resistor 16kΩ 0402 vishay vishay tnpw flight general purpose,3,0.1887
R 18k 0402 0.1% Vishay TNPW,18kΩ,C2092666,Extended,TNPW040218K0BEED,Vishay,Vishay TNPW,0402,0.1%,100mW,50V,,,,,±25ppm/°C,E24,Flight,General Purpose,Device:R,Resistor_SMD:R_0402_1005Metric,https://wmsc.lcsc.com/wmsc/upload/file/pdf/v2/lcsc/2304140030_Vishay-Intertech-TNPW040218K0BEED_C2092666.pdf,https://www.lcsc.com/product-detail/chip-resistor-surface-mount_vishay-intertech-tnpw040218k0beed_C2092666.html,"Resistor 18kΩ 0.1% 100mW 0402 High Stability Thin Film Flat Chip Resistors (TNPW e3), Vishay TNPW040218K0BEED (Flight, LCSC Extended)",resistor 18kΩ 0402 vishay vishay tnpw flight general purpose,6583,0.0957
R 20k 0402 0.1% Vishay TNPW,20kΩ,C844261,Extended,TNPW040220K0BEED,Vishay,Vishay TNPW,0402,0.1%,100mW,,,,,,±25ppm/°C,E24,Flight,General Purpose,Device:R,Resistor_SMD:R_0402_1005Metric,https://wmsc.lcsc.com/wmsc/upload/file/pdf/v2/lcsc/2210190530_Vishay-Intertech-TNPW040220K0BEED_C844261.pdf,https://www.lcsc.com/product-detail/chip-resistor-surface-mount_vishay-intertech-tnpw040220k0beed_C844261.html,"Resistor 20kΩ 0.1% 100mW 0402 High Stability Thin Film Flat Chip Resistors (TNPW e3), Vishay TNPW040220K0BEED (Flight, LCSC Extended)",resistor 20kΩ 0402 vishay vishay tnpw flight general purpose,23914,0.0929
R 22k 0402 0.1% Vishay TNPW,22kΩ,C2088832,Extended,TNPW040222K0BEED,Vishay,Vishay TNPW,0402,0.1%,100mW,50V,,,,,±25ppm/°C,E24,Flight,General Purpose,Device:R,Resistor_SMD:R_0402_1005Metric,https://wmsc.lcsc.com/wmsc/upload/file/pdf/v2/lcsc/2304140030_Vishay-Intertech-TNPW040222K0BEED_C2088832.pdf,https://www.lcsc.com/product-detail/chip-resistor-surface-mount_vishay-intertech-tnpw040222k0beed_C2088832.html,"Resistor 22kΩ 0.1% 100mW 0402 High Stability Thin Film Flat Chip Resistors (TNPW e3), Vishay TNPW040222K0BEED (Flight, LCSC Extended)",resistor 22kΩ 0402 vishay vishay tnpw flight general purpose,8576,0.1225
R 22.1k 0402 0.1% Vishay TNPW,22.1kΩ,C2073473,Extended,TNPW040222K1BEED,Vishay,Vishay TNPW,0402,0.1%,100mW,50V,,,,,±25ppm/°C,E96,Flight,General Purpose,Device:R,Resistor_SMD:R_0402_1005Metric,https://datasheet.lcsc.com/lcsc/2304140030_Vishay-Intertech-TNPW040222K1BEED_C2073473.pdf,https://www.lcsc.com/product-detail/chip resistor - surface mount_vishay intertech_tnpw040222k1beed_C2073473.html,"Resistor 22.1kΩ 0.1% 100mW 0402 High Stability Thin Film Flat Chip Resistors (TNPW e3), Vishay TNPW040222K1BEED (Flight, LCSC Extended)",resistor 22.1kΩ 0402 vishay vishay tnpw flight general purpose,2203,0.0856
R 24k 0402 0.1% Vishay TNPW,24kΩ,C3009184,Extended,TNPW040224K0BEED,Vishay,Vishay TNPW,0402,0.1%,63mW,,,,,,±25ppm/°C,E24,Flight,General Purpose,Device:R,Resistor_SMD:R_0402_1005Metric,https://wmsc.lcsc.com/wmsc/upload/file/pdf/v2/lcsc/2312110925_Vishay-Intertech-TNPW040224K0BEED_C3009184.pdf,https://www.lcsc.com/product-detail/chip-resistor-surface-mount_vishay-intertech-tnpw040224k0beed_C3009184.html,"Resistor 24kΩ 0.1% 63mW 0402 High Stability Thin Film Flat Chip Resistors (TNPW e3), Vishay TNPW040224K0BEED (Flight, LCSC Extended)",resistor 24kΩ 0402 vishay vishay tnpw flight general purpose,2681,0.0907
R 24.9k 0402 0.1% Vishay TNPW,24.9kΩ,C2075982,Extended,TNPW040224K9BEED,Vishay,Vishay TNPW,0402,0.1%,100mW,50V,,,,,±25ppm/°C,E96,Flight,General Purpose,Device:R,Resistor_SMD:R_0402_1005Metric,https://wmsc.lcsc.com/wmsc/upload/file/pdf/v2/lcsc/2304140030_Vishay-Intertech-TNPW040224K9BEED_C2075982.pdf,https://www.lcsc.com/product-detail/chip-resistor-surface-mount_vishay-intertech-tnpw040224k9beed_C2075982.html,"Resistor 24.9kΩ 0.1% 100mW 0402 High Stability Thin Film Flat Chip Resistors (TNPW e3), Vishay TNPW040224K9BEED (Flight, LCSC Extended)",resistor 24.9kΩ 0402 vishay vishay tnpw flight general purpose,7478,0.1967
R 28k 0402 0.1% Vishay TNPW,28kΩ,C2095523,Extended,TNPW040228K0BEED,Vishay,Vishay TNPW,0402,0.1%,100mW,50V,,,,,±25ppm/°C,E96,Flight,General Purpose,Device:R,Resistor_SMD:R_0402_1005Metric,https://wmsc.lcsc.com/wmsc/upload/file/pdf/v2/lcsc/2304140030_Vishay-Intertech-TNPW040228K0BEED_C2095523.pdf,https://www.lcsc.com/product-detail/chip-resistor-surface-mount_vishay-intertech-tnpw040228k0beed_C2095523.html,"Resistor 28kΩ 0.1% 100mW 0402 High Stability Thin Film Flat Chip Resistors (TNPW e3), Vishay TNPW040228K0BEED (Flight, LCSC Extended)",resistor 28kΩ 0402 vishay vishay tnpw flight general purpose,2,0.3872
R 30k 0402 0.1% Vishay TNPW,30kΩ,C2088515,Extended,TNPW040230K0BEED,Vishay,Vishay TNPW,0402,0.1%,63mW,50V,,,,,±25ppm/°C,E24,Flight,General Purpose,Device:R,Resistor_SMD:R_0402_1005Metric,https://wmsc.lcsc.com/wmsc/upload/file/pdf/v2/lcsc/2304140030_Vishay-Intertech-TNPW040230K0BEED_C2088515.pdf,https://www.lcsc.com/product-detail/chip-resistor-surface-mount_vishay-intertech-tnpw040230k0beed_C2088515.html,"Resistor 30kΩ 0.1% 63mW 0402 High Stability Thin Film Flat Chip Resistors (TNPW e3), Vishay TNPW040230K0BEED (Flight, LCSC Extended)",resistor 30kΩ 0402 vishay vishay tnpw flight general purpose,6003,0.0881
R 30.1k 0402 0.1% Vishay TNPW,30.1kΩ,C2073531,Extended,TNPW040230K1BEED,Vishay,Vishay TNPW,0402,0.1%,100mW,50V,,,,,±25ppm/°C,E96,Flight,General Purpose,Device:R,Resistor_SMD:R_0402_1005Metric,https://datasheet.lcsc.com/lcsc/2304140030_Vishay-Intertech-TNPW040230K1BEED_C2073531.pdf,https://www.lcsc.com/product-detail/chip resistor - surface mount_vishay intertech_tnpw040230k1beed_C2073531.html,"Resistor 30.1kΩ 0.1% 100mW 0402 High Stability Thin Film Flat Chip Resistors (TNPW e3), Vishay TNPW040230K1BEED (Flight, LCSC Extended)",resistor 30.1kΩ 0402 vishay vishay tnpw flight general purpose,102,0.2554
R 32.4k 0402 0.1% Vishay TNPW,32.4kΩ,C4060574,Extended,TNPW040232K4BEED,Vishay,Vishay TNPW,0402,0.1%,62.5mW,,,,,,±25ppm/°C,E96,Flight,General Purpose,Device:R,Resistor_SMD:R_0402_1005Metric,https://wmsc.lcsc.com/wmsc/upload/file/pdf/v2/lcsc/2312130945_Vishay-Intertech-TNPW040232K4BEED_C4060574.pdf,https://www.lcsc.com/product-detail/chip-resistor-surface-mount_vishay-intertech-tnpw040232k4beed_C4060574.html,"Resistor 32.4kΩ 0.1% 62.5mW 0402 High Stability Thin Film Flat Chip Resistors (TNPW e3), Vishay TNPW040232K4BEED (Flight, LCSC Extended)",resistor 32.4kΩ 0402 vishay vishay tnpw flight general purpose,25,0.2636
R 33k 0402 0.1% Vishay TNPW,33kΩ,C6333570,Extended,TNPW040233K0BEED,Vishay,Vishay TNPW,0402,0.1%,63mW,,,,,,±25ppm/°C,E24,Flight,General Purpose,Device:R,Resistor_SMD:R_0402_1005Metric,https://wmsc.lcsc.com/wmsc/upload/file/pdf/v2/lcsc/2312131710_Vishay-Intertech-TNPW040233K0BEED_C6333570.pdf,https://www.lcsc.com/product-detail/chip-resistor-surface-mount_vishay-intertech-tnpw040233k0beed_C6333570.html,"Resistor 33kΩ 0.1% 63mW 0402 High Stability Thin Film Flat Chip Resistors (TNPW e3), Vishay TNPW040233K0BEED (Flight, LCSC Extended)",resistor 33kΩ 0402 vishay vishay tnpw flight general purpose,9408,0.1103
R 40.2k 0402 0.1% Vishay TNPW,40.2kΩ,C2088750,Extended,TNPW040240K2BEED,Vishay,Vishay TNPW,0402,0.1%,100mW,50V,,,,,±25ppm/°C,E96,Flight,General Purpose,Device:R,Resistor_SMD:R_0402_1005Metric,https://datasheet.lcsc.com/lcsc/2304140030_Vishay-Intertech-TNPW040240K2BEED_C2088750.pdf,https://www.lcsc.com/product-detail/chip resistor - surface mount_vishay intertech_tnpw040240k2beed_C2088750.html,"Resistor 40.2kΩ 0.1% 100mW 0402 High Stability Thin Film Flat Chip Resistors (TNPW e3), Vishay TNPW040240K2BEED (Flight, LCSC Extended)",resistor 40.2kΩ 0402 vishay vishay tnpw flight general purpose,11412,0.1016
R 42.2k 0402 0.1% Vishay TNPW,42.2kΩ,C2093255,Extended,TNPW040242K2BEED,Vishay,Vishay TNPW,0402,0.1%,100mW,50V,,,,,±25ppm/°C,E96,Flight,General Purpose,Device:R,Resistor_SMD:R_0402_1005Metric,https://www.lcsc.com/datasheet/lcsc_datasheet_2410121903_Vishay-Intertech-TNPW040242K2BEED_C2093255.pdf,https://www.lcsc.com/product-detail/chip-resistor-surface-mount_vishay-intertech-tnpw040242k2beed_C2093255.html,"Resistor 42.2kΩ 0.1% 100mW 0402 High Stability Thin Film Flat Chip Resistors (TNPW e3), Vishay TNPW040242K2BEED (Flight, LCSC Extended)",resistor 42.2kΩ 0402 vishay vishay tnpw flight general purpose,8079,0.1289
R 44.2k 0402 0.1% Vishay TNPW,44.2kΩ,C2089508,Extended,TNPW040244K2BEED,Vishay,Vishay TNPW,0402,0.1%,100mW,50V,,,,,±25ppm/°C,E96,Flight,General Purpose,Device:R,Resistor_SMD:R_0402_1005Metric,https://wmsc.lcsc.com/wmsc/upload/file/pdf/v2/lcsc/2304140030_Vishay-Intertech-TNPW040244K2BEED_C2089508.pdf,https://www.lcsc.com/product-detail/chip-resistor-surface-mount_vishay-intertech-tnpw040244k2beed_C2089508.html,"Resistor 44.2kΩ 0.1% 100mW 0402 High Stability Thin Film Flat Chip Resistors (TNPW e3), Vishay TNPW040244K2BEED (Flight, LCSC Extended)",resistor 44.2kΩ 0402 vishay vishay tnpw flight general purpose,50,0.1959
R 49.9k 0402 0.1% Vishay TNPW,49.9kΩ,C2073510,Extended,TNPW040249K9BEED,Vishay,Vishay TNPW,0402,0.1%,100mW,50V,,,,,±25ppm/°C,E96,Flight,General Purpose,Device:R,Resistor_SMD:R_0402_1005Metric,https://wmsc.lcsc.com/wmsc/upload/file/pdf/v2/lcsc/2304140030_Vishay-Intertech-TNPW040249K9BEED_C2073510.pdf,https://www.lcsc.com/product-detail/chip-resistor-surface-mount_vishay-intertech-tnpw040249k9beed_C2073510.html,"Resistor 49.9kΩ 0.1% 100mW 0402 High Stability Thin Film Flat Chip Resistors (TNPW e3), Vishay TNPW040249K9BEED (Flight, LCSC Extended)",resistor 49.9kΩ 0402 vishay vishay tnpw flight general purpose,1,0.1959
R 51k 0402 0.1% Vishay TNPW,51kΩ,C3986140,Extended,TNPW040251K0BEED,Vishay,Vishay TNPW,0402,0.1%,62.5mW,,,,,,±25ppm/°C,E24,Flight,General Purpose,Device:R,Resistor_SMD:R_0402_1005Metric,https://wmsc.lcsc.com/wmsc/upload/file/pdf/v2/lcsc/2312121745_Vishay-Intertech-TNPW040251K0BEED_C3986140.pdf,https://www.lcsc.com/product-detail/chip-resistor-surface-mount_vishay-intertech-tnpw040251k0beed_C3986140.html,"Resistor 51kΩ 0.1% 62.5mW 0402 High Stability Thin Film Flat Chip Resistors (TNPW e3), Vishay TNPW040251K0BEED (Flight, LCSC Extended)",resistor 51kΩ 0402 vishay vishay tnpw flight general purpose,10411,0.1033
R 56.2k 0402 0.1% Vishay TNPW,56.2kΩ,C4081569,Extended,TNPW040256K2BEED,Vishay,Vishay TNPW,0402,0.1%,62.5mW,,,,,,±25ppm/°C,E96,Flight,General Purpose,Device:R,Resistor_SMD:R_0402_1005Metric,https://wmsc.lcsc.com/wmsc/upload/file/pdf/v2/lcsc/2312130956_Vishay-Intertech-TNPW040256K2BEED_C4081569.pdf,https://www.lcsc.com/product-detail/chip-resistor-surface-mount_vishay-intertech-tnpw040256k2beed_C4081569.html,"Resistor 56.2kΩ 0.1% 62.5mW 0402 High Stability Thin Film Flat Chip Resistors (TNPW e3), Vishay TNPW040256K2BEED (Flight, LCSC Extended)",resistor 56.2kΩ 0402 vishay vishay tnpw flight general purpose,5779,0.0986
R 60.4k 0402 0.1% Vishay TNPW,60.4kΩ,C2088752,Extended,TNPW040260K4BEED,Vishay,Vishay TNPW,0402,0.1%,100mW,50V,,,,,±25ppm/°C,E96,Flight,General Purpose,Device:R,Resistor_SMD:R_0402_1005Metric,https://wmsc.lcsc.com/wmsc/upload/file/pdf/v2/lcsc/2304140030_Vishay-Intertech-TNPW040260K4BEED_C2088752.pdf,https://www.lcsc.com/product-detail/chip-resistor-surface-mount_vishay-intertech-tnpw040260k4beed_C2088752.html,"Resistor 60.4kΩ 0.1% 100mW 0402 High Stability Thin Film Flat Chip Resistors (TNPW e3), Vishay TNPW040260K4BEED (Flight, LCSC Extended)",resistor 60.4kΩ 0402 vishay vishay tnpw flight general purpose,50,0.7483
R 75k 0402 0.1% Vishay TNPW,75kΩ,C2088666,Extended,TNPW040275K0BEED,Vishay,Vishay TNPW,0402,0.1%,100mW,50V,,,,,±25ppm/°C,E24,Flight,General Purpose,Device:R,Resistor_SMD:R_0402_1005Metric,https://wmsc.lcsc.com/wmsc/upload/file/pdf/v2/lcsc/2304140030_Vishay-Intertech-TNPW040275K0BEED_C2088666.pdf,https://www.lcsc.com/product-detail/chip-resistor-surface-mount_vishay-intertech-tnpw040275k0beed_C2088666.html,"Resistor 75kΩ 0.1% 100mW 0402 High Stability Thin Film Flat Chip Resistors (TNPW e3), Vishay TNPW040275K0BEED (Flight, LCSC Extended)",resistor 75kΩ 0402 vishay vishay tnpw flight general purpose,14,0.1957
R 90.9k 0402 0.1% Vishay TNPW,90.9kΩ,C2088544,Extended,TNPW040290K9BEED,Vishay,Vishay TNPW,0402,0.1%,100mW,50V,,,,,±25ppm/°C,E96,Flight,General Purpose,Device:R,Resistor_SMD:R_0402_1005Metric,https://wmsc.lcsc.com/wmsc/upload/file/pdf/v2/lcsc/2304140030_Vishay-Intertech-TNPW040290K9BEED_C2088544.pdf,https://www.lcsc.com/product-detail/chip-resistor-surface-mount_vishay-intertech-tnpw040290k9beed_C2088544.html,"Resistor 90.9kΩ 0.1% 100mW 0402 High Stability Thin Film Flat Chip Resistors (TNPW e3), Vishay TNPW040290K9BEED (Flight, LCSC Extended)",resistor 90.9kΩ 0402 vishay vishay tnpw flight general purpose,2,0.2117
R 93.1k 0402 0.1% Vishay TNPW,93.1kΩ,C2088785,Extended,TNPW040293K1BEED,Vishay,Vishay TNPW,0402,0.1%,100mW,50V,,,,,±25ppm/°C,E96,Flight,General Purpose,Device:R,Resistor_SMD:R_0402_1005Metric,https://wmsc.lcsc.com/wmsc/upload/file/pdf/v2/lcsc/2304140030_Vishay-Intertech-TNPW040293K1BEED_C2088785.pdf,https://www.lcsc.com/product-detail/chip-resistor-surface-mount_vishay-intertech-tnpw040293k1beed_C2088785.html,"Resistor 93.1kΩ 0.1% 100mW 0402 High Stability Thin Film Flat Chip Resistors (TNPW e3), Vishay TNPW040293K1BEED (Flight, LCSC Extended)",resistor 93.1kΩ 0402 vishay vishay tnpw flight general purpose,25906,0.184
R 100k 0402 0.1% Vishay TNPW,100kΩ,C844674,Extended,TNPW0402100KBEED,Vishay,Vishay TNPW,0402,0.1%,100mW,,,,,,±25ppm/°C,E24,Flight,General Purpose,Device:R,Resistor_SMD:R_0402_1005Metric,https://wmsc.lcsc.com/wmsc/upload/file/pdf/v2/lcsc/2210190530_Vishay-Intertech-TNPW0402100KBEED_C844674.pdf,https://www.lcsc.com/product-detail/chip-resistor-surface-mount_vishay-intertech-tnpw0402100kbeed_C844674.html,"Resistor 100kΩ 0.1% 100mW 0402 High Stability Thin Film Flat Chip Resistors (TNPW e3), Vishay TNPW0402100KBEED (Flight, LCSC Extended)",resistor 100kΩ 0402 vishay vishay tnpw flight general purpose,17519,0.0965
R 1 0603 0.5% Vishay TNPW,1Ω,C1857704,Extended,TNPW06031R00DEEA,Vishay,Vishay TNPW,0603,0.5%,125mW,75V,,,,,±25ppm/°C,E24,Flight,General Purpose,Device:R,Resistor_SMD:R_0603_1608Metric,https://wmsc.lcsc.com/wmsc/upload/file/pdf/v2/lcsc/2304140030_Vishay-Intertech-TNPW06031R00DEEA_C1857704.pdf,https://www.lcsc.com/product-detail/chip-resistor-surface-mount_vishay-intertech-tnpw06031r00deea_C1857704.html,"Resistor 1Ω 0.5% 125mW 0603 High Stability Thin Film Flat Chip Resistors (TNPW e3), Vishay TNPW06031R00DEEA (Flight, LCSC Extended)",resistor 1Ω 0603 vishay vishay tnpw flight general purpose,1996,0.2672
R 3.3 0603 0.5% Vishay TNPW,3.3Ω,C1857706,Extended,TNPW06033R30DEEA,Vishay,Vishay TNPW,0603,0.5%,125mW,75V,,,,,±25ppm/°C,E24,Flight,General Purpose,Device:R,Resistor_SMD:R_0603_1608Metric,https://wmsc.lcsc.com/wmsc/upload/file/pdf/v2/lcsc/2304140030_Vishay-Intertech-TNPW06033R30DEEA_C1857706.pdf,https://www.lcsc.com/product-detail/chip-resistor-surface-mount_vishay-intertech-tnpw06033r30deea_C1857706.html,"Resistor 3.3Ω 0.5% 125mW 0603 High Stability Thin Film Flat Chip Resistors (TNPW e3), Vishay TNPW06033R30DEEA (Flight, LCSC Extended)",resistor 3.3Ω 0603 vishay vishay tnpw flight general purpose,990,0.1676
R 4.99 0603 0.5% Vishay TNPW,4.99Ω,C1857702,Extended,TNPW06034R99DEEA,Vishay,Vishay TNPW,0603,0.5%,125mW,75V,,,,,±25ppm/°C,E96,Flight,General Purpose,Device:R,Resistor_SMD:R_0603_1608Metric,https://wmsc.lcsc.com/wmsc/upload/file/pdf/v2/lcsc/2304140030_Vishay-Intertech-TNPW06034R99DEEA_C1857702.pdf,https://www.lcsc.com/product-detail/chip-resistor-surface-mount_vishay-intertech-tnpw06034r99deea_C1857702.html,"Resistor 4.99Ω 0.5% 125mW 0603 High Stability Thin Film Flat Chip Resistors (TNPW e3), Vishay TNPW06034R99DEEA (Flight, LCSC Extended)",resistor 4.99Ω 0603 vishay vishay tnpw flight general purpose,490,0.3643
R 10 0603 0.1% Vishay TNPW,10Ω,C844675,Extended,TNPW060310R0BEEA,Vishay,Vishay TNPW,0603,0.1%,100mW,,,,,,±25ppm/°C,E24,Flight,General Purpose,Device:R,Resistor_SMD:R_0603_1608Metric,https://www.vishay.com/docs/28758/tnpw_e3.pdf,https://www.lcsc.com/product-detail/chip resistor - surface mount_vishay intertech_tnpw060310r0beea_C844675.html,"Resistor 10Ω 0.1% 100mW 0603 High Stability Thin Film Flat Chip Resistors (TNPW e3), Vishay TNPW060310R0BEEA (Flight, LCSC Extended)",resistor 10Ω 0603 vishay vishay tnpw flight general purpose,18003,0.0892
R 20 0603 0.1% Vishay TNPW,20Ω,C2075718,Extended,TNPW060320R0BEEA,Vishay,Vishay TNPW,0603,0.1%,125mW,75V,,,,,±25ppm/°C,E24,Flight,General Purpose,Device:R,Resistor_SMD:R_0603_1608Metric,https://datasheet.lcsc.com/lcsc/2304140030_Vishay-Intertech-TNPW060320R0BEEA_C2075718.pdf,https://www.lcsc.com/product-detail/chip resistor - surface mount_vishay intertech_tnpw060320r0beea_C2075718.html,"Resistor 20Ω 0.1% 125mW 0603 High Stability Thin Film Flat Chip Resistors (TNPW e3), Vishay TNPW060320R0BEEA (Flight, LCSC Extended)",resistor 20Ω 0603 vishay vishay tnpw flight general purpose,10274,0.0802
R 22 0603 0.1% Vishay TNPW,22Ω,C4041313,Extended,TNPW060322R0BEEA,Vishay,Vishay TNPW,0603,0.1%,100mW,,,,,,±25ppm/°C,E24,Flight,General Purpose,Device:R,Resistor_SMD:R_0603_1608Metric,https://wmsc.lcsc.com/wmsc/upload/file/pdf/v2/lcsc/2312130935_Vishay-Intertech-TNPW060322R0BEEA_C4041313.pdf,https://www.lcsc.com/product-detail/chip-resistor-surface-mount_vishay-intertech-tnpw060322r0beea_C4041313.html,"Resistor 22Ω 0.1% 100mW 0603 High Stability Thin Film Flat Chip Resistors (TNPW e3), Vishay TNPW060322R0BEEA (Flight, LCSC Extended)",resistor 22Ω 0603 vishay vishay tnpw flight general purpose,5,0.3091
R 24.9 0603 0.1% Vishay TNPW,24.9Ω,C3928302,Extended,TNPW060324R9BEEA,Vishay,Vishay TNPW,0603,0.1%,100mW,,,,,,±25ppm/°C,E96,Flight,General Purpose,Device:R,Resistor_SMD:R_0603_1608Metric,https://wmsc.lcsc.com/wmsc/upload/file/pdf/v2/lcsc/2312121709_Vishay-Intertech-TNPW060324R9BEEA_C3928302.pdf,https://www.lcsc.com/product-detail/chip-resistor-surface-mount_vishay-intertech-tnpw060324r9beea_C3928302.html,"Resistor 24.9Ω 0.1% 100mW 0603 High Stability Thin Film Flat Chip Resistors (TNPW e3), Vishay TNPW060324R9BEEA (Flight, LCSC Extended)",resistor 24.9Ω 0603 vishay vishay tnpw flight general purpose,1,0.2945
R 39 0603 0.1% Vishay TNPW,39Ω,C4311743,Extended,TNPW060339R0BEEA,Vishay,Vishay TNPW,0603,0.1%,100mW,,,,,,±25ppm/°C,E24,Flight,General Purpose,Device:R,Resistor_SMD:R_0603_1608Metric,https://wmsc.lcsc.com/wmsc/upload/file/pdf/v2/lcsc/2312181533_Vishay-Intertech-TNPW060339R0BEEA_C4311743.pdf,https://www.lcsc.com/product-detail/chip-resistor-surface-mount_vishay-intertech-tnpw060339r0beea_C4311743.html,"Resistor 39Ω 0.1% 100mW 0603 High Stability Thin Film Flat Chip Resistors (TNPW e3), Vishay TNPW060339R0BEEA (Flight, LCSC Extended)",resistor 39Ω 0603 vishay vishay tnpw flight general purpose,4683,0.1076
R 47 0603 0.1% Vishay TNPW,47Ω,C3936984,Extended,TNPW060347R0BEEA,Vishay,Vishay TNPW,0603,0.1%,100mW,,,,,,±25ppm/°C,E24,Flight,General Purpose,Device:R,Resistor_SMD:R_0603_1608Metric,https://wmsc.lcsc.com/wmsc/upload/file/pdf/v2/lcsc/2312121714_Vishay-Intertech-TNPW060347R0BEEA_C3936984.pdf,https://www.lcsc.com/product-detail/chip-resistor-surface-mount_vishay-intertech-tnpw060347r0beea_C3936984.html,"Resistor 47Ω 0.1% 100mW 0603 High Stability Thin Film Flat Chip Resistors (TNPW e3), Vishay TNPW060347R0BEEA (Flight, LCSC Extended)",resistor 47Ω 0603 vishay vishay tnpw flight general purpose,40,0.275
R 49.9 0603 0.1% Vishay TNPW,49.9Ω,C2075693,Extended,TNPW060349R9BEEA,Vishay,Vishay TNPW,0603,0.1%,125mW,75V,,,,,±25ppm/°C,E96,Flight,General Purpose,Device:R,Resistor_SMD:R_0603_1608Metric,https://wmsc.lcsc.com/wmsc/upload/file/pdf/v2/lcsc/2304140030_Vishay-Intertech-TNPW060349R9BEEA_C2075693.pdf,https://www.lcsc.com/product-detail/chip-resistor-surface-mount_vishay-intertech-tnpw060349r9beea_C2075693.html,"Resistor 49.9Ω 0.1% 125mW 0603 High Stability Thin Film Flat Chip Resistors (TNPW e3), Vishay TNPW060349R9BEEA (Flight, LCSC Extended)",resistor 49.9Ω 0603 vishay vishay tnpw flight general purpose,4131,0.1229
R 80.6 0603 0.1% Vishay TNPW,80.6Ω,C4045354,Extended,TNPW060380R6BEEA,Vishay,Vishay TNPW,0603,0.1%,100mW,,,,,,±25ppm/°C,E96,Flight,General Purpose,Device:R,Resistor_SMD:R_0603_1608Metric,https://wmsc.lcsc.com/wmsc/upload/file/pdf/v2/lcsc/2312181406_Vishay-Intertech-TNPW060380R6BEEA_C4045354.pdf,https://www.lcsc.com/product-detail/chip-resistor-surface-mount_vishay-intertech-tnpw060380r6beea_C4045354.html,"Resistor 80.6Ω 0.1% 100mW 0603 High Stability Thin Film Flat Chip Resistors (TNPW e3), Vishay TNPW060380R6BEEA (Flight, LCSC Extended)",resistor 80.6Ω 0603 vishay vishay tnpw flight general purpose,297,0.7792
R 100 0603 0.1% Vishay TNPW,100Ω,C844889,Extended,TNPW0603100RBEEA,Vishay,Vishay TNPW,0603,0.1%,100mW,,,,,,±25ppm/°C,E24,Flight,General Purpose,Device:R,Resistor_SMD:R_0603_1608Metric,https://wmsc.lcsc.com/wmsc/upload/file/pdf/v2/lcsc/2312131902_Vishay-Intertech-TNPW0603100RBEEA_C844889.pdf,https://www.lcsc.com/product-detail/chip-resistor-surface-mount_vishay-intertech-tnpw0603100rbeea_C844889.html,"Resistor 100Ω 0.1% 100mW 0603 High Stability Thin Film Flat Chip Resistors (TNPW e3), Vishay TNPW0603100RBEEA (Flight, LCSC Extended)",resistor 100Ω 0603 vishay vishay tnpw flight general purpose,12404,0.1012
R 120 0603 0.1% Vishay TNPW,120Ω,C844056,Extended,TNPW0603120RBEEA,Vishay,Vishay TNPW,0603,0.1%,100mW,,,,,,±25ppm/°C,E24,Flight,General Purpose,Device:R,Resistor_SMD:R_0603_1608Metric,https://wmsc.lcsc.com/wmsc/upload/file/pdf/v2/lcsc/2312131902_Vishay-Intertech-TNPW0603120RBEEA_C844056.pdf,https://www.lcsc.com/product-detail/chip-resistor-surface-mount_vishay-intertech-tnpw0603120rbeea_C844056.html,"Resistor 120Ω 0.1% 100mW 0603 High Stability Thin Film Flat Chip Resistors (TNPW e3), Vishay TNPW0603120RBEEA (Flight, LCSC Extended)",resistor 120Ω 0603 vishay vishay tnpw flight general purpose,9811,0.0845
R 121 0603 0.1% Vishay TNPW,121Ω,C3945565,Extended,TNPW0603121RBEEA,Vishay,Vishay TNPW,0603,0.1%,100mW,,,,,,±25ppm/°C,E96,Flight,General Purpose,Device:R,Resistor_SMD:R_0603_1608Metric,https://wmsc.lcsc.com/wmsc/upload/file/pdf/v2/lcsc/2312160124_Vishay-Intertech-TNPW0603121RBEEA_C3945565.pdf,https://www.lcsc.com/product-detail/chip-resistor-surface-mount_vishay-intertech-tnpw0603121rbeea_C3945565.html,"Resistor 121Ω 0.1% 100mW 0603 High Stability Thin Film Flat Chip Resistors (TNPW e3), Vishay TNPW0603121RBEEA (Flight, LCSC Extended)",resistor 121Ω 0603 vishay vishay tnpw flight general purpose,4915,0.0986
R 130 0603 0.1% Vishay TNPW,130Ω,C1870287,Extended,TNPW0603130RBEEA,Vishay,Vishay TNPW,0603,0.1%,125mW,75V,,,,,±25ppm/°C,E24,Flight,General Purpose,Device:R,Resistor_SMD:R_0603_1608Metric,https://wmsc.lcsc.com/wmsc/upload/file/pdf/v2/lcsc/2304140030_Vishay-Intertech-TNPW0603130RBEEA_C1870287.pdf,https://www.lcsc.com/product-detail/chip-resistor-surface-mount_vishay-intertech-tnpw0603130rbeea_C1870287.html,"Resistor 130Ω 0.1% 125mW 0603 High Stability Thin Film Flat Chip Resistors (TNPW e3), Vishay TNPW0603130RBEEA (Flight, LCSC Extended)",resistor 130Ω 0603 vishay vishay tnpw flight general purpose,5000,0.1064
R 150 0603 0.1% Vishay TNPW,150Ω,C6560255,Extended,TNPW0603150RBEEA,Vishay,Vishay TNPW,0603,0.1%,100mW,,,,,,±25ppm/°C,E24,Flight,General Purpose,Device:R,Resistor_SMD:R_0603_1608Metric,https://wmsc.lcsc.com/wmsc/upload/file/pdf/v2/lcsc/2312131719_Vishay-Intertech-TNPW0603150RBEEA_C6560255.pdf,https://www.lcsc.com/product-detail/chip-resistor-surface-mount_vishay-intertech-tnpw0603150rbeea_C6560255.html,"Resistor 150Ω 0.1% 100mW 0603 High Stability Thin Film Flat Chip Resistors (TNPW e3), Vishay TNPW0603150RBEEA (Flight, LCSC Extended)",resistor 150Ω 0603 vishay vishay tnpw flight general purpose,147,0.5222
R 200 0603 0.1% Vishay TNPW,200Ω,C844266,Extended,TNPW0603200RBEEA,Vishay,Vishay TNPW,0603,0.1%,125mW,,,,,,±25ppm/°C,E24,Flight,General Purpose,Device:R,Resistor_SMD:R_0603_1608Metric,https://www.lcsc.com/datasheet/lcsc_datasheet_2210190530_Vishay-Intertech-TNPW0603200RBEEA_C844266.pdf,https://www.lcsc.com/product-detail/chip-resistor-surface-mount_vishay-intertech-tnpw0603200rbeea_C844266.html,"Resistor 200Ω 0.1% 125mW 0603 High Stability Thin Film Flat Chip Resistors (TNPW e3), Vishay TNPW0603200RBEEA (Flight, LCSC Extended)",resistor 200Ω 0603 vishay vishay tnpw flight general purpose,7483,0.0864
R 220 0603 0.1% Vishay TNPW,220Ω,C2078993,Extended,TNPW0603220RBEEA,Vishay,Vishay TNPW,0603,0.1%,125mW,75V,,,,,±25ppm/°C,E24,Flight,General Purpose,Device:R,Resistor_SMD:R_0603_1608Metric,https://wmsc.lcsc.com/wmsc/upload/file/pdf/v2/lcsc/2304140030_Vishay-Intertech-TNPW0603220RBEEA_C2078993.pdf,https://www.lcsc.com/product-detail/chip-resistor-surface-mount_vishay-intertech-tnpw0603220rbeea_C2078993.html,"Resistor 220Ω 0.1% 125mW 0603 High Stability Thin Film Flat Chip Resistors (TNPW e3), Vishay TNPW0603220RBEEA (Flight, LCSC Extended)",resistor 220Ω 0603 vishay vishay tnpw flight general purpose,12,0.3807
R 240 0603 0.1% Vishay TNPW,240Ω,C3956748,Extended,TNPW0603240RBEEA,Vishay,Vishay TNPW,0603,0.1%,100mW,,,,,,±25ppm/°C,E24,Flight,General Purpose,Device:R,Resistor_SMD:R_0603_1608Metric,https://wmsc.lcsc.com/wmsc/upload/file/pdf/v2/lcsc/2312121727_Vishay-Intertech-TNPW0603240RBEEA_C3956748.pdf,https://www.lcsc.com/product-detail/chip-resistor-surface-mount_vishay-intertech-tnpw0603240rbeea_C3956748.html,"Resistor 240Ω 0.1% 100mW 0603 High Stability Thin Film Flat Chip Resistors (TNPW e3), Vishay TNPW0603240RBEEA (Flight, LCSC Extended)",resistor 240Ω 0603 vishay vishay tnpw flight general purpose,50,0.6149
R 249 0603 0.1% Vishay TNPW,249Ω,C3912812,Extended,TNPW0603249RBYEN,Vishay,Vishay TNPW,0603,0.1%,100mW,,,,,,±10ppm/°C,E96,Flight,General Purpose,Device:R,Resistor_SMD:R_0603_1608Metric,https://wmsc.lcsc.com/wmsc/upload/file/pdf/v2/lcsc/2312121659_Vishay-Intertech-TNPW0603249RBYEN_C3912812.pdf,https://www.lcsc.com/product-detail/chip-resistor-surface-mount_vishay-intertech-tnpw0603249rbyen_C3912812.html,"Resistor 249Ω 0.1% 100mW 0603 High Stability Thin Film Flat Chip Resistors (TNPW e3), Vishay TNPW0603249RBYEN (Flight, LCSC Extended)",resistor 249Ω 0603 vishay vishay tnpw flight general purpose,448,1.046
R 270 0603 0.1% Vishay TNPW,270Ω,C1870335,Extended,TNPW0603270RBEEA,Vishay,Vishay TNPW,0603,0.1%,125mW,75V,,,,,±25ppm/°C,E24,Flight,General Purpose,Device:R,Resistor_SMD:R_0603_1608Metric,https://wmsc.lcsc.com/wmsc/upload/file/pdf/v2/lcsc/2304140030_Vishay-Intertech-TNPW0603270RBEEA_C1870335.pdf,https://www.lcsc.com/product-detail/chip-resistor-surface-mount_vishay-intertech-tnpw0603270rbeea_C1870335.html,"Resistor 270Ω 0.1% 125mW 0603 High Stability Thin Film Flat Chip Resistors (TNPW e3), Vishay TNPW0603270RBEEA (Flight, LCSC Extended)",resistor 270Ω 0603 vishay vishay tnpw flight general purpose,4739,0.1076
R 300 0603 0.1% Vishay TNPW,300Ω,C4355957,Extended,TNPW0603300RBEEA,Vishay,Vishay TNPW,0603,0.1%,100mW,,,,,,±25ppm/°C,E24,Flight,General Purpose,Device:R,Resistor_SMD:R_0603_1608Metric,https://wmsc.lcsc.com/wmsc/upload/file/pdf/v2/lcsc/2212221830_Vishay-Intertech-TNPW0603300RBEEA_C4355957.pdf,https://www.lcsc.com/product-detail/chip-resistor-surface-mount_vishay-intertech-tnpw0603300rbeea_C4355957.html,"Resistor 300Ω 0.1% 100mW 0603 High Stability Thin Film Flat Chip Resistors (TNPW e3), Vishay TNPW0603300RBEEA (Flight, LCSC Extended)",resistor 300Ω 0603 vishay vishay tnpw flight general purpose,66,0.1918
R 301 0603 0.1% Vishay TNPW,301Ω,C2089450,Extended,TNPW0603301RBEEA,Vishay,Vishay TNPW,0603,0.1%,125mW,75V,,,,,±25ppm/°C,E96,Flight,General Purpose,Device:R,Resistor_SMD:R_0603_1608Metric,https://wmsc.lcsc.com/wmsc/upload/file/pdf/v2/lcsc/2304140030_Vishay-Intertech-TNPW0603301RBEEA_C2089450.pdf,https://www.lcsc.com/product-detail/chip-resistor-surface-mount_vishay-intertech-tnpw0603301rbeea_C2089450.html,"Resistor 301Ω 0.1% 125mW 0603 High Stability Thin Film Flat Chip Resistors (TNPW e3), Vishay TNPW0603301RBEEA (Flight, LCSC Extended)",resistor 301Ω 0603 vishay vishay tnpw flight general purpose,274,0.6898
R 330 0603 0.1% Vishay TNPW,330Ω,C4340634,Extended,TNPW0603330RBEEA,Vishay,Vishay TNPW,0603,0.1%,100mW,,,,,,±25ppm/°C,E24,Flight,General Purpose,Device:R,Resistor_SMD:R_0603_1608Metric,https://wmsc.lcsc.com/wmsc/upload/file/pdf/v2/lcsc/2312131201_Vishay-Intertech-TNPW0603330RBEEA_C4340634.pdf,https://www.lcsc.com/product-detail/chip-resistor-surface-mount_vishay-intertech-tnpw0603330rbeea_C4340634.html,"Resistor 330Ω 0.1% 100mW 0603 High Stability Thin Film Flat Chip Resistors (TNPW e3), Vishay TNPW0603330RBEEA (Flight, LCSC Extended)",resistor 330Ω 0603 vishay vishay tnpw flight general purpose,5,0.4181
R 357 0603 0.1% Vishay TNPW,357Ω,C4288428,Extended,TNPW0603357RBEEA,Vishay,Vishay TNPW,0603,0.1%,100mW,,,,,,±25ppm/°C,E96,Flight,General Purpose,Device:R,Resistor_SMD:R_0603_1608Metric,https://wmsc.lcsc.com/wmsc/upload/file/pdf/v2/lcsc/2312131136_Vishay-Intertech-TNPW0603357RBEEA_C4288428.pdf,https://www.lcsc.com/product-detail/chip-resistor-surface-mount_vishay-intertech-tnpw0603357rbeea_C4288428.html,"Resistor 357Ω 0.1% 100mW 0603 High Stability Thin Film Flat Chip Resistors (TNPW e3), Vishay TNPW0603357RBEEA (Flight, LCSC Extended)",resistor 357Ω 0603 vishay vishay tnpw flight general purpose,2838,0.0986
R 383 0603 0.1% Vishay TNPW,383Ω,C4195246,Extended,TNPW0603383RBEEA,Vishay,Vishay TNPW,0603,0.1%,100mW,,,,,,±25ppm/°C,E96,Flight,General Purpose,Device:R,Resistor_SMD:R_0603_1608Metric,https://wmsc.lcsc.com/wmsc/upload/file/pdf/v2/lcsc/2312131053_Vishay-Intertech-TNPW0603383RBEEA_C4195246.pdf,https://www.lcsc.com/product-detail/chip-resistor-surface-mount_vishay-intertech-tnpw0603383rbeea_C4195246.html,"Resistor 383Ω 0.1% 100mW 0603 High Stability Thin Film Flat Chip Resistors (TNPW e3), Vishay TNPW0603383RBEEA (Flight, LCSC Extended)",resistor 383Ω 0603 vishay vishay tnpw flight general purpose,264,0.4734
R 464 0603 0.1% Vishay TNPW,464Ω,C1870338,Extended,TNPW0603464RBEEA,Vishay,Vishay TNPW,0603,0.1%,125mW,75V,,,,,±25ppm/°C,E96,Flight,General Purpose,Device:R,Resistor_SMD:R_0603_1608Metric,https://wmsc.lcsc.com/wmsc/upload/file/pdf/v2/lcsc/2304140030_Vishay-Intertech-TNPW0603464RBEEA_C1870338.pdf,https://www.lcsc.com/product-detail/chip-resistor-surface-mount_vishay-intertech-tnpw0603464rbeea_C1870338.html,"Resistor 464Ω 0.1% 125mW 0603 High Stability Thin Film Flat Chip Resistors (TNPW e3), Vishay TNPW0603464RBEEA (Flight, LCSC Extended)",resistor 464Ω 0603 vishay vishay tnpw flight general purpose,4939,0.1025
R 470 0603 0.1% Vishay TNPW,470Ω,C4032434,Extended,TNPW0603470RBEEA,Vishay,Vishay TNPW,0603,0.1%,100mW,,,,,,±25ppm/°C,E24,Flight,General Purpose,Device:R,Resistor_SMD:R_0603_1608Metric,https://wmsc.lcsc.com/wmsc/upload/file/pdf/v2/lcsc/2312130930_Vishay-Intertech-TNPW0603470RBEEA_C4032434.pdf,https://www.lcsc.com/product-detail/chip-resistor-surface-mount_vishay-intertech-tnpw0603470rbeea_C4032434.html,"Resistor 470Ω 0.1% 100mW 0603 High Stability Thin Film Flat Chip Resistors (TNPW e3), Vishay TNPW0603470RBEEA (Flight, LCSC Extended)",resistor 470Ω 0603 vishay vishay tnpw flight general purpose,96,0.4116
R 499 0603 0.1% Vishay TNPW,499Ω,C844458,Extended,TNPW0603499RBEEA,Vishay,Vishay TNPW,0603,0.1%,125mW,,,,,,±25ppm/°C,E96,Flight,General Purpose,Device:R,Resistor_SMD:R_0603_1608Metric,https://datasheet.lcsc.com/lcsc/2210190530_Vishay-Intertech-TNPW0603499RBEEA_C844458.pdf,https://www.lcsc.com/product-detail/chip resistor - surface mount_vishay intertech_tnpw0603499rbeea_C844458.html,"Resistor 499Ω 0.1% 125mW 0603 High Stability Thin Film Flat Chip Resistors (TNPW e3), Vishay TNPW0603499RBEEA (Flight, LCSC Extended)",resistor 499Ω 0603 vishay vishay tnpw flight general purpose,289,0.5515
R 510 0603 0.1% Vishay TNPW,510Ω,C3966770,Extended,TNPW0603510RBEEA,Vishay,Vishay TNPW,0603,0.1%,100mW,,,,,,±25ppm/°C,E24,Flight,General Purpose,Device:R,Resistor_SMD:R_0603_1608Metric,https://wmsc.lcsc.com/wmsc/upload/file/pdf/v2/lcsc/2312121734_Vishay-Intertech-TNPW0603510RBEEA_C3966770.pdf,https://www.lcsc.com/product-detail/chip-resistor-surface-mount_vishay-intertech-tnpw0603510rbeea_C3966770.html,"Resistor 510Ω 0.1% 100mW 0603 High Stability Thin Film Flat Chip Resistors (TNPW e3), Vishay TNPW0603510RBEEA (Flight, LCSC Extended)",resistor 510Ω 0603 vishay vishay tnpw flight general purpose,43,0.1969
R 511 0603 0.1% Vishay TNPW,511Ω,C4295277,Extended,TNPW0603511RBEEA,Vishay,Vishay TNPW,0603,0.1%,100mW,,,,,,±25ppm/°C,E96,Flight,General Purpose,Device:R,Resistor_SMD:R_0603_1608Metric,https://wmsc.lcsc.com/wmsc/upload/file/pdf/v2/lcsc/2312131139_Vishay-Intertech-TNPW0603511RBEEA_C4295277.pdf,https://www.lcsc.com/product-detail/chip-resistor-surface-mount_vishay-intertech-tnpw0603511rbeea_C4295277.html,"Resistor 511Ω 0.1% 100mW 0603 High Stability Thin Film Flat Chip Resistors (TNPW e3), Vishay TNPW0603511RBEEA (Flight, LCSC Extended)",resistor 511Ω 0603 vishay vishay tnpw flight general purpose,2564,0.0866
R 560 0603 0.1% Vishay TNPW,560Ω,C4356405,Extended,TNPW0603560RBEEA,Vishay,Vishay TNPW,0603,0.1%,100mW,,,,,,±25ppm/°C,E24,Flight,General Purpose,Device:R,Resistor_SMD:R_0603_1608Metric,https://wmsc.lcsc.com/wmsc/upload/file/pdf/v2/lcsc/2212221830_Vishay-Intertech-TNPW0603560RBEEA_C4356405.pdf,https://www.lcsc.com/product-detail/chip-resistor-surface-mount_vishay-intertech-tnpw0603560rbeea_C4356405.html,"Resistor 560Ω 0.1% 100mW 0603 High Stability Thin Film Flat Chip Resistors (TNPW e3), Vishay TNPW0603560RBEEA (Flight, LCSC Extended)",resistor 560Ω 0603 vishay vishay tnpw flight general purpose,4798,0.1761
R 562 0603 0.1% Vishay TNPW,562Ω,C4150022,Extended,TNPW0603562RBEEA,Vishay,Vishay TNPW,0603,0.1%,100mW,,,,,,±25ppm/°C,E96,Flight,General Purpose,Device:R,Resistor_SMD:R_0603_1608Metric,https://wmsc.lcsc.com/wmsc/upload/file/pdf/v2/lcsc/2312131032_Vishay-Intertech-TNPW0603562RBEEA_C4150022.pdf,https://www.lcsc.com/product-detail/chip-resistor-surface-mount_vishay-intertech-tnpw0603562rbeea_C4150022.html,"Resistor 562Ω 0.1% 100mW 0603 High Stability Thin Film Flat Chip Resistors (TNPW e3), Vishay TNPW0603562RBEEA (Flight, LCSC Extended)",resistor 562Ω 0603 vishay vishay tnpw flight general purpose,13,0.3205
R 619 0603 0.1% Vishay TNPW,619Ω,C1694494,Extended,TNPW0603619RBEEA,Vishay,Vishay TNPW,0603,0.1%,125mW,75V,,,,,±25ppm/°C,E96,Flight,General Purpose,Device:R,Resistor_SMD:R_0603_1608Metric,https://wmsc.lcsc.com/wmsc/upload/file/pdf/v2/lcsc/2304140030_Vishay-Intertech-TNPW0603619RBEEA_C1694494.pdf,https://www.lcsc.com/product-detail/chip-resistor-surface-mount_vishay-intertech-tnpw0603619rbeea_C1694494.html,"Resistor 619Ω 0.1% 125mW 0603 High Stability Thin Film Flat Chip Resistors (TNPW e3), Vishay TNPW0603619RBEEA (Flight, LCSC Extended)",resistor 619Ω 0603 vishay vishay tnpw flight general purpose,10000,0.1063
R 680 0603 0.1% Vishay TNPW,680Ω,C2079059,Extended,TNPW0603680RBEEA,Vishay,Vishay TNPW,0603,0.1%,125mW,75V,,,,,±25ppm/°C,E24,Flight,General Purpose,Device:R,Resistor_SMD:R_0603_1608Metric,https://wmsc.lcsc.com/wmsc/upload/file/pdf/v2/lcsc/2304140030_Vishay-Intertech-TNPW0603680RBEEA_C2079059.pdf,https://www.lcsc.com/product-detail/chip-resistor-surface-mount_vishay-intertech-tnpw0603680rbeea_C2079059.html,"Resistor 680Ω 0.1% 125mW 0603 High Stability Thin Film Flat Chip Resistors (TNPW e3), Vishay TNPW0603680RBEEA (Flight, LCSC Extended)",resistor 680Ω 0603 vishay vishay tnpw flight general purpose,2084,0.1019
R 681 0603 0.1% Vishay TNPW,681Ω,C1870286,Extended,TNPW0603681RBEEA,Vishay,Vishay TNPW,0603,0.1%,125mW,75V,,,,,±25ppm/°C,E96,Flight,General Purpose,Device:R,Resistor_SMD:R_0603_1608Metric,https://wmsc.lcsc.com/wmsc/upload/file/pdf/v2/lcsc/2304140030_Vishay-Intertech-TNPW0603681RBEEA_C1870286.pdf,https://www.lcsc.com/product-detail/chip-resistor-surface-mount_vishay-intertech-tnpw0603681rbeea_C1870286.html,"Resistor 681Ω 0.1% 125mW 0603 High Stability Thin Film Flat Chip Resistors (TNPW e3), Vishay TNPW0603681RBEEA (Flight, LCSC Extended)",resistor 681Ω 0603 vishay vishay tnpw flight general purpose,5000,0.0939
R 768 0603 0.1% Vishay TNPW,768Ω,C4022951,Extended,TNPW0603768RBEEA,Vishay,Vishay TNPW,0603,0.1%,100mW,,,,,,±25ppm/°C,E96,Flight,General Purpose,Device:R,Resistor_SMD:R_0603_1608Metric,https://wmsc.lcsc.com/wmsc/upload/file/pdf/v2/lcsc/2312181358_Vishay-Intertech-TNPW0603768RBEEA_C4022951.pdf,https://www.lcsc.com/product-detail/chip-resistor-surface-mount_vishay-intertech-tnpw0603768rbeea_C4022951.html,"Resistor 768Ω 0.1% 100mW 0603 High Stability Thin Film Flat Chip Resistors (TNPW e3), Vishay TNPW0603768RBEEA (Flight, LCSC Extended)",resistor 768Ω 0603 vishay vishay tnpw flight general purpose,5000,0.1084
R 806 0603 0.1% Vishay TNPW,806Ω,C4224299,Extended,TNPW0603806RBEEA,Vishay,Vishay TNPW,0603,0.1%,100mW,,,,,,±25ppm/°C,E96,Flight,General Purpose,Device:R,Resistor_SMD:R_0603_1608Metric,https://wmsc.lcsc.com/wmsc/upload/file/pdf/v2/lcsc/2312131106_Vishay-Intertech-TNPW0603806RBEEA_C4224299.pdf,https://www.lcsc.com/product-detail/chip-resistor-surface-mount_vishay-intertech-tnpw0603806rbeea_C4224299.html,"Resistor 806Ω 0.1% 100mW 0603 High Stability Thin Film Flat Chip Resistors (TNPW e3), Vishay TNPW0603806RBEEA (Flight, LCSC Extended)",resistor 806Ω 0603 vishay vishay tnpw flight general purpose,4760,0.0939
R 820 0603 0.1% Vishay TNPW,820Ω,C4122665,Extended,TNPW0603820RBEEA,Vishay,Vishay TNPW,0603,0.1%,100mW,,,,,,±25ppm/°C,E24,Flight,General Purpose,Device:R,Resistor_SMD:R_0603_1608Metric,https://wmsc.lcsc.com/wmsc/upload/file/pdf/v2/lcsc/2312131018_Vishay-Intertech-TNPW0603820RBEEA_C4122665.pdf,https://www.lcsc.com/product-detail/chip-resistor-surface-mount_vishay-intertech-tnpw0603820rbeea_C4122665.html,"Resistor 820Ω 0.1% 100mW 0603 High Stability Thin Film Flat Chip Resistors (TNPW e3), Vishay TNPW0603820RBEEA (Flight, LCSC Extended)",resistor 820Ω 0603 vishay vishay tnpw flight general purpose,3205,0.0898
R 976 0603 0.1% Vishay TNPW,976Ω,C1694500,Extended,TNPW0603976RBEEA,Vishay,Vishay TNPW,0603,0.1%,125mW,75V,,,,,±25ppm/°C,E96,Flight,General Purpose,Device:R,Resistor_SMD:R_0603_1608Metric,https://wmsc.lcsc.com/wmsc/upload/file/pdf/v2/lcsc/2304140030_Vishay-Intertech-TNPW0603976RBEEA_C1694500.pdf,https://www.lcsc.com/product-detail/chip-resistor-surface-mount_vishay-intertech-tnpw0603976rbeea_C1694500.html,"Resistor 976Ω 0.1% 125mW 0603 High Stability Thin Film Flat Chip Resistors (TNPW e3), Vishay TNPW0603976RBEEA (Flight, LCSC Extended)",resistor 976Ω 0603 vishay vishay tnpw flight general purpose,55,0.3205
R 1k 0603 0.1% Vishay TNPW,1kΩ,C844891,Extended,TNPW06031K00BEEA,Vishay,Vishay TNPW,0603,0.1%,210mW,75V,,,,,±25ppm/°C,E24,Flight,General Purpose,Device:R,Resistor_SMD:R_0603_1608Metric,https://datasheet.lcsc.com/lcsc/2012221940_Vishay-Intertech-TNPW06031K00BEEA_C844891.pdf,https://www.lcsc.com/product-detail/chip resistor - surface mount_vishay intertech_tnpw06031k00beea_C844891.html,"Resistor 1kΩ 0.1% 210mW 0603 High Stability Thin Film Flat Chip Resistors (TNPW e3), Vishay TNPW06031K00BEEA (Flight, LCSC Extended)",resistor 1kΩ 0603 vishay vishay tnpw flight general purpose,18902,0.0848
R 1k 0603 1% Vishay TNPW,1kΩ,C2131208,Extended,TNPW06031K00FEEA,Vishay,Vishay TNPW,0603,1%,125mW,75V,,,,,±25ppm/°C,E24,Flight,General Purpose,Device:R,Resistor_SMD:R_0603_1608Metric,https://wmsc.lcsc.com/wmsc/upload/file/pdf/v2/lcsc/2304140030_Vishay-Intertech-TNPW06031K00FEEA_C2131208.pdf,https://www.lcsc.com/product-detail/chip-resistor-surface-mount_vishay-intertech-tnpw06031k00feea_C2131208.html,"Resistor 1kΩ 1% 125mW 0603 High Stability Thin Film Flat Chip Resistors (TNPW e3), Vishay TNPW06031K00FEEA (Flight, LCSC Extended)",resistor 1kΩ 0603 vishay vishay tnpw flight general purpose,5162,0.1842
R 1.02k 0603 0.1% Vishay TNPW,1.02kΩ,C2089686,Extended,TNPW06031K02BEEA,Vishay,Vishay TNPW,0603,0.1%,125mW,75V,,,,,±25ppm/°C,E96,Flight,General Purpose,Device:R,Resistor_SMD:R_0603_1608Metric,https://wmsc.lcsc.com/wmsc/upload/file/pdf/v2/lcsc/2304140030_Vishay-Intertech-TNPW06031K02BEEA_C2089686.pdf,https://www.lcsc.com/product-detail/chip-resistor-surface-mount_vishay-intertech-tnpw06031k02beea_C2089686.html,"Resistor 1.02kΩ 0.1% 125mW 0603 High Stability Thin Film Flat Chip Resistors (TNPW e3), Vishay TNPW06031K02BEEA (Flight, LCSC Extended)",resistor 1.02kΩ 0603 vishay vishay tnpw flight general purpose,2073,0.1149
R 1.07k 0603 0.1% Vishay TNPW,1.07kΩ,C1694508,Extended,TNPW06031K07BEEA,Vishay,Vishay TNPW,0603,0.1%,125mW,75V,,,,,±25ppm/°C,E96,Flight,General Purpose,Device:R,Resistor_SMD:R_0603_1608Metric,https://wmsc.lcsc.com/wmsc/upload/file/pdf/v2/lcsc/2304140030_Vishay-Intertech-TNPW06031K07BEEA_C1694508.pdf,https://www.lcsc.com/product-detail/chip-resistor-surface-mount_vishay-intertech-tnpw06031k07beea_C1694508.html,"Resistor 1.07kΩ 0.1% 125mW 0603 High Stability Thin Film Flat Chip Resistors (TNPW e3), Vishay TNPW06031K07BEEA (Flight, LCSC Extended)",resistor 1.07kΩ 0603 vishay vishay tnpw flight general purpose,5000,0.1025
R 1.1k 0603 0.1% Vishay TNPW,1.1kΩ,C2075552,Extended,TNPW06031K10BEEA,Vishay,Vishay TNPW,0603,0.1%,125mW,75V,,,,,±25ppm/°C,E24,Flight,General Purpose,Device:R,Resistor_SMD:R_0603_1608Metric,https://wmsc.lcsc.com/wmsc/upload/file/pdf/v2/lcsc/2304140030_Vishay-Intertech-TNPW06031K10BEEA_C2075552.pdf,https://www.lcsc.com/product-detail/chip-resistor-surface-mount_vishay-intertech-tnpw06031k10beea_C2075552.html,"Resistor 1.1kΩ 0.1% 125mW 0603 High Stability Thin Film Flat Chip Resistors (TNPW e3), Vishay TNPW06031K10BEEA (Flight, LCSC Extended)",resistor 1.1kΩ 0603 vishay vishay tnpw flight general purpose,2133,0.3003
R 1.15k 0603 0.1% Vishay TNPW,1.15kΩ,C2079052,Extended,TNPW06031K15BEEA,Vishay,Vishay TNPW,0603,0.1%,125mW,75V,,,,,±25ppm/°C,E96,Flight,General Purpose,Device:R,Resistor_SMD:R_0603_1608Metric,https://wmsc.lcsc.com/wmsc/upload/file/pdf/v2/lcsc/2304140030_Vishay-Intertech-TNPW06031K15BEEA_C2079052.pdf,https://www.lcsc.com/product-detail/chip-resistor-surface-mount_vishay-intertech-tnpw06031k15beea_C2079052.html,"Resistor 1.15kΩ 0.1% 125mW 0603 High Stability Thin Film Flat Chip Resistors (TNPW e3), Vishay TNPW06031K15BEEA (Flight, LCSC Extended)",resistor 1.15kΩ 0603 vishay vishay tnpw flight general purpose,4780,0.0986
R 1.2k 0603 0.1% Vishay TNPW,1.2kΩ,C2088715,Extended,TNPW06031K20BEEA,Vishay,Vishay TNPW,0603,0.1%,125mW,75V,,,,,±25ppm/°C,E24,Flight,General Purpose,Device:R,Resistor_SMD:R_0603_1608Metric,https://wmsc.lcsc.com/wmsc/upload/file/pdf/v2/lcsc/2304140030_Vishay-Intertech-TNPW06031K20BEEA_C2088715.pdf,https://www.lcsc.com/product-detail/chip-resistor-surface-mount_vishay-intertech-tnpw06031k20beea_C2088715.html,"Resistor 1.2kΩ 0.1% 125mW 0603 High Stability Thin Film Flat Chip Resistors (TNPW e3), Vishay TNPW06031K20BEEA (Flight, LCSC Extended)",resistor 1.2kΩ 0603 vishay vishay tnpw flight general purpose,60,0.1775
R 1.21k 0603 0.1% Vishay TNPW,1.21kΩ,C2080709,Extended,TNPW06031K21BEEA,Vishay,Vishay TNPW,0603,0.1%,125mW,75V,,,,,±25ppm/°C,E96,Flight,General Purpose,Device:R,Resistor_SMD:R_0603_1608Metric,https://wmsc.lcsc.com/wmsc/upload/file/pdf/v2/lcsc/2304140030_Vishay-Intertech-TNPW06031K21BEEA_C2080709.pdf,https://www.lcsc.com/product-detail/chip-resistor-surface-mount_vishay-intertech-tnpw06031k21beea_C2080709.html,"Resistor 1.21kΩ 0.1% 125mW 0603 High Stability Thin Film Flat Chip Resistors (TNPW e3), Vishay TNPW06031K21BEEA (Flight, LCSC Extended)",resistor 1.21kΩ 0603 vishay vishay tnpw flight general purpose,260,0.4262
R 1.27k 0603 0.1% Vishay TNPW,1.27kΩ,C2088651,Extended,TNPW06031K27BEEA,Vishay,Vishay TNPW,0603,0.1%,125mW,75V,,,,,±25ppm/°C,E96,Flight,General Purpose,Device:R,Resistor_SMD:R_0603_1608Metric,https://wmsc.lcsc.com/wmsc/upload/file/pdf/v2/lcsc/2304140030_Vishay-Intertech-TNPW06031K27BEEA_C2088651.pdf,https://www.lcsc.com/product-detail/chip-resistor-surface-mount_vishay-intertech-tnpw06031k27beea_C2088651.html,"Resistor 1.27kΩ 0.1% 125mW 0603 High Stability Thin Film Flat Chip Resistors (TNPW e3), Vishay TNPW06031K27BEEA (Flight, LCSC Extended)",resistor 1.27kΩ 0603 vishay vishay tnpw flight general purpose,709,0.4262
R 1.3k 0603 0.1% Vishay TNPW,1.3kΩ,C3953518,Extended,TNPW06031K30BEEA,Vishay,Vishay TNPW,0603,0.1%,100mW,,,,,,±25ppm/°C,E24,Flight,General Purpose,Device:R,Resistor_SMD:R_0603_1608Metric,https://wmsc.lcsc.com/wmsc/upload/file/pdf/v2/lcsc/2312121725_Vishay-Intertech-TNPW06031K30BEEA_C3953518.pdf,https://www.lcsc.com/product-detail/chip-resistor-surface-mount_vishay-intertech-tnpw06031k30beea_C3953518.html,"Resistor 1.3kΩ 0.1% 100mW 0603 High Stability Thin Film Flat Chip Resistors (TNPW e3), Vishay TNPW06031K30BEEA (Flight, LCSC Extended)",resistor 1.3kΩ 0603 vishay vishay tnpw flight general purpose,4197,0.082
R 1.5k 0603 0.1% Vishay TNPW,1.5kΩ,C844455,Extended,TNPW06031K50BEEA,Vishay,Vishay TNPW,0603,0.1%,125mW,,,,,,±25ppm/°C,E24,Flight,General Purpose,Device:R,Resistor_SMD:R_0603_1608Metric,https://wmsc.lcsc.com/wmsc/upload/file/pdf/v2/lcsc/2210190530_Vishay-Intertech-TNPW06031K50BEEA_C844455.pdf,https://www.lcsc.com/product-detail/chip-resistor-surface-mount_vishay-intertech-tnpw06031k50beea_C844455.html,"Resistor 1.5kΩ 0.1% 125mW 0603 High Stability Thin Film Flat Chip Resistors (TNPW e3), Vishay TNPW06031K50BEEA (Flight, LCSC Extended)",resistor 1.5kΩ 0603 vishay vishay tnpw flight general purpose,4890,0.0589
R 1.6k 0603 0.1% Vishay TNPW,1.6kΩ,C2093032,Extended,TNPW06031K60BEEA,Vishay,Vishay TNPW,0603,0.1%,125mW,75V,,,,,±25ppm/°C,E24,Flight,General Purpose,Device:R,Resistor_SMD:R_0603_1608Metric,https://wmsc.lcsc.com/wmsc/upload/file/pdf/v2/lcsc/2304140030_Vishay-Intertech-TNPW06031K60BEEA_C2093032.pdf,https://www.lcsc.com/product-detail/chip-resistor-surface-mount_vishay-intertech-tnpw06031k60beea_C2093032.html,"Resistor 1.6kΩ 0.1% 125mW 0603 High Stability Thin Film Flat Chip Resistors (TNPW e3), Vishay TNPW06031K60BEEA (Flight, LCSC Extended)",resistor 1.6kΩ 0603 vishay vishay tnpw flight general purpose,4558,0.1164
R 1.62k 0603 0.1% Vishay TNPW,1.62kΩ,C2088712,Extended,TNPW06031K62BEEA,Vishay,Vishay TNPW,0603,0.1%,125mW,75V,,,,,±25ppm/°C,E96,Flight,General Purpose,Device:R,Resistor_SMD:R_0603_1608Metric,https://wmsc.lcsc.com/wmsc/upload/file/pdf/v2/lcsc/2304140030_Vishay-Intertech-TNPW06031K62BEEA_C2088712.pdf,https://www.lcsc.com/product-detail/chip-resistor-surface-mount_vishay-intertech-tnpw06031k62beea_C2088712.html,"Resistor 1.62kΩ 0.1% 125mW 0603 High Stability Thin Film Flat Chip Resistors (TNPW e3), Vishay TNPW06031K62BEEA (Flight, LCSC Extended)",resistor 1.62kΩ 0603 vishay vishay tnpw flight general purpose,4895,0.0939
R 1.74k 0603 0.1% Vishay TNPW,1.74kΩ,C1694286,Extended,TNPW06031K74BEEA,Vishay,Vishay TNPW,0603,0.1%,125mW,75V,,,,,±25ppm/°C,E96,Flight,General Purpose,Device:R,Resistor_SMD:R_0603_1608Metric,https://wmsc.lcsc.com/wmsc/upload/file/pdf/v2/lcsc/2304140030_Vishay-Intertech-TNPW06031K74BEEA_C1694286.pdf,https://www.lcsc.com/product-detail/chip-resistor-surface-mount_vishay-intertech-tnpw06031k74beea_C1694286.html,"Resistor 1.74kΩ 0.1% 125mW 0603 High Stability Thin Film Flat Chip Resistors (TNPW e3), Vishay TNPW06031K74BEEA (Flight, LCSC Extended)",resistor 1.74kΩ 0603 vishay vishay tnpw flight general purpose,4978,0.0939
R 1.8k 0603 0.1% Vishay TNPW,1.8kΩ,C5224057,Extended,TNPW06031K80BEEA,Vishay,Vishay TNPW,0603,0.1%,100mW,,,,,,±25ppm/°C,E24,Flight,General Purpose,Device:R,Resistor_SMD:R_0603_1608Metric,https://wmsc.lcsc.com/wmsc/upload/file/pdf/v2/lcsc/2302211830_Vishay-Intertech-TNPW06031K80BEEA_C5224057.pdf,https://www.lcsc.com/product-detail/chip-resistor-surface-mount_vishay-intertech-tnpw06031k80beea_C5224057.html,"Resistor 1.8kΩ 0.1% 100mW 0603 High Stability Thin Film Flat Chip Resistors (TNPW e3), Vishay TNPW06031K80BEEA (Flight, LCSC Extended)",resistor 1.8kΩ 0603 vishay vishay tnpw flight general purpose,7,0.1328
R 1.82k 0603 0.1% Vishay TNPW,1.82kΩ,C3009004,Extended,TNPW06031K82BEEA,Vishay,Vishay TNPW,0603,0.1%,100mW,,,,,,±25ppm/°C,E96,Flight,General Purpose,Device:R,Resistor_SMD:R_0603_1608Metric,https://wmsc.lcsc.com/wmsc/upload/file/pdf/v2/lcsc/2208151830_Vishay-Intertech-TNPW06031K82BEEA_C3009004.pdf,https://www.lcsc.com/product-detail/chip-resistor-surface-mount_vishay-intertech-tnpw06031k82beea_C3009004.html,"Resistor 1.82kΩ 0.1% 100mW 0603 High Stability Thin Film Flat Chip Resistors (TNPW e3), Vishay TNPW06031K82BEEA (Flight, LCSC Extended)",resistor 1.82kΩ 0603 vishay vishay tnpw flight general purpose,2073,0.1784
R 1.87k 0603 0.1% Vishay TNPW,1.87kΩ,C2075382,Extended,TNPW06031K87BEEA,Vishay,Vishay TNPW,0603,0.1%,125mW,75V,,,,,±25ppm/°C,E96,Flight,General Purpose,Device:R,Resistor_SMD:R_0603_1608Metric,https://wmsc.lcsc.com/wmsc/upload/file/pdf/v2/lcsc/2304140030_Vishay-Intertech-TNPW06031K87BEEA_C2075382.pdf,https://www.lcsc.com/product-detail/chip-resistor-surface-mount_vishay-intertech-tnpw06031k87beea_C2075382.html,"Resistor 1.87kΩ 0.1% 125mW 0603 High Stability Thin Film Flat Chip Resistors (TNPW e3), Vishay TNPW06031K87BEEA (Flight, LCSC Extended)",resistor 1.87kΩ 0603 vishay vishay tnpw flight general purpose,55,0.2052
R 2k 0603 0.1% Vishay TNPW,2kΩ,C844892,Extended,TNPW06032K00BEEA,Vishay,Vishay TNPW,0603,0.1%,125mW,,,,,,±25ppm/°C,E24,Flight,General Purpose,Device:R,Resistor_SMD:R_0603_1608Metric,https://wmsc.lcsc.com/wmsc/upload/file/pdf/v2/lcsc/2210190530_Vishay-Intertech-TNPW06032K00BEEA_C844892.pdf,https://www.lcsc.com/product-detail/chip-resistor-surface-mount_vishay-intertech-tnpw06032k00beea_C844892.html,"Resistor 2kΩ 0.1% 125mW 0603 High Stability Thin Film Flat Chip Resistors (TNPW e3), Vishay TNPW06032K00BEEA (Flight, LCSC Extended)",resistor 2kΩ 0603 vishay vishay tnpw flight general purpose,7766,0.0868
R 2.05k 0603 0.1% Vishay TNPW,2.05kΩ,C2075892,Extended,TNPW06032K05BEEA,Vishay,Vishay TNPW,0603,0.1%,125mW,75V,,,,,±25ppm/°C,E96,Flight,General Purpose,Device:R,Resistor_SMD:R_0603_1608Metric,https://wmsc.lcsc.com/wmsc/upload/file/pdf/v2/lcsc/2304140030_Vishay-Intertech-TNPW06032K05BEEA_C2075892.pdf,https://www.lcsc.com/product-detail/chip-resistor-surface-mount_vishay-intertech-tnpw06032k05beea_C2075892.html,"Resistor 2.05kΩ 0.1% 125mW 0603 High Stability Thin Film Flat Chip Resistors (TNPW e3), Vishay TNPW06032K05BEEA (Flight, LCSC Extended)",resistor 2.05kΩ 0603 vishay vishay tnpw flight general purpose,4890,0.0986
R 2.15k 0603 0.1% Vishay TNPW,2.15kΩ,C3009099,Extended,TNPW06032K15BEEA,Vishay,Vishay TNPW,0603,0.1%,100mW,,,,,,±25ppm/°C,E96,Flight,General Purpose,Device:R,Resistor_SMD:R_0603_1608Metric,https://wmsc.lcsc.com/wmsc/upload/file/pdf/v2/lcsc/2207261800_Vishay-Intertech-TNPW06032K15BEEA_C3009099.pdf,https://www.lcsc.com/product-detail/chip-resistor-surface-mount_vishay-intertech-tnpw06032k15beea_C3009099.html,"Resistor 2.15kΩ 0.1% 100mW 0603 High Stability Thin Film Flat Chip Resistors (TNPW e3), Vishay TNPW06032K15BEEA (Flight, LCSC Extended)",resistor 2.15kΩ 0603 vishay vishay tnpw flight general purpose,346,0.2558
R 2.2k 0603 0.1% Vishay TNPW,2.2kΩ,C2090833,Extended,TNPW06032K20BEEA,Vishay,Vishay TNPW,0603,0.1%,125mW,75V,,,,,±25ppm/°C,E24,Flight,General Purpose,Device:R,Resistor_SMD:R_0603_1608Metric,https://wmsc.lcsc.com/wmsc/upload/file/pdf/v2/lcsc/2304140030_Vishay-Intertech-TNPW06032K20BEEA_C2090833.pdf,https://www.lcsc.com/product-detail/chip-resistor-surface-mount_vishay-intertech-tnpw06032k20beea_C2090833.html,"Resistor 2.2kΩ 0.1% 125mW 0603 High Stability Thin Film Flat Chip Resistors (TNPW e3), Vishay TNPW06032K20BEEA (Flight, LCSC Extended)",resistor 2.2kΩ 0603 vishay vishay tnpw flight general purpose,15284,0.0768
R 2.21k 0603 0.1% Vishay TNPW,2.21kΩ,C4233179,Extended,TNPW06032K21BEEA,Vishay,Vishay TNPW,0603,0.1%,100mW,,,,,,±25ppm/°C,E96,Flight,General Purpose,Device:R,Resistor_SMD:R_0603_1608Metric,https://wmsc.lcsc.com/wmsc/upload/file/pdf/v2/lcsc/2312131111_Vishay-Intertech-TNPW06032K21BEEA_C4233179.pdf,https://www.lcsc.com/product-detail/chip-resistor-surface-mount_vishay-intertech-tnpw06032k21beea_C4233179.html,"Resistor 2.21kΩ 0.1% 100mW 0603 High Stability Thin Film Flat Chip Resistors (TNPW e3), Vishay TNPW06032K21BEEA (Flight, LCSC Extended)",resistor 2.21kΩ 0603 vishay vishay tnpw flight general purpose,95,0.6995
R 2.4k 0603 0.1% Vishay TNPW,2.4kΩ,C2075634,Extended,TNPW06032K40BEEA,Vishay,Vishay TNPW,0603,0.1%,125mW,75V,,,,,±25ppm/°C,E24,Flight,General Purpose,Device:R,Resistor_SMD:R_0603_1608Metric,https://wmsc.lcsc.com/wmsc/upload/file/pdf/v2/lcsc/2304140030_Vishay-Intertech-TNPW06032K40BEEA_C2075634.pdf,https://www.lcsc.com/product-detail/chip-resistor-surface-mount_vishay-intertech-tnpw06032k40beea_C2075634.html,"Resistor 2.4kΩ 0.1% 125mW 0603 High Stability Thin Film Flat Chip Resistors (TNPW e3), Vishay TNPW06032K40BEEA (Flight, LCSC Extended)",resistor 2.4kΩ 0603 vishay vishay tnpw flight general purpose,484,0.0853
R 2.43k 0603 0.1% Vishay TNPW,2.43kΩ,C2075338,Extended,TNPW06032K43BEEA,Vishay,Vishay TNPW,0603,0.1%,125mW,75V,,,,,±25ppm/°C,E96,Flight,General Purpose,Device:R,Resistor_SMD:R_0603_1608Metric,https://wmsc.lcsc.com/wmsc/upload/file/pdf/v2/lcsc/2304140030_Vishay-Intertech-TNPW06032K43BEEA_C2075338.pdf,https://www.lcsc.com/product-detail/chip-resistor-surface-mount_vishay-intertech-tnpw06032k43beea_C2075338.html,"Resistor 2.43kΩ 0.1% 125mW 0603 High Stability Thin Film Flat Chip Resistors (TNPW e3), Vishay TNPW06032K43BEEA (Flight, LCSC Extended)",resistor 2.43kΩ 0603 vishay vishay tnpw flight general purpose,2944,0.0926
R 2.49k 0603 0.1% Vishay TNPW,2.49kΩ,C2075951,Extended,TNPW06032K49BEEA,Vishay,Vishay TNPW,0603,0.1%,125mW,75V,,,,,±25ppm/°C,E96,Flight,General Purpose,Device:R,Resistor_SMD:R_0603_1608Metric,https://wmsc.lcsc.com/wmsc/upload/file/pdf/v2/lcsc/2304140030_Vishay-Intertech-TNPW06032K49BEEA_C2075951.pdf,https://www.lcsc.com/product-detail/chip-resistor-surface-mount_vishay-intertech-tnpw06032k49beea_C2075951.html,"Resistor 2.49kΩ 0.1% 125mW 0603 High Stability Thin Film Flat Chip Resistors (TNPW e3), Vishay TNPW06032K49BEEA (Flight, LCSC Extended)",resistor 2.49kΩ 0603 vishay vishay tnpw flight general purpose,6702,0.0907
R 2.55k 0603 0.1% Vishay TNPW,2.55kΩ,C2075371,Extended,TNPW06032K55BEEA,Vishay,Vishay TNPW,0603,0.1%,125mW,75V,,,,,±25ppm/°C,E96,Flight,General Purpose,Device:R,Resistor_SMD:R_0603_1608Metric,https://wmsc.lcsc.com/wmsc/upload/file/pdf/v2/lcsc/2304140030_Vishay-Intertech-TNPW06032K55BEEA_C2075371.pdf,https://www.lcsc.com/product-detail/chip-resistor-surface-mount_vishay-intertech-tnpw06032k55beea_C2075371.html,"Resistor 2.55kΩ 0.1% 125mW 0603 High Stability Thin Film Flat Chip Resistors (TNPW e3), Vishay TNPW06032K55BEEA (Flight, LCSC Extended)",resistor 2.55kΩ 0603 vishay vishay tnpw flight general purpose,10,0.471
R 2.67k 0603 0.1% Vishay TNPW,2.67kΩ,C2094550,Extended,TNPW06032K67BEEA,Vishay,Vishay TNPW,0603,0.1%,125mW,75V,,,,,±25ppm/°C,E96,Flight,General Purpose,Device:R,Resistor_SMD:R_0603_1608Metric,https://wmsc.lcsc.com/wmsc/upload/file/pdf/v2/lcsc/2304140030_Vishay-Intertech-TNPW06032K67BEEA_C2094550.pdf,https://www.lcsc.com/product-detail/chip-resistor-surface-mount_vishay-intertech-tnpw06032k67beea_C2094550.html,"Resistor 2.67kΩ 0.1% 125mW 0603 High Stability Thin Film Flat Chip Resistors (TNPW e3), Vishay TNPW06032K67BEEA (Flight, LCSC Extended)",resistor 2.67kΩ 0603 vishay vishay tnpw flight general purpose,28,0.1484
R 2.7k 0603 0.1% Vishay TNPW,2.7kΩ,C2075536,Extended,TNPW06032K70BEEA,Vishay,Vishay TNPW,0603,0.1%,125mW,75V,,,,,±25ppm/°C,E24,Flight,General Purpose,Device:R,Resistor_SMD:R_0603_1608Metric,https://wmsc.lcsc.com/wmsc/upload/file/pdf/v2/lcsc/2304140030_Vishay-Intertech-TNPW06032K70BEEA_C2075536.pdf,https://www.lcsc.com/product-detail/chip-resistor-surface-mount_vishay-intertech-tnpw06032k70beea_C2075536.html,"Resistor 2.7kΩ 0.1% 125mW 0603 High Stability Thin Film Flat Chip Resistors (TNPW e3), Vishay TNPW06032K70BEEA (Flight, LCSC Extended)",resistor 2.7kΩ 0603 vishay vishay tnpw flight general purpose,51,0.4015
R 2.74k 0603 0.1% Vishay TNPW,2.74kΩ,C2083055,Extended,TNPW06032K74BEEA,Vishay,Vishay TNPW,0603,0.1%,125mW,75V,,,,,±25ppm/°C,E96,Flight,General Purpose,Device:R,Resistor_SMD:R_0603_1608Metric,https://wmsc.lcsc.com/wmsc/upload/file/pdf/v2/lcsc/2304140030_Vishay-Intertech-TNPW06032K74BEEA_C2083055.pdf,https://www.lcsc.com/product-detail/chip-resistor-surface-mount_vishay-intertech-tnpw06032k74beea_C2083055.html,"Resistor 2.74kΩ 0.1% 125mW 0603 High Stability Thin Film Flat Chip Resistors (TNPW e3), Vishay TNPW06032K74BEEA (Flight, LCSC Extended)",resistor 2.74kΩ 0603 vishay vishay tnpw flight general purpose,4929,0.0939
R 3k 0603 0.1% Vishay TNPW,3kΩ,C2089192,Extended,TNPW06033K00BEEA,Vishay,Vishay TNPW,0603,0.1%,125mW,75V,,,,,±25ppm/°C,E24,Flight,General Purpose,Device:R,Resistor_SMD:R_0603_1608Metric,https://wmsc.lcsc.com/wmsc/upload/file/pdf/v2/lcsc/2304140030_Vishay-Intertech-TNPW06033K00BEEA_C2089192.pdf,https://www.lcsc.com/product-detail/chip-resistor-surface-mount_vishay-intertech-tnpw06033k00beea_C2089192.html,"Resistor 3kΩ 0.1% 125mW 0603 High Stability Thin Film Flat Chip Resistors (TNPW e3), Vishay TNPW06033K00BEEA (Flight, LCSC Extended)",resistor 3kΩ 0603 vishay vishay tnpw flight general purpose,922,0.0928
R 3.01k 0603 0.1% Vishay TNPW,3.01kΩ,C2075334,Extended,TNPW06033K01BEEA,Vishay,Vishay TNPW,0603,0.1%,125mW,75V,,,,,±25ppm/°C,E96,Flight,General Purpose,Device:R,Resistor_SMD:R_0603_1608Metric,https://wmsc.lcsc.com/wmsc/upload/file/pdf/v2/lcsc/2304140030_Vishay-Intertech-TNPW06033K01BEEA_C2075334.pdf,https://www.lcsc.com/product-detail/chip-resistor-surface-mount_vishay-intertech-tnpw06033k01beea_C2075334.html,"Resistor 3.01kΩ 0.1% 125mW 0603 High Stability Thin Film Flat Chip Resistors (TNPW e3), Vishay TNPW06033K01BEEA (Flight, LCSC Extended)",resistor 3.01kΩ 0603 vishay vishay tnpw flight general purpose,911,0.354
R 3.16k 0603 0.1% Vishay TNPW,3.16kΩ,C2093128,Extended,TNPW06033K16BEEA,Vishay,Vishay TNPW,0603,0.1%,125mW,75V,,,,,±25ppm/°C,E96,Flight,General Purpose,Device:R,Resistor_SMD:R_0603_1608Metric,https://wmsc.lcsc.com/wmsc/upload/file/pdf/v2/lcsc/2304140030_Vishay-Intertech-TNPW06033K16BEEA_C2093128.pdf,https://www.lcsc.com/product-detail/chip-resistor-surface-mount_vishay-intertech-tnpw06033k16beea_C2093128.html,"Resistor 3.16kΩ 0.1% 125mW 0603 High Stability Thin Film Flat Chip Resistors (TNPW e3), Vishay TNPW06033K16BEEA (Flight, LCSC Extended)",resistor 3.16kΩ 0603 vishay vishay tnpw flight general purpose,249,0.5482
R 3.3k 0603 0.1% Vishay TNPW,3.3kΩ,C844457,Extended,TNPW06033K30BEEA,Vishay,Vishay TNPW,0603,0.1%,125mW,,,,,,±25ppm/°C,E24,Flight,General Purpose,Device:R,Resistor_SMD:R_0603_1608Metric,https://wmsc.lcsc.com/wmsc/upload/file/pdf/v2/lcsc/2210190530_Vishay-Intertech-TNPW06033K30BEEA_C844457.pdf,https://www.lcsc.com/product-detail/chip-resistor-surface-mount_vishay-intertech-tnpw06033k30beea_C844457.html,"Resistor 3.3kΩ 0.1% 125mW 0603 High Stability Thin Film Flat Chip Resistors (TNPW e3), Vishay TNPW06033K30BEEA (Flight, LCSC Extended)",resistor 3.3kΩ 0603 vishay vishay tnpw flight general purpose,16,0.4311
R 3.32k 0603 0.1% Vishay TNPW,3.32kΩ,C3009311,Extended,TNPW06033K32BEEA,Vishay,Vishay TNPW,0603,0.1%,100mW,,,,,,±25ppm/°C,E96,Flight,General Purpose,Device:R,Resistor_SMD:R_0603_1608Metric,https://wmsc.lcsc.com/wmsc/upload/file/pdf/v2/lcsc/2312110925_Vishay-Intertech-TNPW06033K32BEEA_C3009311.pdf,https://www.lcsc.com/product-detail/chip-resistor-surface-mount_vishay-intertech-tnpw06033k32beea_C3009311.html,"Resistor 3.32kΩ 0.1% 100mW 0603 High Stability Thin Film Flat Chip Resistors (TNPW e3), Vishay TNPW06033K32BEEA (Flight, LCSC Extended)",resistor 3.32kΩ 0603 vishay vishay tnpw flight general purpose,15,0.2294
R 3.48k 0603 0.1% Vishay TNPW,3.48kΩ,C4230492,Extended,TNPW06033K48BEEA,Vishay,Vishay TNPW,0603,0.1%,100mW,,,,,,±25ppm/°C,E96,Flight,General Purpose,Device:R,Resistor_SMD:R_0603_1608Metric,https://wmsc.lcsc.com/wmsc/upload/file/pdf/v2/lcsc/2312181508_Vishay-Intertech-TNPW06033K48BEEA_C4230492.pdf,https://www.lcsc.com/product-detail/chip-resistor-surface-mount_vishay-intertech-tnpw06033k48beea_C4230492.html,"Resistor 3.48kΩ 0.1% 100mW 0603 High Stability Thin Film Flat Chip Resistors (TNPW e3), Vishay TNPW06033K48BEEA (Flight, LCSC Extended)",resistor 3.48kΩ 0603 vishay vishay tnpw flight general purpose,4655,0.0939
R 3.57k 0603 0.1% Vishay TNPW,3.57kΩ,C2089728,Extended,TNPW06033K57BEEA,Vishay,Vishay TNPW,0603,0.1%,125mW,75V,,,,,±25ppm/°C,E96,Flight,General Purpose,Device:R,Resistor_SMD:R_0603_1608Metric,https://wmsc.lcsc.com/wmsc/upload/file/pdf/v2/lcsc/2304140030_Vishay-Intertech-TNPW06033K57BEEA_C2089728.pdf,https://www.lcsc.com/product-detail/chip-resistor-surface-mount_vishay-intertech-tnpw06033k57beea_C2089728.html,"Resistor 3.57kΩ 0.1% 125mW 0603 High Stability Thin Film Flat Chip Resistors (TNPW e3), Vishay TNPW06033K57BEEA (Flight, LCSC Extended)",resistor 3.57kΩ 0603 vishay vishay tnpw flight general purpose,4670,0.1076
R 3.6k 0603 0.1% Vishay TNPW,3.6kΩ,C2079075,Extended,TNPW06033K60BEEA,Vishay,Vishay TNPW,0603,0.1%,125mW,75V,,,,,±25ppm/°C,E24,Flight,General Purpose,Device:R,Resistor_SMD:R_0603_1608Metric,https://wmsc.lcsc.com/wmsc/upload/file/pdf/v2/lcsc/2304140030_Vishay-Intertech-TNPW06033K60BEEA_C2079075.pdf,https://www.lcsc.com/product-detail/chip-resistor-surface-mount_vishay-intertech-tnpw06033k60beea_C2079075.html,"Resistor 3.6kΩ 0.1% 125mW 0603 High Stability Thin Film Flat Chip Resistors (TNPW e3), Vishay TNPW06033K60BEEA (Flight, LCSC Extended)",resistor 3.6kΩ 0603 vishay vishay tnpw flight general purpose,170,0.2201
R 3.92k 0603 0.1% Vishay TNPW,3.92kΩ,C2075121,Extended,TNPW06033K92BEEA,Vishay,Vishay TNPW,0603,0.1%,125mW,75V,,,,,±25ppm/°C,E96,Flight,General Purpose,Device:R,Resistor_SMD:R_0603_1608Metric,https://wmsc.lcsc.com/wmsc/upload/file/pdf/v2/lcsc/2304140030_Vishay-Intertech-TNPW06033K92BEEA_C2075121.pdf,https://www.lcsc.com/product-detail/chip-resistor-surface-mount_vishay-intertech-tnpw06033k92beea_C2075121.html,"Resistor 3.92kΩ 0.1% 125mW 0603 High Stability Thin Film Flat Chip Resistors (TNPW e3), Vishay TNPW06033K92BEEA (Flight, LCSC Extended)",resistor 3.92kΩ 0603 vishay vishay tnpw flight general purpose,39,0.2262
R 4.02k 0603 0.1% Vishay TNPW,4.02kΩ,C844459,Extended,TNPW06034K02BEEA,Vishay,Vishay TNPW,0603,0.1%,125mW,,,,,,±25ppm/°C,E96,Flight,General Purpose,Device:R,Resistor_SMD:R_0603_1608Metric,https://wmsc.lcsc.com/wmsc/upload/file/pdf/v2/lcsc/2210190530_Vishay-Intertech-TNPW06034K02BEEA_C844459.pdf,https://www.lcsc.com/product-detail/chip-resistor-surface-mount_vishay-intertech-tnpw06034k02beea_C844459.html,"Resistor 4.02kΩ 0.1% 125mW 0603 High Stability Thin Film Flat Chip Resistors (TNPW e3), Vishay TNPW06034K02BEEA (Flight, LCSC Extended)",resistor 4.02kΩ 0603 vishay vishay tnpw flight general purpose,4,0.5694
R 4.3k 0603 0.1% Vishay TNPW,4.3kΩ,C2088918,Extended,TNPW06034K30BEEA,Vishay,Vishay TNPW,0603,0.1%,125mW,75V,,,,,±25ppm/°C,E24,Flight,General Purpose,Device:R,Resistor_SMD:R_0603_1608Metric,https://wmsc.lcsc.com/wmsc/upload/file/pdf/v2/lcsc/2304140030_Vishay-Intertech-TNPW06034K30BEEA_C2088918.pdf,https://www.lcsc.com/product-detail/chip-resistor-surface-mount_vishay-intertech-tnpw06034k30beea_C2088918.html,"Resistor 4.3kΩ 0.1% 125mW 0603 High Stability Thin Film Flat Chip Resistors (TNPW e3), Vishay TNPW06034K30BEEA (Flight, LCSC Extended)",resistor 4.3kΩ 0603 vishay vishay tnpw flight general purpose,9113,0.098
R 4.32k 0603 0.1% Vishay TNPW,4.32kΩ,C4139863,Extended,TNPW06034K32BEEA,Vishay,Vishay TNPW,0603,0.1%,100mW,,,,,,±25ppm/°C,E96,Flight,General Purpose,Device:R,Resistor_SMD:R_0603_1608Metric,https://wmsc.lcsc.com/wmsc/upload/file/pdf/v2/lcsc/2312131027_Vishay-Intertech-TNPW06034K32BEEA_C4139863.pdf,https://www.lcsc.com/product-detail/chip-resistor-surface-mount_vishay-intertech-tnpw06034k32beea_C4139863.html,"Resistor 4.32kΩ 0.1% 100mW 0603 High Stability Thin Film Flat Chip Resistors (TNPW e3), Vishay TNPW06034K32BEEA (Flight, LCSC Extended)",resistor 4.32kΩ 0603 vishay vishay tnpw flight general purpose,4202,0.0939
R 4.42k 0603 0.1% Vishay TNPW,4.42kΩ,C2075687,Extended,TNPW06034K42BEEA,Vishay,Vishay TNPW,0603,0.1%,125mW,75V,,,,,±25ppm/°C,E96,Flight,General Purpose,Device:R,Resistor_SMD:R_0603_1608Metric,https://wmsc.lcsc.com/wmsc/upload/file/pdf/v2/lcsc/2304140030_Vishay-Intertech-TNPW06034K42BEEA_C2075687.pdf,https://www.lcsc.com/product-detail/chip-resistor-surface-mount_vishay-intertech-tnpw06034k42beea_C2075687.html,"Resistor 4.42kΩ 0.1% 125mW 0603 High Stability Thin Film Flat Chip Resistors (TNPW e3), Vishay TNPW06034K42BEEA (Flight, LCSC Extended)",resistor 4.42kΩ 0603 vishay vishay tnpw flight general purpose,4735,0.0939
R 4.7k 0603 0.1% Vishay TNPW,4.7kΩ,C844460,Extended,TNPW06034K70BEEA,Vishay,Vishay TNPW,0603,0.1%,125mW,,,,,,±25ppm/°C,E24,Flight,General Purpose,Device:R,Resistor_SMD:R_0603_1608Metric,https://wmsc.lcsc.com/wmsc/upload/file/pdf/v2/lcsc/2210190530_Vishay-Intertech-TNPW06034K70BEEA_C844460.pdf,https://www.lcsc.com/product-detail/chip-resistor-surface-mount_vishay-intertech-tnpw06034k70beea_C844460.html,"Resistor 4.7kΩ 0.1% 125mW 0603 High Stability Thin Film Flat Chip Resistors (TNPW e3), Vishay TNPW06034K70BEEA (Flight, LCSC Extended)",resistor 4.7kΩ 0603 vishay vishay tnpw flight general purpose,7868,0.0897
R 4.75k 0603 0.1% Vishay TNPW,4.75kΩ,C2075197,Extended,TNPW06034K75BEEA,Vishay,Vishay TNPW,0603,0.1%,125mW,75V,,,,,±25ppm/°C,E96,Flight,General Purpose,Device:R,Resistor_SMD:R_0603_1608Metric,https://wmsc.lcsc.com/wmsc/upload/file/pdf/v2/lcsc/2304140030_Vishay-Intertech-TNPW06034K75BEEA_C2075197.pdf,https://www.lcsc.com/product-detail/chip-resistor-surface-mount_vishay-intertech-tnpw06034k75beea_C2075197.html,"Resistor 4.75kΩ 0.1% 125mW 0603 High Stability Thin Film Flat Chip Resistors (TNPW e3), Vishay TNPW06034K75BEEA (Flight, LCSC Extended)",resistor 4.75kΩ 0603 vishay vishay tnpw flight general purpose,1,0.6084
R 4.87k 0603 0.1% Vishay TNPW,4.87kΩ,C1870300,Extended,TNPW06034K87BEEA,Vishay,Vishay TNPW,0603,0.1%,125mW,75V,,,,,±25ppm/°C,E96,Flight,General Purpose,Device:R,Resistor_SMD:R_0603_1608Metric,https://wmsc.lcsc.com/wmsc/upload/file/pdf/v2/lcsc/2304140030_Vishay-Intertech-TNPW06034K87BEEA_C1870300.pdf,https://www.lcsc.com/product-detail/chip-resistor-surface-mount_vishay-intertech-tnpw06034k87beea_C1870300.html,"Resistor 4.87kΩ 0.1% 125mW 0603 High Stability Thin Film Flat Chip Resistors (TNPW e3), Vishay TNPW06034K87BEEA (Flight, LCSC Extended)",resistor 4.87kΩ 0603 vishay vishay tnpw flight general purpose,2768,0.1564
R 4.99k 0603 0.1% Vishay TNPW,4.99kΩ,C844461,Extended,TNPW06034K99BEEA,Vishay,Vishay TNPW,0603,0.1%,100mW,,,,,,±25ppm/°C,E96,Flight,General Purpose,Device:R,Resistor_SMD:R_0603_1608Metric,https://wmsc.lcsc.com/wmsc/upload/file/pdf/v2/lcsc/2312131902_Vishay-Intertech-TNPW06034K99BEEA_C844461.pdf,https://www.lcsc.com/product-detail/chip-resistor-surface-mount_vishay-intertech-tnpw06034k99beea_C844461.html,"Resistor 4.99kΩ 0.1% 100mW 0603 High Stability Thin Film Flat Chip Resistors (TNPW e3), Vishay TNPW06034K99BEEA (Flight, LCSC Extended)",resistor 4.99kΩ 0603 vishay vishay tnpw flight general purpose,25250,0.0785
R 5.1k 0603 0.1% Vishay TNPW,5.1kΩ,C2088892,Extended,TNPW06035K10BEEA,Vishay,Vishay TNPW,0603,0.1%,100mW,75V,,,,,±25ppm/°C,E24,Flight,General Purpose,Device:R,Resistor_SMD:R_0603_1608Metric,https://wmsc.lcsc.com/wmsc/upload/file/pdf/v2/lcsc/2304140030_Vishay-Intertech-TNPW06035K10BEEA_C2088892.pdf,https://www.lcsc.com/product-detail/chip-resistor-surface-mount_vishay-intertech-tnpw06035k10beea_C2088892.html,"Resistor 5.1kΩ 0.1% 100mW 0603 High Stability Thin Film Flat Chip Resistors (TNPW e3), Vishay TNPW06035K10BEEA (Flight, LCSC Extended)",resistor 5.1kΩ 0603 vishay vishay tnpw flight general purpose,5034,0.0952
R 5.11k 0603 0.1% Vishay TNPW,5.11kΩ,C2075108,Extended,TNPW06035K11BEEA,Vishay,Vishay TNPW,0603,0.1%,125mW,75V,,,,,±25ppm/°C,E96,Flight,General Purpose,Device:R,Resistor_SMD:R_0603_1608Metric,https://wmsc.lcsc.com/wmsc/upload/file/pdf/v2/lcsc/2304140030_Vishay-Intertech-TNPW06035K11BEEA_C2075108.pdf,https://www.lcsc.com/product-detail/chip-resistor-surface-mount_vishay-intertech-tnpw06035k11beea_C2075108.html,"Resistor 5.11kΩ 0.1% 125mW 0603 High Stability Thin Film Flat Chip Resistors (TNPW e3), Vishay TNPW06035K11BEEA (Flight, LCSC Extended)",resistor 5.11kΩ 0603 vishay vishay tnpw flight general purpose,3398,0.0855
R 5.36k 0603 0.1% Vishay TNPW,5.36kΩ,C2079162,Extended,TNPW06035K36BEEA,Vishay,Vishay TNPW,0603,0.1%,125mW,75V,,,,,±25ppm/°C,E96,Flight,General Purpose,Device:R,Resistor_SMD:R_0603_1608Metric,https://wmsc.lcsc.com/wmsc/upload/file/pdf/v2/lcsc/2304140030_Vishay-Intertech-TNPW06035K36BEEA_C2079162.pdf,https://www.lcsc.com/product-detail/chip-resistor-surface-mount_vishay-intertech-tnpw06035k36beea_C2079162.html,"Resistor 5.36kΩ 0.1% 125mW 0603 High Stability Thin Film Flat Chip Resistors (TNPW e3), Vishay TNPW06035K36BEEA (Flight, LCSC Extended)",resistor 5.36kΩ 0603 vishay vishay tnpw flight general purpose,590,0.4734
R 5.6k 0603 0.1% Vishay TNPW,5.6kΩ,C2075280,Extended,TNPW06035K60BEEA,Vishay,Vishay TNPW,0603,0.1%,100mW,75V,,,,,±25ppm/°C,E24,Flight,General Purpose,Device:R,Resistor_SMD:R_0603_1608Metric,https://wmsc.lcsc.com/wmsc/upload/file/pdf/v2/lcsc/2304140030_Vishay-Intertech-TNPW06035K60BEEA_C2075280.pdf,https://www.lcsc.com/product-detail/chip-resistor-surface-mount_vishay-intertech-tnpw06035k60beea_C2075280.html,"Resistor 5.6kΩ 0.1% 100mW 0603 High Stability Thin Film Flat Chip Resistors (TNPW e3), Vishay TNPW06035K60BEEA (Flight, LCSC Extended)",resistor 5.6kΩ 0603 vishay vishay tnpw flight general purpose,33,0.1969
R 5.62k 0603 0.1% Vishay TNPW,5.62kΩ,C4336551,Extended,TNPW06035K62BEEN,Vishay,Vishay TNPW,0603,0.1%,100mW,,,,,,±25ppm/°C,E96,Flight,General Purpose,Device:R,Resistor_SMD:R_0603_1608Metric,https://wmsc.lcsc.com/wmsc/upload/file/pdf/v2/lcsc/2312131159_Vishay-Intertech-TNPW06035K62BEEN_C4336551.pdf,https://www.lcsc.com/product-detail/chip-resistor-surface-mount_vishay-intertech-tnpw06035k62been_C4336551.html,"Resistor 5.62kΩ 0.1% 100mW 0603 High Stability Thin Film Flat Chip Resistors (TNPW e3), Vishay TNPW06035K62BEEN (Flight, LCSC Extended)",resistor 5.62kΩ 0603 vishay vishay tnpw flight general purpose,30,0.6768
R 5.76k 0603 0.1% Vishay TNPW,5.76kΩ,C2088956,Extended,TNPW06035K76BEEA,Vishay,Vishay TNPW,0603,0.1%,125mW,75V,,,,,±25ppm/°C,E96,Flight,General Purpose,Device:R,Resistor_SMD:R_0603_1608Metric,https://wmsc.lcsc.com/wmsc/upload/file/pdf/v2/lcsc/2304140030_Vishay-Intertech-TNPW06035K76BEEA_C2088956.pdf,https://www.lcsc.com/product-detail/chip-resistor-surface-mount_vishay-intertech-tnpw06035k76beea_C2088956.html,"Resistor 5.76kΩ 0.1% 125mW 0603 High Stability Thin Film Flat Chip Resistors (TNPW e3), Vishay TNPW06035K76BEEA (Flight, LCSC Extended)",resistor 5.76kΩ 0603 vishay vishay tnpw flight general purpose,3757,0.0898
R 5.9k 0603 0.1% Vishay TNPW,5.9kΩ,C2090832,Extended,TNPW06035K90BEEA,Vishay,Vishay TNPW,0603,0.1%,125mW,75V,,,,,±25ppm/°C,E96,Flight,General Purpose,Device:R,Resistor_SMD:R_0603_1608Metric,https://wmsc.lcsc.com/wmsc/upload/file/pdf/v2/lcsc/2304140030_Vishay-Intertech-TNPW06035K90BEEA_C2090832.pdf,https://www.lcsc.com/product-detail/chip-resistor-surface-mount_vishay-intertech-tnpw06035k90beea_C2090832.html,"Resistor 5.9kΩ 0.1% 125mW 0603 High Stability Thin Film Flat Chip Resistors (TNPW e3), Vishay TNPW06035K90BEEA (Flight, LCSC Extended)",resistor 5.9kΩ 0603 vishay vishay tnpw flight general purpose,28,0.5108
R 6.04k 0603 0.1% Vishay TNPW,6.04kΩ,C2075997,Extended,TNPW06036K04BEEA,Vishay,Vishay TNPW,0603,0.1%,125mW,75V,,,,,±25ppm/°C,E96,Flight,General Purpose,Device:R,Resistor_SMD:R_0603_1608Metric,https://wmsc.lcsc.com/wmsc/upload/file/pdf/v2/lcsc/2304140030_Vishay-Intertech-TNPW06036K04BEEA_C2075997.pdf,https://www.lcsc.com/product-detail/chip-resistor-surface-mount_vishay-intertech-tnpw06036k04beea_C2075997.html,"Resistor 6.04kΩ 0.1% 125mW 0603 High Stability Thin Film Flat Chip Resistors (TNPW e3), Vishay TNPW06036K04BEEA (Flight, LCSC Extended)",resistor 6.04kΩ 0603 vishay vishay tnpw flight general purpose,1676,0.0788
R 6.19k 0603 0.1% Vishay TNPW,6.19kΩ,C2089259,Extended,TNPW06036K19BEEA,Vishay,Vishay TNPW,0603,0.1%,125mW,75V,,,,,±25ppm/°C,E96,Flight,General Purpose,Device:R,Resistor_SMD:R_0603_1608Metric,https://wmsc.lcsc.com/wmsc/upload/file/pdf/v2/lcsc/2304140030_Vishay-Intertech-TNPW06036K19BEEA_C2089259.pdf,https://www.lcsc.com/product-detail/chip-resistor-surface-mount_vishay-intertech-tnpw06036k19beea_C2089259.html,"Resistor 6.19kΩ 0.1% 125mW 0603 High Stability Thin Film Flat Chip Resistors (TNPW e3), Vishay TNPW06036K19BEEA (Flight, LCSC Extended)",resistor 6.19kΩ 0603 vishay vishay tnpw flight general purpose,20,0.2392
R 6.2k 0603 0.1% Vishay TNPW,6.2kΩ,C2089387,Extended,TNPW06036K20BEEA,Vishay,Vishay TNPW,0603,0.1%,125mW,75V,,,,,±25ppm/°C,E24,Flight,General Purpose,Device:R,Resistor_SMD:R_0603_1608Metric,https://wmsc.lcsc.com/wmsc/upload/file/pdf/v2/lcsc/2304140030_Vishay-Intertech-TNPW06036K20BEEA_C2089387.pdf,https://www.lcsc.com/product-detail/chip-resistor-surface-mount_vishay-intertech-tnpw06036k20beea_C2089387.html,"Resistor 6.2kΩ 0.1% 125mW 0603 High Stability Thin Film Flat Chip Resistors (TNPW e3), Vishay TNPW06036K20BEEA (Flight, LCSC Extended)",resistor 6.2kΩ 0603 vishay vishay tnpw flight general purpose,3,0.2131
R 6.34k 0603 0.1% Vishay TNPW,6.34kΩ,C844059,Extended,TNPW06036K34BEEA,Vishay,Vishay TNPW,0603,0.1%,100mW,,,,,,±25ppm/°C,E96,Flight,General Purpose,Device:R,Resistor_SMD:R_0603_1608Metric,https://wmsc.lcsc.com/wmsc/upload/file/pdf/v2/lcsc/2206081730_Vishay-Intertech-TNPW06036K34BEEA_C844059.pdf,https://www.lcsc.com/product-detail/chip-resistor-surface-mount_vishay-intertech-tnpw06036k34beea_C844059.html,"Resistor 6.34kΩ 0.1% 100mW 0603 High Stability Thin Film Flat Chip Resistors (TNPW e3), Vishay TNPW06036K34BEEA (Flight, LCSC Extended)",resistor 6.34kΩ 0603 vishay vishay tnpw flight general purpose,182,0.2237
R 6.65k 0603 0.1% Vishay TNPW,6.65kΩ,C2075101,Extended,TNPW06036K65BEEA,Vishay,Vishay TNPW,0603,0.1%,125mW,75V,,,,,±25ppm/°C,E96,Flight,General Purpose,Device:R,Resistor_SMD:R_0603_1608Metric,https://wmsc.lcsc.com/wmsc/upload/file/pdf/v2/lcsc/2304140030_Vishay-Intertech-TNPW06036K65BEEA_C2075101.pdf,https://www.lcsc.com/product-detail/chip-resistor-surface-mount_vishay-intertech-tnpw06036k65beea_C2075101.html,"Resistor 6.65kΩ 0.1% 125mW 0603 High Stability Thin Film Flat Chip Resistors (TNPW e3), Vishay TNPW06036K65BEEA (Flight, LCSC Extended)",resistor 6.65kΩ 0603 vishay vishay tnpw flight general purpose,22,0.5824
R 6.8k 0603 0.1% Vishay TNPW,6.8kΩ,C844268,Extended,TNPW06036K80BEEA,Vishay,Vishay TNPW,0603,0.1%,125mW,,,,,,±25ppm/°C,E24,Flight,General Purpose,Device:R,Resistor_SMD:R_0603_1608Metric,https://wmsc.lcsc.com/wmsc/upload/file/pdf/v2/lcsc/2210190530_Vishay-Intertech-TNPW06036K80BEEA_C844268.pdf,https://www.lcsc.com/product-detail/chip-resistor-surface-mount_vishay-intertech-tnpw06036k80beea_C844268.html,"Resistor 6.8kΩ 0.1% 125mW 0603 High Stability Thin Film Flat Chip Resistors (TNPW e3), Vishay TNPW06036K80BEEA (Flight, LCSC Extended)",resistor 6.8kΩ 0603 vishay vishay tnpw flight general purpose,8340,0.0684
R 6.98k 0603 0.1% Vishay TNPW,6.98kΩ,C2075356,Extended,TNPW06036K98BEEA,Vishay,Vishay TNPW,0603,0.1%,125mW,75V,,,,,±25ppm/°C,E96,Flight,General Purpose,Device:R,Resistor_SMD:R_0603_1608Metric,https://wmsc.lcsc.com/wmsc/upload/file/pdf/v2/lcsc/2304140030_Vishay-Intertech-TNPW06036K98BEEA_C2075356.pdf,https://www.lcsc.com/product-detail/chip-resistor-surface-mount_vishay-intertech-tnpw06036k98beea_C2075356.html,"Resistor 6.98kΩ 0.1% 125mW 0603 High Stability Thin Film Flat Chip Resistors (TNPW e3), Vishay TNPW06036K98BEEA (Flight, LCSC Extended)",resistor 6.98kΩ 0603 vishay vishay tnpw flight general purpose,6,0.0939
R 7.5k 0603 0.1% Vishay TNPW,7.5kΩ,C844060,Extended,TNPW06037K50BEEA,Vishay,Vishay TNPW,0603,0.1%,125mW,,,,,,±25ppm/°C,E24,Flight,General Purpose,Device:R,Resistor_SMD:R_0603_1608Metric,https://wmsc.lcsc.com/wmsc/upload/file/pdf/v2/lcsc/2210190530_Vishay-Intertech-TNPW06037K50BEEA_C844060.pdf,https://www.lcsc.com/product-detail/chip-resistor-surface-mount_vishay-intertech-tnpw06037k50beea_C844060.html,"Resistor 7.5kΩ 0.1% 125mW 0603 High Stability Thin Film Flat Chip Resistors (TNPW e3), Vishay TNPW06037K50BEEA (Flight, LCSC Extended)",resistor 7.5kΩ 0603 vishay vishay tnpw flight general purpose,716,0.2454
R 7.87k 0603 0.1% Vishay TNPW,7.87kΩ,C2087965,Extended,TNPW06037K87BEEA,Vishay,Vishay TNPW,0603,0.1%,125mW,75V,,,,,±25ppm/°C,E96,Flight,General Purpose,Device:R,Resistor_SMD:R_0603_1608Metric,https://wmsc.lcsc.com/wmsc/upload/file/pdf/v2/lcsc/2304140030_Vishay-Intertech-TNPW06037K87BEEA_C2087965.pdf,https://www.lcsc.com/product-detail/chip-resistor-surface-mount_vishay-intertech-tnpw06037k87beea_C2087965.html,"Resistor 7.87kΩ 0.1% 125mW 0603 High Stability Thin Film Flat Chip Resistors (TNPW e3), Vishay TNPW06037K87BEEA (Flight, LCSC Extended)",resistor 7.87kΩ 0603 vishay vishay tnpw flight general purpose,3626,0.0926
R 8.06k 0603 0.1% Vishay TNPW,8.06kΩ,C2075702,Extended,TNPW06038K06BEEA,Vishay,Vishay TNPW,0603,0.1%,125mW,75V,,,,,±25ppm/°C,E96,Flight,General Purpose,Device:R,Resistor_SMD:R_0603_1608Metric,https://wmsc.lcsc.com/wmsc/upload/file/pdf/v2/lcsc/2304140030_Vishay-Intertech-TNPW06038K06BEEA_C2075702.pdf,https://www.lcsc.com/product-detail/chip-resistor-surface-mount_vishay-intertech-tnpw06038k06beea_C2075702.html,"Resistor 8.06kΩ 0.1% 125mW 0603 High Stability Thin Film Flat Chip Resistors (TNPW e3), Vishay TNPW06038K06BEEA (Flight, LCSC Extended)",resistor 8.06kΩ 0603 vishay vishay tnpw flight general purpose,100,0.4799
R 8.2k 0603 0.1% Vishay TNPW,8.2kΩ,C2083151,Extended,TNPW06038K20BEEA,Vishay,Vishay TNPW,0603,0.1%,125mW,75V,,,,,±25ppm/°C,E24,Flight,General Purpose,Device:R,Resistor_SMD:R_0603_1608Metric,https://wmsc.lcsc.com/wmsc/upload/file/pdf/v2/lcsc/2304140030_Vishay-Intertech-TNPW06038K20BEEA_C2083151.pdf,https://www.lcsc.com/product-detail/chip-resistor-surface-mount_vishay-intertech-tnpw06038k20beea_C2083151.html,"Resistor 8.2kΩ 0.1% 125mW 0603 High Stability Thin Film Flat Chip Resistors (TNPW e3), Vishay TNPW06038K20BEEA (Flight, LCSC Extended)",resistor 8.2kΩ 0603 vishay vishay tnpw flight general purpose,3507,0.1095
R 8.25k 0603 0.1% Vishay TNPW,8.25kΩ,C2075586,Extended,TNPW06038K25BEEA,Vishay,Vishay TNPW,0603,0.1%,125mW,75V,,,,,±25ppm/°C,E96,Flight,General Purpose,Device:R,Resistor_SMD:R_0603_1608Metric,https://wmsc.lcsc.com/wmsc/upload/file/pdf/v2/lcsc/2304140030_Vishay-Intertech-TNPW06038K25BEEA_C2075586.pdf,https://www.lcsc.com/product-detail/chip-resistor-surface-mount_vishay-intertech-tnpw06038k25beea_C2075586.html,"Resistor 8.25kΩ 0.1% 125mW 0603 High Stability Thin Film Flat Chip Resistors (TNPW e3), Vishay TNPW06038K25BEEA (Flight, LCSC Extended)",resistor 8.25kΩ 0603 vishay vishay tnpw flight general purpose,30,0.2144
R 8.45k 0603 0.1% Vishay TNPW,8.45kΩ,C4146274,Extended,TNPW06038K45BEEA,Vishay,Vishay TNPW,0603,0.1%,100mW,,,,,,±25ppm/°C,E96,Flight,General Purpose,Device:R,Resistor_SMD:R_0603_1608Metric,https://wmsc.lcsc.com/wmsc/upload/file/pdf/v2/lcsc/2312131030_Vishay-Intertech-TNPW06038K45BEEA_C4146274.pdf,https://www.lcsc.com/product-detail/chip-resistor-surface-mount_vishay-intertech-tnpw06038k45beea_C4146274.html,"Resistor 8.45kΩ 0.1% 100mW 0603 High Stability Thin Film Flat Chip Resistors (TNPW e3), Vishay TNPW06038K45BEEA (Flight, LCSC Extended)",resistor 8.45kΩ 0603 vishay vishay tnpw flight general purpose,23,0.2327
R 8.87k 0603 0.1% Vishay TNPW,8.87kΩ,C4185952,Extended,TNPW06038K87BEEA,Vishay,Vishay TNPW,0603,0.1%,100mW,,,,,,±25ppm/°C,E96,Flight,General Purpose,Device:R,Resistor_SMD:R_0603_1608Metric,https://wmsc.lcsc.com/wmsc/upload/file/pdf/v2/lcsc/2312131048_Vishay-Intertech-TNPW06038K87BEEA_C4185952.pdf,https://www.lcsc.com/product-detail/chip-resistor-surface-mount_vishay-intertech-tnpw06038k87beea_C4185952.html,"Resistor 8.87kΩ 0.1% 100mW 0603 High Stability Thin Film Flat Chip Resistors (TNPW e3), Vishay TNPW06038K87BEEA (Flight, LCSC Extended)",resistor 8.87kΩ 0603 vishay vishay tnpw flight general purpose,4779,0.0898
R 9.1k 0603 0.1% Vishay TNPW,9.1kΩ,C4068032,Extended,TNPW06039K10BEEA,Vishay,Vishay TNPW,0603,0.1%,100mW,,,,,,±25ppm/°C,E24,Flight,General Purpose,Device:R,Resistor_SMD:R_0603_1608Metric,https://wmsc.lcsc.com/wmsc/upload/file/pdf/v2/lcsc/2312130948_Vishay-Intertech-TNPW06039K10BEEA_C4068032.pdf,https://www.lcsc.com/product-detail/chip-resistor-surface-mount_vishay-intertech-tnpw06039k10beea_C4068032.html,"Resistor 9.1kΩ 0.1% 100mW 0603 High Stability Thin Film Flat Chip Resistors (TNPW e3), Vishay TNPW06039K10BEEA (Flight, LCSC Extended)",resistor 9.1kΩ 0603 vishay vishay tnpw flight general purpose,93,0.3335
R 9.53k 0603 0.1% Vishay TNPW,9.53kΩ,C2090137,Extended,TNPW06039K53BEEA,Vishay,Vishay TNPW,0603,0.1%,125mW,75V,,,,,±25ppm/°C,E96,Flight,General Purpose,Device:R,Resistor_SMD:R_0603_1608Metric,https://wmsc.lcsc.com/wmsc/upload/file/pdf/v2/lcsc/2304140030_Vishay-Intertech-TNPW06039K53BEEA_C2090137.pdf,https://www.lcsc.com/product-detail/chip-resistor-surface-mount_vishay-intertech-tnpw06039k53beea_C2090137.html,"Resistor 9.53kΩ 0.1% 125mW 0603 High Stability Thin Film Flat Chip Resistors (TNPW e3), Vishay TNPW06039K53BEEA (Flight, LCSC Extended)",resistor 9.53kΩ 0603 vishay vishay tnpw flight general purpose,885,0.4669
R 9.76k 0603 0.1% Vishay TNPW,9.76kΩ,C2075689,Extended,TNPW06039K76BEEA,Vishay,Vishay TNPW,0603,0.1%,125mW,75V,,,,,±25ppm/°C,E96,Flight,General Purpose,Device:R,Resistor_SMD:R_0603_1608Metric,https://wmsc.lcsc.com/wmsc/upload/file/pdf/v2/lcsc/2304140030_Vishay-Intertech-TNPW06039K76BEEA_C2075689.pdf,https://www.lcsc.com/product-detail/chip-resistor-surface-mount_vishay-intertech-tnpw06039k76beea_C2075689.html,"Resistor 9.76kΩ 0.1% 125mW 0603 High Stability Thin Film Flat Chip Resistors (TNPW e3), Vishay TNPW06039K76BEEA (Flight, LCSC Extended)",resistor 9.76kΩ 0603 vishay vishay tnpw flight general purpose,8822,0.089
R 10k 0603 0.1% Vishay TNPW,10kΩ,C844890,Extended,TNPW060310K0BEEA,Vishay,Vishay TNPW,0603,0.1%,125mW,,,,,,±25ppm/°C,E24,Flight,General Purpose,Device:R,Resistor_SMD:R_0603_1608Metric,https://wmsc.lcsc.com/wmsc/upload/file/pdf/v2/lcsc/2210190530_Vishay-Intertech-TNPW060310K0BEEA_C844890.pdf,https://www.lcsc.com/product-detail/chip-resistor-surface-mount_vishay-intertech-tnpw060310k0beea_C844890.html,"Resistor 10kΩ 0.1% 125mW 0603 High Stability Thin Film Flat Chip Resistors (TNPW e3), Vishay TNPW060310K0BEEA (Flight, LCSC Extended)",resistor 10kΩ 0603 vishay vishay tnpw flight general purpose,82484,0.0705
R 10k 0603 1% Vishay TNPW,10kΩ,C4308917,Extended,TNPW060310K0FHTA,Vishay,Vishay TNPW,0603,1%,100mW,,,,,,±50ppm/°C,E24,Flight,General Purpose,Device:R,Resistor_SMD:R_0603_1608Metric,https://wmsc.lcsc.com/wmsc/upload/file/pdf/v2/lcsc/2312131146_Vishay-Intertech-TNPW060310K0FHTA_C4308917.pdf,https://www.lcsc.com/product-detail/chip-resistor-surface-mount_vishay-intertech-tnpw060310k0fhta_C4308917.html,"Resistor 10kΩ 1% 100mW 0603 High Stability Thin Film Flat Chip Resistors (TNPW e3), Vishay TNPW060310K0FHTA (Flight, LCSC Extended)",resistor 10kΩ 0603 vishay vishay tnpw flight general purpose,54,0.1409
R 10.2k 0603 0.1% Vishay TNPW,10.2kΩ,C4303159,Extended,TNPW060310K2BEEA,Vishay,Vishay TNPW,0603,0.1%,100mW,,,,,,±25ppm/°C,E96,Flight,General Purpose,Device:R,Resistor_SMD:R_0603_1608Metric,https://wmsc.lcsc.com/wmsc/upload/file/pdf/v2/lcsc/2312131143_Vishay-Intertech-TNPW060310K2BEEA_C4303159.pdf,https://www.lcsc.com/product-detail/chip-resistor-surface-mount_vishay-intertech-tnpw060310k2beea_C4303159.html,"Resistor 10.2kΩ 0.1% 100mW 0603 High Stability Thin Film Flat Chip Resistors (TNPW e3), Vishay TNPW060310K2BEEA (Flight, LCSC Extended)",resistor 10.2kΩ 0603 vishay vishay tnpw flight general purpose,1363,0.2616
R 11k 0603 0.1% Vishay TNPW,11kΩ,C3960601,Extended,TNPW060311K0BEEA,Vishay,Vishay TNPW,0603,0.1%,100mW,,,,,,±25ppm/°C,E24,Flight,General Purpose,Device:R,Resistor_SMD:R_0603_1608Metric,https://wmsc.lcsc.com/wmsc/upload/file/pdf/v2/lcsc/2312160125_Vishay-Intertech-TNPW060311K0BEEA_C3960601.pdf,https://www.lcsc.com/product-detail/chip-resistor-surface-mount_vishay-intertech-tnpw060311k0beea_C3960601.html,"Resistor 11kΩ 0.1% 100mW 0603 High Stability Thin Film Flat Chip Resistors (TNPW e3), Vishay TNPW060311K0BEEA (Flight, LCSC Extended)",resistor 11kΩ 0603 vishay vishay tnpw flight general purpose,19,0.2929
R 11.3k 0603 0.1% Vishay TNPW,11.3kΩ,C3980906,Extended,TNPW060311K3BEEA,Vishay,Vishay TNPW,0603,0.1%,100mW,,,,,,±25ppm/°C,E96,Flight,General Purpose,Device:R,Resistor_SMD:R_0603_1608Metric,https://wmsc.lcsc.com/wmsc/upload/file/pdf/v2/lcsc/2312121742_Vishay-Intertech-TNPW060311K3BEEA_C3980906.pdf,https://www.lcsc.com/product-detail/chip-resistor-surface-mount_vishay-intertech-tnpw060311k3beea_C3980906.html,"Resistor 11.3kΩ 0.1% 100mW 0603 High Stability Thin Film Flat Chip Resistors (TNPW e3), Vishay TNPW060311K3BEEA (Flight, LCSC Extended)",resistor 11.3kΩ 0603 vishay vishay tnpw flight general purpose,4624,0.0986
R 11.5k 0603 0.1% Vishay TNPW,11.5kΩ,C4093058,Extended,TNPW060311K5BEEA,Vishay,Vishay TNPW,0603,0.1%,100mW,,,,,,±25ppm/°C,E96,Flight,General Purpose,Device:R,Resistor_SMD:R_0603_1608Metric,https://wmsc.lcsc.com/wmsc/upload/file/pdf/v2/lcsc/2312131002_Vishay-Intertech-TNPW060311K5BEEA_C4093058.pdf,https://www.lcsc.com/product-detail/chip-resistor-surface-mount_vishay-intertech-tnpw060311k5beea_C4093058.html,"Resistor 11.5kΩ 0.1% 100mW 0603 High Stability Thin Film Flat Chip Resistors (TNPW e3), Vishay TNPW060311K5BEEA (Flight, LCSC Extended)",resistor 11.5kΩ 0603 vishay vishay tnpw flight general purpose,19,0.2343
R 12k 0603 0.1% Vishay TNPW,12kΩ,C844057,Extended,TNPW060312K0BEEA,Vishay,Vishay TNPW,0603,0.1%,125mW,,,,,,±25ppm/°C,E24,Flight,General Purpose,Device:R,Resistor_SMD:R_0603_1608Metric,https://wmsc.lcsc.com/wmsc/upload/file/pdf/v2/lcsc/2210190530_Vishay-Intertech-TNPW060312K0BEEA_C844057.pdf,https://www.lcsc.com/product-detail/chip-resistor-surface-mount_vishay-intertech-tnpw060312k0beea_C844057.html,"Resistor 12kΩ 0.1% 125mW 0603 High Stability Thin Film Flat Chip Resistors (TNPW e3), Vishay TNPW060312K0BEEA (Flight, LCSC Extended)",resistor 12kΩ 0603 vishay vishay tnpw flight general purpose,3245,0.0837
R 12.1k 0603 0.1% Vishay TNPW,12.1kΩ,C2075023,Extended,TNPW060312K1BEEA,Vishay,Vishay TNPW,0603,0.1%,125mW,75V,,,,,±25ppm/°C,E96,Flight,General Purpose,Device:R,Resistor_SMD:R_0603_1608Metric,https://wmsc.lcsc.com/wmsc/upload/file/pdf/v2/lcsc/2304140030_Vishay-Intertech-TNPW060312K1BEEA_C2075023.pdf,https://www.lcsc.com/product-detail/chip-resistor-surface-mount_vishay-intertech-tnpw060312k1beea_C2075023.html,"Resistor 12.1kΩ 0.1% 125mW 0603 High Stability Thin Film Flat Chip Resistors (TNPW e3), Vishay TNPW060312K1BEEA (Flight, LCSC Extended)",resistor 12.1kΩ 0603 vishay vishay tnpw flight general purpose,23,0.2603
R 13k 0603 0.1% Vishay TNPW,13kΩ,C2088728,Extended,TNPW060313K0BEEA,Vishay,Vishay TNPW,0603,0.1%,125mW,75V,,,,,±25ppm/°C,E24,Flight,General Purpose,Device:R,Resistor_SMD:R_0603_1608Metric,https://wmsc.lcsc.com/wmsc/upload/file/pdf/v2/lcsc/2304140030_Vishay-Intertech-TNPW060313K0BEEA_C2088728.pdf,https://www.lcsc.com/product-detail/chip-resistor-surface-mount_vishay-intertech-tnpw060313k0beea_C2088728.html,"Resistor 13kΩ 0.1% 125mW 0603 High Stability Thin Film Flat Chip Resistors (TNPW e3), Vishay TNPW060313K0BEEA (Flight, LCSC Extended)",resistor 13kΩ 0603 vishay vishay tnpw flight general purpose,470,0.1177
R 13.3k 0603 0.1% Vishay TNPW,13.3kΩ,C2075827,Extended,TNPW060313K3BEEA,Vishay,Vishay TNPW,0603,0.1%,125mW,75V,,,,,±25ppm/°C,E96,Flight,General Purpose,Device:R,Resistor_SMD:R_0603_1608Metric,https://wmsc.lcsc.com/wmsc/upload/file/pdf/v2/lcsc/2304140030_Vishay-Intertech-TNPW060313K3BEEA_C2075827.pdf,https://www.lcsc.com/product-detail/chip-resistor-surface-mount_vishay-intertech-tnpw060313k3beea_C2075827.html,"Resistor 13.3kΩ 0.1% 125mW 0603 High Stability Thin Film Flat Chip Resistors (TNPW e3), Vishay TNPW060313K3BEEA (Flight, LCSC Extended)",resistor 13.3kΩ 0603 vishay vishay tnpw flight general purpose,208,0.6133
R 13.7k 0603 0.1% Vishay TNPW,13.7kΩ,C2075559,Extended,TNPW060313K7BEEA,Vishay,Vishay TNPW,0603,0.1%,125mW,75V,,,,,±25ppm/°C,E96,Flight,General Purpose,Device:R,Resistor_SMD:R_0603_1608Metric,https://wmsc.lcsc.com/wmsc/upload/file/pdf/v2/lcsc/2304140030_Vishay-Intertech-TNPW060313K7BEEA_C2075559.pdf,https://www.lcsc.com/product-detail/chip-resistor-surface-mount_vishay-intertech-tnpw060313k7beea_C2075559.html,"Resistor 13.7kΩ 0.1% 125mW 0603 High Stability Thin Film Flat Chip Resistors (TNPW e3), Vishay TNPW060313K7BEEA (Flight, LCSC Extended)",resistor 13.7kΩ 0603 vishay vishay tnpw flight general purpose,4874,0.1025
R 14k 0603 0.1% Vishay TNPW,14kΩ,C844058,Extended,TNPW060314K0BEEA,Vishay,Vishay TNPW,0603,0.1%,125mW,,,,,,±25ppm/°C,E96,Flight,General Purpose,Device:R,Resistor_SMD:R_0603_1608Metric,https://wmsc.lcsc.com/wmsc/upload/file/pdf/v2/lcsc/2210190530_Vishay-Intertech-TNPW060314K0BEEA_C844058.pdf,https://www.lcsc.com/product-detail/chip-resistor-surface-mount_vishay-intertech-tnpw060314k0beea_C844058.html,"Resistor 14kΩ 0.1% 125mW 0603 High Stability Thin Film Flat Chip Resistors (TNPW e3), Vishay TNPW060314K0BEEA (Flight, LCSC Extended)",resistor 14kΩ 0603 vishay vishay tnpw flight general purpose,30,0.231
R 15k 0603 0.1% Vishay TNPW,15kΩ,C844454,Extended,TNPW060315K0BEEA,Vishay,Vishay TNPW,0603,0.1%,125mW,,,,,,±25ppm/°C,E24,Flight,General Purpose,Device:R,Resistor_SMD:R_0603_1608Metric,https://wmsc.lcsc.com/wmsc/upload/file/pdf/v2/lcsc/2210190530_Vishay-Intertech-TNPW060315K0BEEA_C844454.pdf,https://www.lcsc.com/product-detail/chip-resistor-surface-mount_vishay-intertech-tnpw060315k0beea_C844454.html,"Resistor 15kΩ 0.1% 125mW 0603 High Stability Thin Film Flat Chip Resistors (TNPW e3), Vishay TNPW060315K0BEEA (Flight, LCSC Extended)",resistor 15kΩ 0603 vishay vishay tnpw flight general purpose,498,0.423
R 15.4k 0603 0.1% Vishay TNPW,15.4kΩ,C844264,Extended,TNPW060315K4BEEA,Vishay,Vishay TNPW,0603,0.1%,125mW,,,,,,±25ppm/°C,E96,Flight,General Purpose,Device:R,Resistor_SMD:R_0603_1608Metric,https://wmsc.lcsc.com/wmsc/upload/file/pdf/v2/lcsc/2210190530_Vishay-Intertech-TNPW060315K4BEEA_C844264.pdf,https://www.lcsc.com/product-detail/chip-resistor-surface-mount_vishay-intertech-tnpw060315k4beea_C844264.html,"Resistor 15.4kΩ 0.1% 125mW 0603 High Stability Thin Film Flat Chip Resistors (TNPW e3), Vishay TNPW060315K4BEEA (Flight, LCSC Extended)",resistor 15.4kΩ 0603 vishay vishay tnpw flight general purpose,4766,0.0864
R 15.8k 0603 0.1% Vishay TNPW,15.8kΩ,C4291574,Extended,TNPW060315K8BEEA,Vishay,Vishay TNPW,0603,0.1%,100mW,,,,,,±25ppm/°C,E96,Flight,General Purpose,Device:R,Resistor_SMD:R_0603_1608Metric,https://wmsc.lcsc.com/wmsc/upload/file/pdf/v2/lcsc/2312131137_Vishay-Intertech-TNPW060315K8BEEA_C4291574.pdf,https://www.lcsc.com/product-detail/chip-resistor-surface-mount_vishay-intertech-tnpw060315k8beea_C4291574.html,"Resistor 15.8kΩ 0.1% 100mW 0603 High Stability Thin Film Flat Chip Resistors (TNPW e3), Vishay TNPW060315K8BEEA (Flight, LCSC Extended)",resistor 15.8kΩ 0603 vishay vishay tnpw flight general purpose,23,0.3547
R 16k 0603 0.1% Vishay TNPW,16kΩ,C6333573,Extended,TNPW060316K0BEEA,Vishay,Vishay TNPW,0603,0.1%,100mW,,,,,,±25ppm/°C,E24,Flight,General Purpose,Device:R,Resistor_SMD:R_0603_1608Metric,https://wmsc.lcsc.com/wmsc/upload/file/pdf/v2/lcsc/2312131710_Vishay-Intertech-TNPW060316K0BEEA_C6333573.pdf,https://www.lcsc.com/product-detail/chip-resistor-surface-mount_vishay-intertech-tnpw060316k0beea_C6333573.html,"Resistor 16kΩ 0.1% 100mW 0603 High Stability Thin Film Flat Chip Resistors (TNPW e3), Vishay TNPW060316K0BEEA (Flight, LCSC Extended)",resistor 16kΩ 0603 vishay vishay tnpw flight general purpose,10,0.2143
R 16.5k 0603 0.1% Vishay TNPW,16.5kΩ,C2088784,Extended,TNPW060316K5BEEA,Vishay,Vishay TNPW,0603,0.1%,125mW,75V,,,,,±25ppm/°C,E96,Flight,General Purpose,Device:R,Resistor_SMD:R_0603_1608Metric,https://wmsc.lcsc.com/wmsc/upload/file/pdf/v2/lcsc/2304140030_Vishay-Intertech-TNPW060316K5BEEA_C2088784.pdf,https://www.lcsc.com/product-detail/chip-resistor-surface-mount_vishay-intertech-tnpw060316k5beea_C2088784.html,"Resistor 16.5kΩ 0.1% 125mW 0603 High Stability Thin Film Flat Chip Resistors (TNPW e3), Vishay TNPW060316K5BEEA (Flight, LCSC Extended)",resistor 16.5kΩ 0603 vishay vishay tnpw flight general purpose,4912,0.0918
R 16.9k 0603 0.1% Vishay TNPW,16.9kΩ,C2089051,Extended,TNPW060316K9BEEA,Vishay,Vishay TNPW,0603,0.1%,125mW,75V,,,,,±25ppm/°C,E96,Flight,General Purpose,Device:R,Resistor_SMD:R_0603_1608Metric,https://wmsc.lcsc.com/wmsc/upload/file/pdf/v2/lcsc/2304140030_Vishay-Intertech-TNPW060316K9BEEA_C2089051.pdf,https://www.lcsc.com/product-detail/chip-resistor-surface-mount_vishay-intertech-tnpw060316k9beea_C2089051.html,"Resistor 16.9kΩ 0.1% 125mW 0603 High Stability Thin Film Flat Chip Resistors (TNPW e3), Vishay TNPW060316K9BEEA (Flight, LCSC Extended)",resistor 16.9kΩ 0603 vishay vishay tnpw flight general purpose,2447,0.1668
R 17.8k 0603 0.1% Vishay TNPW,17.8kΩ,C2075605,Extended,TNPW060317K8BEEA,Vishay,Vishay TNPW,0603,0.1%,125mW,75V,,,,,±25ppm/°C,E96,Flight,General Purpose,Device:R,Resistor_SMD:R_0603_1608Metric,https://wmsc.lcsc.com/wmsc/upload/file/pdf/v2/lcsc/2304140030_Vishay-Intertech-TNPW060317K8BEEA_C2075605.pdf,https://www.lcsc.com/product-detail/chip-resistor-surface-mount_vishay-intertech-tnpw060317k8beea_C2075605.html,"Resistor 17.8kΩ 0.1% 125mW 0603 High Stability Thin Film Flat Chip Resistors (TNPW e3), Vishay TNPW060317K8BEEA (Flight, LCSC Extended)",resistor 17.8kΩ 0603 vishay vishay tnpw flight general purpose,50,0.2179
R 18k 0603 0.1% Vishay TNPW,18kΩ,C5334398,Extended,TNPW060318K0BEEA,Vishay,Vishay TNPW,0603,0.1%,100mW,,,,,,±25ppm/°C,E24,Flight,General Purpose,Device:R,Resistor_SMD:R_0603_1608Metric,https://wmsc.lcsc.com/wmsc/upload/file/pdf/v2/lcsc/2212301230_Vishay-Intertech-TNPW060318K0BEEA_C5334398.pdf,https://www.lcsc.com/product-detail/chip-resistor-surface-mount_vishay-intertech-tnpw060318k0beea_C5334398.html,"Resistor 18kΩ 0.1% 100mW 0603 High Stability Thin Film Flat Chip Resistors (TNPW e3), Vishay TNPW060318K0BEEA (Flight, LCSC Extended)",resistor 18kΩ 0603 vishay vishay tnpw flight general purpose,2999,0.1655
R 18.2k 0603 0.1% Vishay TNPW,18.2kΩ,C2075817,Extended,TNPW060318K2BEEA,Vishay,Vishay TNPW,0603,0.1%,125mW,75V,,,,,±25ppm/°C,E96,Flight,General Purpose,Device:R,Resistor_SMD:R_0603_1608Metric,https://wmsc.lcsc.com/wmsc/upload/file/pdf/v2/lcsc/2304140030_Vishay-Intertech-TNPW060318K2BEEA_C2075817.pdf,https://www.lcsc.com/product-detail/chip-resistor-surface-mount_vishay-intertech-tnpw060318k2beea_C2075817.html,"Resistor 18.2kΩ 0.1% 125mW 0603 High Stability Thin Film Flat Chip Resistors (TNPW e3), Vishay TNPW060318K2BEEA (Flight, LCSC Extended)",resistor 18.2kΩ 0603 vishay vishay tnpw flight general purpose,134,0.4116
R 19.1k 0603 0.1% Vishay TNPW,19.1kΩ,C3009193,Extended,TNPW060319K1BEEN,Vishay,Vishay TNPW,0603,0.1%,100mW,,,,,,±25ppm/°C,E96,Flight,General Purpose,Device:R,Resistor_SMD:R_0603_1608Metric,https://wmsc.lcsc.com/wmsc/upload/file/pdf/v2/lcsc/2205181716_Vishay-Intertech-TNPW060319K1BEEN_C3009193.pdf,https://www.lcsc.com/product-detail/chip-resistor-surface-mount_vishay-intertech-tnpw060319k1been_C3009193.html,"Resistor 19.1kΩ 0.1% 100mW 0603 High Stability Thin Film Flat Chip Resistors (TNPW e3), Vishay TNPW060319K1BEEN (Flight, LCSC Extended)",resistor 19.1kΩ 0603 vishay vishay tnpw flight general purpose,4,0.5011
R 19.6k 0603 0.1% Vishay TNPW,19.6kΩ,C2079053,Extended,TNPW060319K6BEEA,Vishay,Vishay TNPW,0603,0.1%,125mW,75V,,,,,±25ppm/°C,E96,Flight,General Purpose,Device:R,Resistor_SMD:R_0603_1608Metric,https://wmsc.lcsc.com/wmsc/upload/file/pdf/v2/lcsc/2304140030_Vishay-Intertech-TNPW060319K6BEEA_C2079053.pdf,https://www.lcsc.com/product-detail/chip-resistor-surface-mount_vishay-intertech-tnpw060319k6beea_C2079053.html,"Resistor 19.6kΩ 0.1% 125mW 0603 High Stability Thin Film Flat Chip Resistors (TNPW e3), Vishay TNPW060319K6BEEA (Flight, LCSC Extended)",resistor 19.6kΩ 0603 vishay vishay tnpw flight general purpose,2274,0.4246
R 20k 0603 0.1% Vishay TNPW,20kΩ,C844676,Extended,TNPW060320K0BEEA,Vishay,Vishay TNPW,0603,0.1%,125mW,,,,,,±25ppm/°C,E24,Flight,General Purpose,Device:R,Resistor_SMD:R_0603_1608Metric,https://wmsc.lcsc.com/wmsc/upload/file/pdf/v2/lcsc/2210190530_Vishay-Intertech-TNPW060320K0BEEA_C844676.pdf,https://www.lcsc.com/product-detail/chip-resistor-surface-mount_vishay-intertech-tnpw060320k0beea_C844676.html,"Resistor 20kΩ 0.1% 125mW 0603 High Stability Thin Film Flat Chip Resistors (TNPW e3), Vishay TNPW060320K0BEEA (Flight, LCSC Extended)",resistor 20kΩ 0603 vishay vishay tnpw flight general purpose,18320,0.0786
R 21.5k 0603 0.1% Vishay TNPW,21.5kΩ,C4347105,Extended,TNPW060321K5BEEA,Vishay,Vishay TNPW,0603,0.1%,100mW,,,,,,±25ppm/°C,E96,Flight,General Purpose,Device:R,Resistor_SMD:R_0603_1608Metric,https://wmsc.lcsc.com/wmsc/upload/file/pdf/v2/lcsc/2212221930_Vishay-Intertech-TNPW060321K5BEEA_C4347105.pdf,https://www.lcsc.com/product-detail/chip-resistor-surface-mount_vishay-intertech-tnpw060321k5beea_C4347105.html,"Resistor 21.5kΩ 0.1% 100mW 0603 High Stability Thin Film Flat Chip Resistors (TNPW e3), Vishay TNPW060321K5BEEA (Flight, LCSC Extended)",resistor 21.5kΩ 0603 vishay vishay tnpw flight general purpose,10,0.2343
R 22k 0603 0.1% Vishay TNPW,22kΩ,C2075372,Extended,TNPW060322K0BEEA,Vishay,Vishay TNPW,0603,0.1%,125mW,75V,,,,,±25ppm/°C,E24,Flight,General Purpose,Device:R,Resistor_SMD:R_0603_1608Metric,https://wmsc.lcsc.com/wmsc/upload/file/pdf/v2/lcsc/2304140030_Vishay-Intertech-TNPW060322K0BEEA_C2075372.pdf,https://www.lcsc.com/product-detail/chip-resistor-surface-mount_vishay-intertech-tnpw060322k0beea_C2075372.html,"Resistor 22kΩ 0.1% 125mW 0603 High Stability Thin Film Flat Chip Resistors (TNPW e3), Vishay TNPW060322K0BEEA (Flight, LCSC Extended)",resistor 22kΩ 0603 vishay vishay tnpw flight general purpose,2498,0.116
R 22.1k 0603 0.1% Vishay TNPW,22.1kΩ,C2081807,Extended,TNPW060322K1BEEA,Vishay,Vishay TNPW,0603,0.1%,125mW,75V,,,,,±25ppm/°C,E96,Flight,General Purpose,Device:R,Resistor_SMD:R_0603_1608Metric,https://wmsc.lcsc.com/wmsc/upload/file/pdf/v2/lcsc/2304140030_Vishay-Intertech-TNPW060322K1BEEA_C2081807.pdf,https://www.lcsc.com/product-detail/chip-resistor-surface-mount_vishay-intertech-tnpw060322k1beea_C2081807.html,"Resistor 22.1kΩ 0.1% 125mW 0603 High Stability Thin Film Flat Chip Resistors (TNPW e3), Vishay TNPW060322K1BEEA (Flight, LCSC Extended)",resistor 22.1kΩ 0603 vishay vishay tnpw flight general purpose,1923,0.3226
R 23.2k 0603 0.1% Vishay TNPW,23.2kΩ,C2079022,Extended,TNPW060323K2BEEA,Vishay,Vishay TNPW,0603,0.1%,125mW,75V,,,,,±25ppm/°C,E96,Flight,General Purpose,Device:R,Resistor_SMD:R_0603_1608Metric,https://wmsc.lcsc.com/wmsc/upload/file/pdf/v2/lcsc/2304140030_Vishay-Intertech-TNPW060323K2BEEA_C2079022.pdf,https://www.lcsc.com/product-detail/chip-resistor-surface-mount_vishay-intertech-tnpw060323k2beea_C2079022.html,"Resistor 23.2kΩ 0.1% 125mW 0603 High Stability Thin Film Flat Chip Resistors (TNPW e3), Vishay TNPW060323K2BEEA (Flight, LCSC Extended)",resistor 23.2kΩ 0603 vishay vishay tnpw flight general purpose,4881,0.0939
R 23.7k 0603 0.1% Vishay TNPW,23.7kΩ,C3919228,Extended,TNPW060323K7BEEA,Vishay,Vishay TNPW,0603,0.1%,100mW,,,,,,±25ppm/°C,E96,Flight,General Purpose,Device:R,Resistor_SMD:R_0603_1608Metric,https://wmsc.lcsc.com/wmsc/upload/file/pdf/v2/lcsc/2312121703_Vishay-Intertech-TNPW060323K7BEEA_C3919228.pdf,https://www.lcsc.com/product-detail/chip-resistor-surface-mount_vishay-intertech-tnpw060323k7beea_C3919228.html,"Resistor 23.7kΩ 0.1% 100mW 0603 High Stability Thin Film Flat Chip Resistors (TNPW e3), Vishay TNPW060323K7BEEA (Flight, LCSC Extended)",resistor 23.7kΩ 0603 vishay vishay tnpw flight general purpose,315,0.5678
R 24k 0603 0.1% Vishay TNPW,24kΩ,C3009096,Extended,TNPW060324K0BEEA,Vishay,Vishay TNPW,0603,0.1%,100mW,,,,,,±25ppm/°C,E24,Flight,General Purpose,Device:R,Resistor_SMD:R_0603_1608Metric,https://www.lcsc.com/datasheet/lcsc_datasheet_2410121714_Vishay-Intertech-TNPW060324K0BEEA_C3009096.pdf,https://www.lcsc.com/product-detail/chip-resistor-surface-mount_vishay-intertech-tnpw060324k0beea_C3009096.html,"Resistor 24kΩ 0.1% 100mW 0603 High Stability Thin Film Flat Chip Resistors (TNPW e3), Vishay TNPW060324K0BEEA (Flight, LCSC Extended)",resistor 24kΩ 0603 vishay vishay tnpw flight general purpose,1666,0.1204
R 24.3k 0603 0.1% Vishay TNPW,24.3kΩ,C4269123,Extended,TNPW060324K3BEEA,Vishay,Vishay TNPW,0603,0.1%,100mW,,,,,,±25ppm/°C,E96,Flight,General Purpose,Device:R,Resistor_SMD:R_0603_1608Metric,https://wmsc.lcsc.com/wmsc/upload/file/pdf/v2/lcsc/2312131127_Vishay-Intertech-TNPW060324K3BEEA_C4269123.pdf,https://www.lcsc.com/product-detail/chip-resistor-surface-mount_vishay-intertech-tnpw060324k3beea_C4269123.html,"Resistor 24.3kΩ 0.1% 100mW 0603 High Stability Thin Film Flat Chip Resistors (TNPW e3), Vishay TNPW060324K3BEEA (Flight, LCSC Extended)",resistor 24.3kΩ 0603 vishay vishay tnpw flight general purpose,4888,0.0939
R 24.9k 0603 0.1% Vishay TNPW,24.9kΩ,C3009044,Extended,TNPW060324K9BEEA,Vishay,Vishay TNPW,0603,0.1%,100mW,,,,,,±25ppm/°C,E96,Flight,General Purpose,Device:R,Resistor_SMD:R_0603_1608Metric,https://wmsc.lcsc.com/wmsc/upload/file/pdf/v2/lcsc/2207151800_Vishay-Intertech-TNPW060324K9BEEA_C3009044.pdf,https://www.lcsc.com/product-detail/chip-resistor-surface-mount_vishay-intertech-tnpw060324k9beea_C3009044.html,"Resistor 24.9kΩ 0.1% 100mW 0603 High Stability Thin Film Flat Chip Resistors (TNPW e3), Vishay TNPW060324K9BEEA (Flight, LCSC Extended)",resistor 24.9kΩ 0603 vishay vishay tnpw flight general purpose,3227,0.0827
R 25.5k 0603 0.1% Vishay TNPW,25.5kΩ,C4334516,Extended,TNPW060325K5BEEA,Vishay,Vishay TNPW,0603,0.1%,100mW,,,,,,±25ppm/°C,E96,Flight,General Purpose,Device:R,Resistor_SMD:R_0603_1608Metric,https://wmsc.lcsc.com/wmsc/upload/file/pdf/v2/lcsc/2312131158_Vishay-Intertech-TNPW060325K5BEEA_C4334516.pdf,https://www.lcsc.com/product-detail/chip-resistor-surface-mount_vishay-intertech-tnpw060325k5beea_C4334516.html,"Resistor 25.5kΩ 0.1% 100mW 0603 High Stability Thin Film Flat Chip Resistors (TNPW e3), Vishay TNPW060325K5BEEA (Flight, LCSC Extended)",resistor 25.5kΩ 0603 vishay vishay tnpw flight general purpose,4083,0.0939
R 26.7k 0603 0.1% Vishay TNPW,26.7kΩ,C4036914,Extended,TNPW060326K7BEEA,Vishay,Vishay TNPW,0603,0.1%,100mW,,,,,,±25ppm/°C,E96,Flight,General Purpose,Device:R,Resistor_SMD:R_0603_1608Metric,https://wmsc.lcsc.com/wmsc/upload/file/pdf/v2/lcsc/2312130932_Vishay-Intertech-TNPW060326K7BEEA_C4036914.pdf,https://www.lcsc.com/product-detail/chip-resistor-surface-mount_vishay-intertech-tnpw060326k7beea_C4036914.html,"Resistor 26.7kΩ 0.1% 100mW 0603 High Stability Thin Film Flat Chip Resistors (TNPW e3), Vishay TNPW060326K7BEEA (Flight, LCSC Extended)",resistor 26.7kΩ 0603 vishay vishay tnpw flight general purpose,4853,0.0939
R 27k 0603 0.1% Vishay TNPW,27kΩ,C4053165,Extended,TNPW060327K0BEEA,Vishay,Vishay TNPW,0603,0.1%,100mW,,,,,,±25ppm/°C,E24,Flight,General Purpose,Device:R,Resistor_SMD:R_0603_1608Metric,https://wmsc.lcsc.com/wmsc/upload/file/pdf/v2/lcsc/2312130941_Vishay-Intertech-TNPW060327K0BEEA_C4053165.pdf,https://www.lcsc.com/product-detail/chip-resistor-surface-mount_vishay-intertech-tnpw060327k0beea_C4053165.html,"Resistor 27kΩ 0.1% 100mW 0603 High Stability Thin Film Flat Chip Resistors (TNPW e3), Vishay TNPW060327K0BEEA (Flight, LCSC Extended)",resistor 27kΩ 0603 vishay vishay tnpw flight general purpose,4114,0.1025
R 27.4k 0603 0.1% Vishay TNPW,27.4kΩ,C2079063,Extended,TNPW060327K4BEEA,Vishay,Vishay TNPW,0603,0.1%,125mW,75V,,,,,±25ppm/°C,E96,Flight,General Purpose,Device:R,Resistor_SMD:R_0603_1608Metric,https://wmsc.lcsc.com/wmsc/upload/file/pdf/v2/lcsc/2304140030_Vishay-Intertech-TNPW060327K4BEEA_C2079063.pdf,https://www.lcsc.com/product-detail/chip-resistor-surface-mount_vishay-intertech-tnpw060327k4beea_C2079063.html,"Resistor 27.4kΩ 0.1% 125mW 0603 High Stability Thin Film Flat Chip Resistors (TNPW e3), Vishay TNPW060327K4BEEA (Flight, LCSC Extended)",resistor 27.4kΩ 0603 vishay vishay tnpw flight general purpose,271,0.2188
R 30k 0603 0.1% Vishay TNPW,30kΩ,C2075323,Extended,TNPW060330K0BEEA,Vishay,Vishay TNPW,0603,0.1%,125mW,75V,,,,,±25ppm/°C,E24,Flight,General Purpose,Device:R,Resistor_SMD:R_0603_1608Metric,https://wmsc.lcsc.com/wmsc/upload/file/pdf/v2/lcsc/2304140030_Vishay-Intertech-TNPW060330K0BEEA_C2075323.pdf,https://www.lcsc.com/product-detail/chip-resistor-surface-mount_vishay-intertech-tnpw060330k0beea_C2075323.html,"Resistor 30kΩ 0.1% 125mW 0603 High Stability Thin Film Flat Chip Resistors (TNPW e3), Vishay TNPW060330K0BEEA (Flight, LCSC Extended)",resistor 30kΩ 0603 vishay vishay tnpw flight general purpose,6476,0.1214
R 31.6k 0603 0.1% Vishay TNPW,31.6kΩ,C843870,Extended,TNPW060331K6BEEA,Vishay,Vishay TNPW,0603,0.1%,100mW,,,,,,±25ppm/°C,E96,Flight,General Purpose,Device:R,Resistor_SMD:R_0603_1608Metric,https://wmsc.lcsc.com/wmsc/upload/file/pdf/v2/lcsc/2312131902_Vishay-Intertech-TNPW060331K6BEEA_C843870.pdf,https://www.lcsc.com/product-detail/chip-resistor-surface-mount_vishay-intertech-tnpw060331k6beea_C843870.html,"Resistor 31.6kΩ 0.1% 100mW 0603 High Stability Thin Film Flat Chip Resistors (TNPW e3), Vishay TNPW060331K6BEEA (Flight, LCSC Extended)",resistor 31.6kΩ 0603 vishay vishay tnpw flight general purpose,289,0.2262
R 32.4k 0603 0.1% Vishay TNPW,32.4kΩ,C2075967,Extended,TNPW060332K4BEEA,Vishay,Vishay TNPW,0603,0.1%,125mW,75V,,,,,±25ppm/°C,E96,Flight,General Purpose,Device:R,Resistor_SMD:R_0603_1608Metric,https://wmsc.lcsc.com/wmsc/upload/file/pdf/v2/lcsc/2304140030_Vishay-Intertech-TNPW060332K4BEEA_C2075967.pdf,https://www.lcsc.com/product-detail/chip-resistor-surface-mount_vishay-intertech-tnpw060332k4beea_C2075967.html,"Resistor 32.4kΩ 0.1% 125mW 0603 High Stability Thin Film Flat Chip Resistors (TNPW e3), Vishay TNPW060332K4BEEA (Flight, LCSC Extended)",resistor 32.4kΩ 0603 vishay vishay tnpw flight general purpose,4818,0.0986
R 33k 0603 0.1% Vishay TNPW,33kΩ,C2075611,Extended,TNPW060333K0BEEA,Vishay,Vishay TNPW,0603,0.1%,125mW,75V,,,,,±25ppm/°C,E24,Flight,General Purpose,Device:R,Resistor_SMD:R_0603_1608Metric,https://wmsc.lcsc.com/wmsc/upload/file/pdf/v2/lcsc/2304140030_Vishay-Intertech-TNPW060333K0BEEA_C2075611.pdf,https://www.lcsc.com/product-detail/chip-resistor-surface-mount_vishay-intertech-tnpw060333k0beea_C2075611.html,"Resistor 33kΩ 0.1% 125mW 0603 High Stability Thin Film Flat Chip Resistors (TNPW e3), Vishay TNPW060333K0BEEA (Flight, LCSC Extended)",resistor 33kΩ 0603 vishay vishay tnpw flight general purpose,9778,0.0939
R 33.2k 0603 0.1% Vishay TNPW,33.2kΩ,C2075328,Extended,TNPW060333K2BEEA,Vishay,Vishay TNPW,0603,0.1%,125mW,75V,,,,,±25ppm/°C,E96,Flight,General Purpose,Device:R,Resistor_SMD:R_0603_1608Metric,https://wmsc.lcsc.com/wmsc/upload/file/pdf/v2/lcsc/2304140030_Vishay-Intertech-TNPW060333K2BEEA_C2075328.pdf,https://www.lcsc.com/product-detail/chip-resistor-surface-mount_vishay-intertech-tnpw060333k2beea_C2075328.html,"Resistor 33.2kΩ 0.1% 125mW 0603 High Stability Thin Film Flat Chip Resistors (TNPW e3), Vishay TNPW060333K2BEEA (Flight, LCSC Extended)",resistor 33.2kΩ 0603 vishay vishay tnpw flight general purpose,4156,0.0902
R 34.8k 0603 0.1% Vishay TNPW,34.8kΩ,C4028524,Extended,TNPW060334K8BEEN,Vishay,Vishay TNPW,0603,0.1%,100mW,,,,,,±25ppm/°C,E96,Flight,General Purpose,Device:R,Resistor_SMD:R_0603_1608Metric,https://wmsc.lcsc.com/wmsc/upload/file/pdf/v2/lcsc/2312181400_Vishay-Intertech-TNPW060334K8BEEN_C4028524.pdf,https://www.lcsc.com/product-detail/chip-resistor-surface-mount_vishay-intertech-tnpw060334k8been_C4028524.html,"Resistor 34.8kΩ 0.1% 100mW 0603 High Stability Thin Film Flat Chip Resistors (TNPW e3), Vishay TNPW060334K8BEEN (Flight, LCSC Extended)",resistor 34.8kΩ 0603 vishay vishay tnpw flight general purpose,500,1.2721
R 36k 0603 0.1% Vishay TNPW,36kΩ,C4208422,Extended,TNPW060336K0BEEA,Vishay,Vishay TNPW,0603,0.1%,100mW,,,,,,±25ppm/°C,E24,Flight,General Purpose,Device:R,Resistor_SMD:R_0603_1608Metric,https://wmsc.lcsc.com/wmsc/upload/file/pdf/v2/lcsc/2312131059_Vishay-Intertech-TNPW060336K0BEEA_C4208422.pdf,https://www.lcsc.com/product-detail/chip-resistor-surface-mount_vishay-intertech-tnpw060336k0beea_C4208422.html,"Resistor 36kΩ 0.1% 100mW 0603 High Stability Thin Film Flat Chip Resistors (TNPW e3), Vishay TNPW060336K0BEEA (Flight, LCSC Extended)",resistor 36kΩ 0603 vishay vishay tnpw flight general purpose,73,0.2118
R 37.4k 0603 0.1% Vishay TNPW,37.4kΩ,C1694439,Extended,TNPW060337K4BEEA,Vishay,Vishay TNPW,0603,0.1%,125mW,75V,,,,,±25ppm/°C,E96,Flight,General Purpose,Device:R,Resistor_SMD:R_0603_1608Metric,https://wmsc.lcsc.com/wmsc/upload/file/pdf/v2/lcsc/2304140030_Vishay-Intertech-TNPW060337K4BEEA_C1694439.pdf,https://www.lcsc.com/product-detail/chip-resistor-surface-mount_vishay-intertech-tnpw060337k4beea_C1694439.html,"Resistor 37.4kΩ 0.1% 125mW 0603 High Stability Thin Film Flat Chip Resistors (TNPW e3), Vishay TNPW060337K4BEEA (Flight, LCSC Extended)",resistor 37.4kΩ 0603 vishay vishay tnpw flight general purpose,4858,0.0939
R 39k 0603 0.1% Vishay TNPW,39kΩ,C4233489,Extended,TNPW060339K0BEEA,Vishay,Vishay TNPW,0603,0.1%,100mW,,,,,,±25ppm/°C,E24,Flight,General Purpose,Device:R,Resistor_SMD:R_0603_1608Metric,https://wmsc.lcsc.com/wmsc/upload/file/pdf/v2/lcsc/2312131111_Vishay-Intertech-TNPW060339K0BEEA_C4233489.pdf,https://www.lcsc.com/product-detail/chip-resistor-surface-mount_vishay-intertech-tnpw060339k0beea_C4233489.html,"Resistor 39kΩ 0.1% 100mW 0603 High Stability Thin Film Flat Chip Resistors (TNPW e3), Vishay TNPW060339K0BEEA (Flight, LCSC Extended)",resistor 39kΩ 0603 vishay vishay tnpw flight general purpose,3072,0.118
R 39.2k 0603 0.1% Vishay TNPW,39.2kΩ,C2075241,Extended,TNPW060339K2BEEA,Vishay,Vishay TNPW,0603,0.1%,125mW,75V,,,,,±25ppm/°C,E96,Flight,General Purpose,Device:R,Resistor_SMD:R_0603_1608Metric,https://wmsc.lcsc.com/wmsc/upload/file/pdf/v2/lcsc/2304140030_Vishay-Intertech-TNPW060339K2BEEA_C2075241.pdf,https://www.lcsc.com/product-detail/chip-resistor-surface-mount_vishay-intertech-tnpw060339k2beea_C2075241.html,"Resistor 39.2kΩ 0.1% 125mW 0603 High Stability Thin Film Flat Chip Resistors (TNPW e3), Vishay TNPW060339K2BEEA (Flight, LCSC Extended)",resistor 39.2kΩ 0603 vishay vishay tnpw flight general purpose,505,0.4702
R 40.2k 0603 0.1% Vishay TNPW,40.2kΩ,C2088702,Extended,TNPW060340K2BEEA,Vishay,Vishay TNPW,0603,0.1%,125mW,75V,,,,,±25ppm/°C,E96,Flight,General Purpose,Device:R,Resistor_SMD:R_0603_1608Metric,https://wmsc.lcsc.com/wmsc/upload/file/pdf/v2/lcsc/2304140030_Vishay-Intertech-TNPW060340K2BEEA_C2088702.pdf,https://www.lcsc.com/product-detail/chip-resistor-surface-mount_vishay-intertech-tnpw060340k2beea_C2088702.html,"Resistor 40.2kΩ 0.1% 125mW 0603 High Stability Thin Film Flat Chip Resistors (TNPW e3), Vishay TNPW060340K2BEEA (Flight, LCSC Extended)",resistor 40.2kΩ 0603 vishay vishay tnpw flight general purpose,23,0.205
R 41.2k 0603 0.1% Vishay TNPW,41.2kΩ,C1694433,Extended,TNPW060341K2BEEA,Vishay,Vishay TNPW,0603,0.1%,100mW,75V,,,,,±25ppm/°C,E96,Flight,General Purpose,Device:R,Resistor_SMD:R_0603_1608Metric,https://wmsc.lcsc.com/wmsc/upload/file/pdf/v2/lcsc/2304140030_Vishay-Intertech-TNPW060341K2BEEA_C1694433.pdf,https://www.lcsc.com/product-detail/chip-resistor-surface-mount_vishay-intertech-tnpw060341k2beea_C1694433.html,"Resistor 41.2kΩ 0.1% 100mW 0603 High Stability Thin Film Flat Chip Resistors (TNPW e3), Vishay TNPW060341K2BEEA (Flight, LCSC Extended)",resistor 41.2kΩ 0603 vishay vishay tnpw flight general purpose,185,0.4816
R 43k 0603 0.1% Vishay TNPW,43kΩ,C1870229,Extended,TNPW060343K0BEEA,Vishay,Vishay TNPW,0603,0.1%,125mW,75V,,,,,±25ppm/°C,E24,Flight,General Purpose,Device:R,Resistor_SMD:R_0603_1608Metric,https://wmsc.lcsc.com/wmsc/upload/file/pdf/v2/lcsc/2304140030_Vishay-Intertech-TNPW060343K0BEEA_C1870229.pdf,https://www.lcsc.com/product-detail/chip-resistor-surface-mount_vishay-intertech-tnpw060343k0beea_C1870229.html,"Resistor 43kΩ 0.1% 125mW 0603 High Stability Thin Film Flat Chip Resistors (TNPW e3), Vishay TNPW060343K0BEEA (Flight, LCSC Extended)",resistor 43kΩ 0603 vishay vishay tnpw flight general purpose,4968,0.1761
R 43.2k 0603 0.1% Vishay TNPW,43.2kΩ,C2089718,Extended,TNPW060343K2BEEA,Vishay,Vishay TNPW,0603,0.1%,125mW,75V,,,,,±25ppm/°C,E96,Flight,General Purpose,Device:R,Resistor_SMD:R_0603_1608Metric,https://wmsc.lcsc.com/wmsc/upload/file/pdf/v2/lcsc/2304140030_Vishay-Intertech-TNPW060343K2BEEA_C2089718.pdf,https://www.lcsc.com/product-detail/chip-resistor-surface-mount_vishay-intertech-tnpw060343k2beea_C2089718.html,"Resistor 43.2kΩ 0.1% 125mW 0603 High Stability Thin Film Flat Chip Resistors (TNPW e3), Vishay TNPW060343K2BEEA (Flight, LCSC Extended)",resistor 43.2kΩ 0603 vishay vishay tnpw flight general purpose,2,0.4002
R 44.2k 0603 0.1% Vishay TNPW,44.2kΩ,C4077560,Extended,TNPW060344K2BEEA,Vishay,Vishay TNPW,0603,0.1%,100mW,,,,,,±25ppm/°C,E96,Flight,General Purpose,Device:R,Resistor_SMD:R_0603_1608Metric,https://wmsc.lcsc.com/wmsc/upload/file/pdf/v2/lcsc/2312130954_Vishay-Intertech-TNPW060344K2BEEA_C4077560.pdf,https://www.lcsc.com/product-detail/chip-resistor-surface-mount_vishay-intertech-tnpw060344k2beea_C4077560.html,"Resistor 44.2kΩ 0.1% 100mW 0603 High Stability Thin Film Flat Chip Resistors (TNPW e3), Vishay TNPW060344K2BEEA (Flight, LCSC Extended)",resistor 44.2kΩ 0603 vishay vishay tnpw flight general purpose,73,0.1936
R 45.3k 0603 0.1% Vishay TNPW,45.3kΩ,C2075695,Extended,TNPW060345K3BEEA,Vishay,Vishay TNPW,0603,0.1%,125mW,75V,,,,,±25ppm/°C,E96,Flight,General Purpose,Device:R,Resistor_SMD:R_0603_1608Metric,https://wmsc.lcsc.com/wmsc/upload/file/pdf/v2/lcsc/2304140030_Vishay-Intertech-TNPW060345K3BEEA_C2075695.pdf,https://www.lcsc.com/product-detail/chip-resistor-surface-mount_vishay-intertech-tnpw060345k3beea_C2075695.html,"Resistor 45.3kΩ 0.1% 125mW 0603 High Stability Thin Film Flat Chip Resistors (TNPW e3), Vishay TNPW060345K3BEEA (Flight, LCSC Extended)",resistor 45.3kΩ 0603 vishay vishay tnpw flight general purpose,2576,0.0877
R 47k 0603 0.1% Vishay TNPW,47kΩ,C2089026,Extended,TNPW060347K0BEEA,Vishay,Vishay TNPW,0603,0.1%,125mW,75V,,,,,±25ppm/°C,E24,Flight,General Purpose,Device:R,Resistor_SMD:R_0603_1608Metric,https://wmsc.lcsc.com/wmsc/upload/file/pdf/v2/lcsc/2304140030_Vishay-Intertech-TNPW060347K0BEEA_C2089026.pdf,https://www.lcsc.com/product-detail/chip-resistor-surface-mount_vishay-intertech-tnpw060347k0beea_C2089026.html,"Resistor 47kΩ 0.1% 125mW 0603 High Stability Thin Film Flat Chip Resistors (TNPW e3), Vishay TNPW060347K0BEEA (Flight, LCSC Extended)",resistor 47kΩ 0603 vishay vishay tnpw flight general purpose,20594,0.0949
R 47.5k 0603 0.1% Vishay TNPW,47.5kΩ,C2075115,Extended,TNPW060347K5BEEA,Vishay,Vishay TNPW,0603,0.1%,125mW,75V,,,,,±25ppm/°C,E96,Flight,General Purpose,Device:R,Resistor_SMD:R_0603_1608Metric,https://wmsc.lcsc.com/wmsc/upload/file/pdf/v2/lcsc/2304140030_Vishay-Intertech-TNPW060347K5BEEA_C2075115.pdf,https://www.lcsc.com/product-detail/chip-resistor-surface-mount_vishay-intertech-tnpw060347k5beea_C2075115.html,"Resistor 47.5kΩ 0.1% 125mW 0603 High Stability Thin Film Flat Chip Resistors (TNPW e3), Vishay TNPW060347K5BEEA (Flight, LCSC Extended)",resistor 47.5kΩ 0603 vishay vishay tnpw flight general purpose,4851,0.0837
R 49.9k 0603 0.1% Vishay TNPW,49.9kΩ,C844267,Extended,TNPW060349K9BEEA,Vishay,Vishay TNPW,0603,0.1%,100mW,,,,,,±25ppm/°C,E96,Flight,General Purpose,Device:R,Resistor_SMD:R_0603_1608Metric,https://wmsc.lcsc.com/wmsc/upload/file/pdf/v2/lcsc/2206302045_Vishay-Intertech-TNPW060349K9BEEA_C844267.pdf,https://www.lcsc.com/product-detail/chip-resistor-surface-mount_vishay-intertech-tnpw060349k9beea_C844267.html,"Resistor 49.9kΩ 0.1% 100mW 0603 High Stability Thin Film Flat Chip Resistors (TNPW e3), Vishay TNPW060349K9BEEA (Flight, LCSC Extended)",resistor 49.9kΩ 0603 vishay vishay tnpw flight general purpose,12686,0.11
R 51k 0603 0.1% Vishay TNPW,51kΩ,C2089500,Extended,TNPW060351K0BEEA,Vishay,Vishay TNPW,0603,0.1%,125mW,75V,,,,,±25ppm/°C,E24,Flight,General Purpose,Device:R,Resistor_SMD:R_0603_1608Metric,https://wmsc.lcsc.com/wmsc/upload/file/pdf/v2/lcsc/2304140030_Vishay-Intertech-TNPW060351K0BEEA_C2089500.pdf,https://www.lcsc.com/product-detail/chip-resistor-surface-mount_vishay-intertech-tnpw060351k0beea_C2089500.html,"Resistor 51kΩ 0.1% 125mW 0603 High Stability Thin Film Flat Chip Resistors (TNPW e3), Vishay TNPW060351K0BEEA (Flight, LCSC Extended)",resistor 51kΩ 0603 vishay vishay tnpw flight general purpose,2920,0.2699
R 51.1k 0603 0.1% Vishay TNPW,51.1kΩ,C2075277,Extended,TNPW060351K1BEEA,Vishay,Vishay TNPW,0603,0.1%,125mW,75V,,,,,±25ppm/°C,E96,Flight,General Purpose,Device:R,Resistor_SMD:R_0603_1608Metric,https://wmsc.lcsc.com/wmsc/upload/file/pdf/v2/lcsc/2304140030_Vishay-Intertech-TNPW060351K1BEEA_C2075277.pdf,https://www.lcsc.com/product-detail/chip-resistor-surface-mount_vishay-intertech-tnpw060351k1beea_C2075277.html,"Resistor 51.1kΩ 0.1% 125mW 0603 High Stability Thin Film Flat Chip Resistors (TNPW e3), Vishay TNPW060351K1BEEA (Flight, LCSC Extended)",resistor 51.1kΩ 0603 vishay vishay tnpw flight general purpose,4,0.2359
R 52.3k 0603 0.1% Vishay TNPW,52.3kΩ,C4241066,Extended,TNPW060352K3BEEA,Vishay,Vishay TNPW,0603,0.1%,100mW,,,,,,±25ppm/°C,E96,Flight,General Purpose,Device:R,Resistor_SMD:R_0603_1608Metric,https://wmsc.lcsc.com/wmsc/upload/file/pdf/v2/lcsc/2312131114_Vishay-Intertech-TNPW060352K3BEEA_C4241066.pdf,https://www.lcsc.com/product-detail/chip-resistor-surface-mount_vishay-intertech-tnpw060352k3beea_C4241066.html,"Resistor 52.3kΩ 0.1% 100mW 0603 High Stability Thin Film Flat Chip Resistors (TNPW e3), Vishay TNPW060352K3BEEA (Flight, LCSC Extended)",resistor 52.3kΩ 0603 vishay vishay tnpw flight general purpose,1386,0.2699
R 56k 0603 0.1% Vishay TNPW,56kΩ,C4309062,Extended,TNPW060356K0BEEA,Vishay,Vishay TNPW,0603,0.1%,100mW,,,,,,±25ppm/°C,E24,Flight,General Purpose,Device:R,Resistor_SMD:R_0603_1608Metric,https://wmsc.lcsc.com/wmsc/upload/file/pdf/v2/lcsc/2312131146_Vishay-Intertech-TNPW060356K0BEEA_C4309062.pdf,https://www.lcsc.com/product-detail/chip-resistor-surface-mount_vishay-intertech-tnpw060356k0beea_C4309062.html,"Resistor 56kΩ 0.1% 100mW 0603 High Stability Thin Film Flat Chip Resistors (TNPW e3), Vishay TNPW060356K0BEEA (Flight, LCSC Extended)",resistor 56kΩ 0603 vishay vishay tnpw flight general purpose,7,0.2619
R 59k 0603 0.1% Vishay TNPW,59kΩ,C4074238,Extended,TNPW060359K0BEEA,Vishay,Vishay TNPW,0603,0.1%,100mW,,,,,,±25ppm/°C,E96,Flight,General Purpose,Device:R,Resistor_SMD:R_0603_1608Metric,https://wmsc.lcsc.com/wmsc/upload/file/pdf/v2/lcsc/2312130952_Vishay-Intertech-TNPW060359K0BEEA_C4074238.pdf,https://www.lcsc.com/product-detail/chip-resistor-surface-mount_vishay-intertech-tnpw060359k0beea_C4074238.html,"Resistor 59kΩ 0.1% 100mW 0603 High Stability Thin Film Flat Chip Resistors (TNPW e3), Vishay TNPW060359K0BEEA (Flight, LCSC Extended)",resistor 59kΩ 0603 vishay vishay tnpw flight general purpose,50,0.506
R 60.4k 0603 0.1% Vishay TNPW,60.4kΩ,C2075155,Extended,TNPW060360K4BEEA,Vishay,Vishay TNPW,0603,0.1%,125mW,75V,,,,,±25ppm/°C,E96,Flight,General Purpose,Device:R,Resistor_SMD:R_0603_1608Metric,https://wmsc.lcsc.com/wmsc/upload/file/pdf/v2/lcsc/2304140030_Vishay-Intertech-TNPW060360K4BEEA_C2075155.pdf,https://www.lcsc.com/product-detail/chip-resistor-surface-mount_vishay-intertech-tnpw060360k4beea_C2075155.html,"Resistor 60.4kΩ 0.1% 125mW 0603 High Stability Thin Film Flat Chip Resistors (TNPW e3), Vishay TNPW060360K4BEEA (Flight, LCSC Extended)",resistor 60.4kΩ 0603 vishay vishay tnpw flight general purpose,75,0.3589
R 61.9k 0603 0.1% Vishay TNPW,61.9kΩ,C1870282,Extended,TNPW060361K9BEEA,Vishay,Vishay TNPW,0603,0.1%,125mW,75V,,,,,±25ppm/°C,E96,Flight,General Purpose,Device:R,Resistor_SMD:R_0603_1608Metric,https://wmsc.lcsc.com/wmsc/upload/file/pdf/v2/lcsc/2304140030_Vishay-Intertech-TNPW060361K9BEEA_C1870282.pdf,https://www.lcsc.com/product-detail/chip-resistor-surface-mount_vishay-intertech-tnpw060361k9beea_C1870282.html,"Resistor 61.9kΩ 0.1% 125mW 0603 High Stability Thin Film Flat Chip Resistors (TNPW e3), Vishay TNPW060361K9BEEA (Flight, LCSC Extended)",resistor 61.9kΩ 0603 vishay vishay tnpw flight general purpose,4096,0.0939
R 62k 0603 0.1% Vishay TNPW,62kΩ,C1870268,Extended,TNPW060362K0BEEA,Vishay,Vishay TNPW,0603,0.1%,125mW,75V,,,,,±25ppm/°C,E24,Flight,General Purpose,Device:R,Resistor_SMD:R_0603_1608Metric,https://wmsc.lcsc.com/wmsc/upload/file/pdf/v2/lcsc/2304140030_Vishay-Intertech-TNPW060362K0BEEA_C1870268.pdf,https://www.lcsc.com/product-detail/chip-resistor-surface-mount_vishay-intertech-tnpw060362k0beea_C1870268.html,"Resistor 62kΩ 0.1% 125mW 0603 High Stability Thin Film Flat Chip Resistors (TNPW e3), Vishay TNPW060362K0BEEA (Flight, LCSC Extended)",resistor 62kΩ 0603 vishay vishay tnpw flight general purpose,3310,0.0986
R 66.5k 0603 0.1% Vishay TNPW,66.5kΩ,C2075645,Extended,TNPW060366K5BEEA,Vishay,Vishay TNPW,0603,0.1%,125mW,75V,,,,,±25ppm/°C,E96,Flight,General Purpose,Device:R,Resistor_SMD:R_0603_1608Metric,https://wmsc.lcsc.com/wmsc/upload/file/pdf/v2/lcsc/2304140030_Vishay-Intertech-TNPW060366K5BEEA_C2075645.pdf,https://www.lcsc.com/product-detail/chip-resistor-surface-mount_vishay-intertech-tnpw060366k5beea_C2075645.html,"Resistor 66.5kΩ 0.1% 125mW 0603 High Stability Thin Film Flat Chip Resistors (TNPW e3), Vishay TNPW060366K5BEEA (Flight, LCSC Extended)",resistor 66.5kΩ 0603 vishay vishay tnpw flight general purpose,1495,0.0967
R 68k 0603 0.1% Vishay TNPW,68kΩ,C2079067,Extended,TNPW060368K0BEEA,Vishay,Vishay TNPW,0603,0.1%,125mW,75V,,,,,±25ppm/°C,E24,Flight,General Purpose,Device:R,Resistor_SMD:R_0603_1608Metric,https://wmsc.lcsc.com/wmsc/upload/file/pdf/v2/lcsc/2304140030_Vishay-Intertech-TNPW060368K0BEEA_C2079067.pdf,https://www.lcsc.com/product-detail/chip-resistor-surface-mount_vishay-intertech-tnpw060368k0beea_C2079067.html,"Resistor 68kΩ 0.1% 125mW 0603 High Stability Thin Film Flat Chip Resistors (TNPW e3), Vishay TNPW060368K0BEEA (Flight, LCSC Extended)",resistor 68kΩ 0603 vishay vishay tnpw flight general purpose,1,0.4084
R 75k 0603 0.1% Vishay TNPW,75kΩ,C4340144,Extended,TNPW060375K0BEEA,Vishay,Vishay TNPW,0603,0.1%,100mW,,,,,,±25ppm/°C,E24,Flight,General Purpose,Device:R,Resistor_SMD:R_0603_1608Metric,https://wmsc.lcsc.com/wmsc/upload/file/pdf/v2/lcsc/2312131201_Vishay-Intertech-TNPW060375K0BEEA_C4340144.pdf,https://www.lcsc.com/product-detail/chip-resistor-surface-mount_vishay-intertech-tnpw060375k0beea_C4340144.html,"Resistor 75kΩ 0.1% 100mW 0603 High Stability Thin Film Flat Chip Resistors (TNPW e3), Vishay TNPW060375K0BEEA (Flight, LCSC Extended)",resistor 75kΩ 0603 vishay vishay tnpw flight general purpose,130,0.1734
R 76.8k 0603 0.1% Vishay TNPW,76.8kΩ,C1870357,Extended,TNPW060376K8BEEA,Vishay,Vishay TNPW,0603,0.1%,125mW,75V,,,,,±25ppm/°C,E96,Flight,General Purpose,Device:R,Resistor_SMD:R_0603_1608Metric,https://wmsc.lcsc.com/wmsc/upload/file/pdf/v2/lcsc/2304140030_Vishay-Intertech-TNPW060376K8BEEA_C1870357.pdf,https://www.lcsc.com/product-detail/chip-resistor-surface-mount_vishay-intertech-tnpw060376k8beea_C1870357.html,"Resistor 76.8kΩ 0.1% 125mW 0603 High Stability Thin Film Flat Chip Resistors (TNPW e3), Vishay TNPW060376K8BEEA (Flight, LCSC Extended)",resistor 76.8kΩ 0603 vishay vishay tnpw flight general purpose,4904,0.1761
R 78.7k 0603 0.1% Vishay TNPW,78.7kΩ,C2075636,Extended,TNPW060378K7BEEA,Vishay,Vishay TNPW,0603,0.1%,125mW,75V,,,,,±25ppm/°C,E96,Flight,General Purpose,Device:R,Resistor_SMD:R_0603_1608Metric,https://wmsc.lcsc.com/wmsc/upload/file/pdf/v2/lcsc/2304140030_Vishay-Intertech-TNPW060378K7BEEA_C2075636.pdf,https://www.lcsc.com/product-detail/chip-resistor-surface-mount_vishay-intertech-tnpw060378k7beea_C2075636.html,"Resistor 78.7kΩ 0.1% 125mW 0603 High Stability Thin Film Flat Chip Resistors (TNPW e3), Vishay TNPW060378K7BEEA (Flight, LCSC Extended)",resistor 78.7kΩ 0603 vishay vishay tnpw flight general purpose,45,0.2375
R 80.6k 0603 0.1% Vishay TNPW,80.6kΩ,C4061694,Extended,TNPW060380K6BEEA,Vishay,Vishay TNPW,0603,0.1%,100mW,,,,,,±25ppm/°C,E96,Flight,General Purpose,Device:R,Resistor_SMD:R_0603_1608Metric,https://wmsc.lcsc.com/wmsc/upload/file/pdf/v2/lcsc/2312130945_Vishay-Intertech-TNPW060380K6BEEA_C4061694.pdf,https://www.lcsc.com/product-detail/chip-resistor-surface-mount_vishay-intertech-tnpw060380k6beea_C4061694.html,"Resistor 80.6kΩ 0.1% 100mW 0603 High Stability Thin Film Flat Chip Resistors (TNPW e3), Vishay TNPW060380K6BEEA (Flight, LCSC Extended)",resistor 80.6kΩ 0603 vishay vishay tnpw flight general purpose,4595,0.1123
R 90.9k 0603 0.1% Vishay TNPW,90.9kΩ,C4100135,Extended,TNPW060390K9BEEA,Vishay,Vishay TNPW,0603,0.1%,100mW,,,,,,±25ppm/°C,E96,Flight,General Purpose,Device:R,Resistor_SMD:R_0603_1608Metric,https://wmsc.lcsc.com/wmsc/upload/file/pdf/v2/lcsc/2312131006_Vishay-Intertech-TNPW060390K9BEEA_C4100135.pdf,https://www.lcsc.com/product-detail/chip-resistor-surface-mount_vishay-intertech-tnpw060390k9beea_C4100135.html,"Resistor 90.9kΩ 0.1% 100mW 0603 High Stability Thin Film Flat Chip Resistors (TNPW e3), Vishay TNPW060390K9BEEA (Flight, LCSC Extended)",resistor 90.9kΩ 0603 vishay vishay tnpw flight general purpose,235,0.2392
R 100k 0603 0.1% Vishay TNPW,100kΩ,C844888,Extended,TNPW0603100KBEEA,Vishay,Vishay TNPW,0603,0.1%,125mW,,,,,,±25ppm/°C,E24,Flight,General Purpose,Device:R,Resistor_SMD:R_0603_1608Metric,https://www.lcsc.com/datasheet/lcsc_datasheet_2210190530_Vishay-Intertech-TNPW0603100KBEEA_C844888.pdf,https://www.lcsc.com/product-detail/chip-resistor-surface-mount_vishay-intertech-tnpw0603100kbeea_C844888.html,"Resistor 100kΩ 0.1% 125mW 0603 High Stability Thin Film Flat Chip Resistors (TNPW e3), Vishay TNPW0603100KBEEA (Flight, LCSC Extended)",resistor 100kΩ 0603 vishay vishay tnpw flight general purpose,49481,0.0791
R 105k 0603 0.1% Vishay TNPW,105kΩ,C2088899,Extended,TNPW0603105KBEEA,Vishay,Vishay TNPW,0603,0.1%,125mW,75V,,,,,±25ppm/°C,E96,Flight,General Purpose,Device:R,Resistor_SMD:R_0603_1608Metric,https://wmsc.lcsc.com/wmsc/upload/file/pdf/v2/lcsc/2304140030_Vishay-Intertech-TNPW0603105KBEEA_C2088899.pdf,https://www.lcsc.com/product-detail/chip-resistor-surface-mount_vishay-intertech-tnpw0603105kbeea_C2088899.html,"Resistor 105kΩ 0.1% 125mW 0603 High Stability Thin Film Flat Chip Resistors (TNPW e3), Vishay TNPW0603105KBEEA (Flight, LCSC Extended)",resistor 105kΩ 0603 vishay vishay tnpw flight general purpose,4906,0.0939
R 110k 0603 0.1% Vishay TNPW,110kΩ,C2075212,Extended,TNPW0603110KBEEA,Vishay,Vishay TNPW,0603,0.1%,125mW,75V,,,,,±25ppm/°C,E24,Flight,General Purpose,Device:R,Resistor_SMD:R_0603_1608Metric,https://wmsc.lcsc.com/wmsc/upload/file/pdf/v2/lcsc/2304140030_Vishay-Intertech-TNPW0603110KBEEA_C2075212.pdf,https://www.lcsc.com/product-detail/chip-resistor-surface-mount_vishay-intertech-tnpw0603110kbeea_C2075212.html,"Resistor 110kΩ 0.1% 125mW 0603 High Stability Thin Film Flat Chip Resistors (TNPW e3), Vishay TNPW0603110KBEEA (Flight, LCSC Extended)",resistor 110kΩ 0603 vishay vishay tnpw flight general purpose,4,0.2471
R 113k 0603 0.1% Vishay TNPW,113kΩ,C1870356,Extended,TNPW0603113KBEEA,Vishay,Vishay TNPW,0603,0.1%,125mW,75V,,,,,±25ppm/°C,E96,Flight,General Purpose,Device:R,Resistor_SMD:R_0603_1608Metric,https://wmsc.lcsc.com/wmsc/upload/file/pdf/v2/lcsc/2304140030_Vishay-Intertech-TNPW0603113KBEEA_C1870356.pdf,https://www.lcsc.com/product-detail/chip-resistor-surface-mount_vishay-intertech-tnpw0603113kbeea_C1870356.html,"Resistor 113kΩ 0.1% 125mW 0603 High Stability Thin Film Flat Chip Resistors (TNPW e3), Vishay TNPW0603113KBEEA (Flight, LCSC Extended)",resistor 113kΩ 0603 vishay vishay tnpw flight general purpose,4129,0.0828
R 120k 0603 0.1% Vishay TNPW,120kΩ,C4222143,Extended,TNPW0603120KBYEN,Vishay,Vishay TNPW,0603,0.1%,100mW,,,,,,±10ppm/°C,E24,Flight,General Purpose,Device:R,Resistor_SMD:R_0603_1608Metric,https://wmsc.lcsc.com/wmsc/upload/file/pdf/v2/lcsc/2312131105_Vishay-Intertech-TNPW0603120KBYEN_C4222143.pdf,https://www.lcsc.com/product-detail/chip-resistor-surface-mount_vishay-intertech-tnpw0603120kbyen_C4222143.html,"Resistor 120kΩ 0.1% 100mW 0603 High Stability Thin Film Flat Chip Resistors (TNPW e3), Vishay TNPW0603120KBYEN (Flight, LCSC Extended)",resistor 120kΩ 0603 vishay vishay tnpw flight general purpose,240,1.168
R 121k 0603 0.1% Vishay TNPW,121kΩ,C2992526,Extended,TNPW0603121KBEEA,Vishay,Vishay TNPW,0603,0.1%,100mW,,,,,,±25ppm/°C,E96,Flight,General Purpose,Device:R,Resistor_SMD:R_0603_1608Metric,https://wmsc.lcsc.com/wmsc/upload/file/pdf/v2/lcsc/2205071500_Vishay-Intertech-TNPW0603121KBEEA_C2992526.pdf,https://www.lcsc.com/product-detail/chip-resistor-surface-mount_vishay-intertech-tnpw0603121kbeea_C2992526.html,"Resistor 121kΩ 0.1% 100mW 0603 High Stability Thin Film Flat Chip Resistors (TNPW e3), Vishay TNPW0603121KBEEA (Flight, LCSC Extended)",resistor 121kΩ 0603 vishay vishay tnpw flight general purpose,2,0.194
R 130k 0603 0.1% Vishay TNPW,130kΩ,C2089521,Extended,TNPW0603130KBEEA,Vishay,Vishay TNPW,0603,0.1%,125mW,75V,,,,,±25ppm/°C,E24,Flight,General Purpose,Device:R,Resistor_SMD:R_0603_1608Metric,https://wmsc.lcsc.com/wmsc/upload/file/pdf/v2/lcsc/2304140030_Vishay-Intertech-TNPW0603130KBEEA_C2089521.pdf,https://www.lcsc.com/product-detail/chip-resistor-surface-mount_vishay-intertech-tnpw0603130kbeea_C2089521.html,"Resistor 130kΩ 0.1% 125mW 0603 High Stability Thin Film Flat Chip Resistors (TNPW e3), Vishay TNPW0603130KBEEA (Flight, LCSC Extended)",resistor 130kΩ 0603 vishay vishay tnpw flight general purpose,4968,0.0986
R 150k 0603 0.1% Vishay TNPW,150kΩ,C4262289,Extended,TNPW0603150KBEEA,Vishay,Vishay TNPW,0603,0.1%,100mW,,,,,,±25ppm/°C,E24,Flight,General Purpose,Device:R,Resistor_SMD:R_0603_1608Metric,https://wmsc.lcsc.com/wmsc/upload/file/pdf/v2/lcsc/2312131123_Vishay-Intertech-TNPW0603150KBEEA_C4262289.pdf,https://www.lcsc.com/product-detail/chip-resistor-surface-mount_vishay-intertech-tnpw0603150kbeea_C4262289.html,"Resistor 150kΩ 0.1% 100mW 0603 High Stability Thin Film Flat Chip Resistors (TNPW e3), Vishay TNPW0603150KBEEA (Flight, LCSC Extended)",resistor 150kΩ 0603 vishay vishay tnpw flight general purpose,7364,0.0892
R 174k 0603 0.1% Vishay TNPW,174kΩ,C1870358,Extended,TNPW0603174KBEEA,Vishay,Vishay TNPW,0603,0.1%,125mW,75V,,,,,±25ppm/°C,E96,Flight,General Purpose,Device:R,Resistor_SMD:R_0603_1608Metric,https://wmsc.lcsc.com/wmsc/upload/file/pdf/v2/lcsc/2304140030_Vishay-Intertech-TNPW0603174KBEEA_C1870358.pdf,https://www.lcsc.com/product-detail/chip-resistor-surface-mount_vishay-intertech-tnpw0603174kbeea_C1870358.html,"Resistor 174kΩ 0.1% 125mW 0603 High Stability Thin Film Flat Chip Resistors (TNPW e3), Vishay TNPW0603174KBEEA (Flight, LCSC Extended)",resistor 174kΩ 0603 vishay vishay tnpw flight general purpose,3402,0.1686
R 180k 0603 0.1% Vishay TNPW,180kΩ,C2075825,Extended,TNPW0603180KBEEA,Vishay,Vishay TNPW,0603,0.1%,125mW,75V,,,,,±25ppm/°C,E24,Flight,General Purpose,Device:R,Resistor_SMD:R_0603_1608Metric,https://wmsc.lcsc.com/wmsc/upload/file/pdf/v2/lcsc/2304140030_Vishay-Intertech-TNPW0603180KBEEA_C2075825.pdf,https://www.lcsc.com/product-detail/chip-resistor-surface-mount_vishay-intertech-tnpw0603180kbeea_C2075825.html,"Resistor 180kΩ 0.1% 125mW 0603 High Stability Thin Film Flat Chip Resistors (TNPW e3), Vishay TNPW0603180KBEEA (Flight, LCSC Extended)",resistor 180kΩ 0603 vishay vishay tnpw flight general purpose,26,0.5743
R 187k 0603 0.1% Vishay TNPW,187kΩ,C1854557,Extended,TNPW0603187KBEEA,Vishay,Vishay TNPW,0603,0.1%,100mW,75V,,,,,±25ppm/°C,E96,Flight,General Purpose,Device:R,Resistor_SMD:R_0603_1608Metric,https://wmsc.lcsc.com/wmsc/upload/file/pdf/v2/lcsc/2304140030_Vishay-Intertech-TNPW0603187KBEEA_C1854557.pdf,https://www.lcsc.com/product-detail/chip-resistor-surface-mount_vishay-intertech-tnpw0603187kbeea_C1854557.html,"Resistor 187kΩ 0.1% 100mW 0603 High Stability Thin Film Flat Chip Resistors (TNPW e3), Vishay TNPW0603187KBEEA (Flight, LCSC Extended)",resistor 187kΩ 0603 vishay vishay tnpw flight general purpose,4501,0.0986
R 191k 0603 0.1% Vishay TNPW,191kΩ,C2089748,Extended,TNPW0603191KBEEA,Vishay,Vishay TNPW,0603,0.1%,125mW,75V,,,,,±25ppm/°C,E96,Flight,General Purpose,Device:R,Resistor_SMD:R_0603_1608Metric,https://wmsc.lcsc.com/wmsc/upload/file/pdf/v2/lcsc/2304140030_Vishay-Intertech-TNPW0603191KBEEA_C2089748.pdf,https://www.lcsc.com/product-detail/chip-resistor-surface-mount_vishay-intertech-tnpw0603191kbeea_C2089748.html,"Resistor 191kΩ 0.1% 125mW 0603 High Stability Thin Film Flat Chip Resistors (TNPW e3), Vishay TNPW0603191KBEEA (Flight, LCSC Extended)",resistor 191kΩ 0603 vishay vishay tnpw flight general purpose,4670,0.0939
R 200k 0603 0.1% Vishay TNPW,200kΩ,C2093615,Extended,TNPW0603200KBEEN,Vishay,Vishay TNPW,0603,0.1%,125mW,75V,,,,,±25ppm/°C,E24,Flight,General Purpose,Device:R,Resistor_SMD:R_0603_1608Metric,https://wmsc.lcsc.com/wmsc/upload/file/pdf/v2/lcsc/2304140030_Vishay-Intertech-TNPW0603200KBEEN_C2093615.pdf,https://www.lcsc.com/product-detail/chip-resistor-surface-mount_vishay-intertech-tnpw0603200kbeen_C2093615.html,"Resistor 200kΩ 0.1% 125mW 0603 High Stability Thin Film Flat Chip Resistors (TNPW e3), Vishay TNPW0603200KBEEN (Flight, LCSC Extended)",resistor 200kΩ 0603 vishay vishay tnpw flight general purpose,5,0.8134
R 205k 0603 0.1% Vishay TNPW,205kΩ,C4282523,Extended,TNPW0603205KBEEA,Vishay,Vishay TNPW,0603,0.1%,100mW,,,,,,±25ppm/°C,E96,Flight,General Purpose,Device:R,Resistor_SMD:R_0603_1608Metric,https://wmsc.lcsc.com/wmsc/upload/file/pdf/v2/lcsc/2312131133_Vishay-Intertech-TNPW0603205KBEEA_C4282523.pdf,https://www.lcsc.com/product-detail/chip-resistor-surface-mount_vishay-intertech-tnpw0603205kbeea_C4282523.html,"Resistor 205kΩ 0.1% 100mW 0603 High Stability Thin Film Flat Chip Resistors (TNPW e3), Vishay TNPW0603205KBEEA (Flight, LCSC Extended)",resistor 205kΩ 0603 vishay vishay tnpw flight general purpose,4694,0.0986
R 220k 0603 0.1% Vishay TNPW,220kΩ,C4306345,Extended,TNPW0603220KBEEA,Vishay,Vishay TNPW,0603,0.1%,100mW,,,,,,±25ppm/°C,E24,Flight,General Purpose,Device:R,Resistor_SMD:R_0603_1608Metric,https://wmsc.lcsc.com/wmsc/upload/file/pdf/v2/lcsc/2312131145_Vishay-Intertech-TNPW0603220KBEEA_C4306345.pdf,https://www.lcsc.com/product-detail/chip-resistor-surface-mount_vishay-intertech-tnpw0603220kbeea_C4306345.html,"Resistor 220kΩ 0.1% 100mW 0603 High Stability Thin Film Flat Chip Resistors (TNPW e3), Vishay TNPW0603220KBEEA (Flight, LCSC Extended)",resistor 220kΩ 0603 vishay vishay tnpw flight general purpose,34,0.2359
R 243k 0603 0.1% Vishay TNPW,243kΩ,C1854556,Extended,TNPW0603243KBEEA,Vishay,Vishay TNPW,0603,0.1%,125mW,75V,,,,,±25ppm/°C,E96,Flight,General Purpose,Device:R,Resistor_SMD:R_0603_1608Metric,https://wmsc.lcsc.com/wmsc/upload/file/pdf/v2/lcsc/2304140030_Vishay-Intertech-TNPW0603243KBEEA_C1854556.pdf,https://www.lcsc.com/product-detail/chip-resistor-surface-mount_vishay-intertech-tnpw0603243kbeea_C1854556.html,"Resistor 243kΩ 0.1% 125mW 0603 High Stability Thin Film Flat Chip Resistors (TNPW e3), Vishay TNPW0603243KBEEA (Flight, LCSC Extended)",resistor 243kΩ 0603 vishay vishay tnpw flight general purpose,62,0.143
R 249k 0603 0.1% Vishay TNPW,249kΩ,C2075941,Extended,TNPW0603249KBEEA,Vishay,Vishay TNPW,0603,0.1%,125mW,75V,,,,,±25ppm/°C,E96,Flight,General Purpose,Device:R,Resistor_SMD:R_0603_1608Metric,https://datasheet.lcsc.com/lcsc/2304140030_Vishay-Intertech-TNPW0603249KBEEA_C2075941.pdf,https://www.lcsc.com/product-detail/chip resistor - surface mount_vishay intertech_tnpw0603249kbeea_C2075941.html,"Resistor 249kΩ 0.1% 125mW 0603 High Stability Thin Film Flat Chip Resistors (TNPW e3), Vishay TNPW0603249KBEEA (Flight, LCSC Extended)",resistor 249kΩ 0603 vishay vishay tnpw flight general purpose,4,0.3286
R 287k 0603 0.1% Vishay TNPW,287kΩ,C1870350,Extended,TNPW0603287KBEEA,Vishay,Vishay TNPW,0603,0.1%,125mW,75V,,,,,±25ppm/°C,E96,Flight,General Purpose,Device:R,Resistor_SMD:R_0603_1608Metric,https://wmsc.lcsc.com/wmsc/upload/file/pdf/v2/lcsc/2304140030_Vishay-Intertech-TNPW0603287KBEEA_C1870350.pdf,https://www.lcsc.com/product-detail/chip-resistor-surface-mount_vishay-intertech-tnpw0603287kbeea_C1870350.html,"Resistor 287kΩ 0.1% 125mW 0603 High Stability Thin Film Flat Chip Resistors (TNPW e3), Vishay TNPW0603287KBEEA (Flight, LCSC Extended)",resistor 287kΩ 0603 vishay vishay tnpw flight general purpose,4858,0.0939
R 309k 0603 0.1% Vishay TNPW,309kΩ,C1870349,Extended,TNPW0603309KBEEA,Vishay,Vishay TNPW,0603,0.1%,125mW,75V,,,,,±25ppm/°C,E96,Flight,General Purpose,Device:R,Resistor_SMD:R_0603_1608Metric,https://wmsc.lcsc.com/wmsc/upload/file/pdf/v2/lcsc/2304140030_Vishay-Intertech-TNPW0603309KBEEA_C1870349.pdf,https://www.lcsc.com/product-detail/chip-resistor-surface-mount_vishay-intertech-tnpw0603309kbeea_C1870349.html,"Resistor 309kΩ 0.1% 125mW 0603 High Stability Thin Film Flat Chip Resistors (TNPW e3), Vishay TNPW0603309KBEEA (Flight, LCSC Extended)",resistor 309kΩ 0603 vishay vishay tnpw flight general purpose,4840,0.0939
R 324k 0603 0.1% Vishay TNPW,324kΩ,C3999394,Extended,TNPW0603324KBEEA,Vishay,Vishay TNPW,0603,0.1%,100mW,,,,,,±25ppm/°C,E96,Flight,General Purpose,Device:R,Resistor_SMD:R_0603_1608Metric,https://wmsc.lcsc.com/wmsc/upload/file/pdf/v2/lcsc/2312121754_Vishay-Intertech-TNPW0603324KBEEA_C3999394.pdf,https://www.lcsc.com/product-detail/chip-resistor-surface-mount_vishay-intertech-tnpw0603324kbeea_C3999394.html,"Resistor 324kΩ 0.1% 100mW 0603 High Stability Thin Film Flat Chip Resistors (TNPW e3), Vishay TNPW0603324KBEEA (Flight, LCSC Extended)",resistor 324kΩ 0603 vishay vishay tnpw flight general purpose,4721,0.0926
R 330k 0603 0.1% Vishay TNPW,330kΩ,C2089619,Extended,TNPW0603330KBEEA,Vishay,Vishay TNPW,0603,0.1%,125mW,75V,,,,,±25ppm/°C,E24,Flight,General Purpose,Device:R,Resistor_SMD:R_0603_1608Metric,https://datasheet.lcsc.com/lcsc/2304140030_Vishay-Intertech-TNPW0603330KBEEA_C2089619.pdf,https://www.lcsc.com/product-detail/chip resistor - surface mount_vishay intertech_tnpw0603330kbeea_C2089619.html,"Resistor 330kΩ 0.1% 125mW 0603 High Stability Thin Film Flat Chip Resistors (TNPW e3), Vishay TNPW0603330KBEEA (Flight, LCSC Extended)",resistor 330kΩ 0603 vishay vishay tnpw flight general purpose,110,0.5857
R 332k 0603 0.1% Vishay TNPW,332kΩ,C4351218,Extended,TNPW0603332KBEEA,Vishay,Vishay TNPW,0603,0.1%,100mW,,,,,,±25ppm/°C,E96,Flight,General Purpose,Device:R,Resistor_SMD:R_0603_1608Metric,https://wmsc.lcsc.com/wmsc/upload/file/pdf/v2/lcsc/2212221909_Vishay-Intertech-TNPW0603332KBEEA_C4351218.pdf,https://www.lcsc.com/product-detail/chip-resistor-surface-mount_vishay-intertech-tnpw0603332kbeea_C4351218.html,"Resistor 332kΩ 0.1% 100mW 0603 High Stability Thin Film Flat Chip Resistors (TNPW e3), Vishay TNPW0603332KBEEA (Flight, LCSC Extended)",resistor 332kΩ 0603 vishay vishay tnpw flight general purpose,387,0.4051
R 1 0805 0.5% Vishay TNPW,1Ω,C4008256,Extended,TNPW08051R00DEEA,Vishay,Vishay TNPW,0805,0.5%,125mW,,,,,,±25ppm/°C,E24,Flight,General Purpose,Device:R,Resistor_SMD:R_0805_2012Metric,https://wmsc.lcsc.com/wmsc/upload/file/pdf/v2/lcsc/2312130916_Vishay-Intertech-TNPW08051R00DEEA_C4008256.pdf,https://www.lcsc.com/product-detail/chip-resistor-surface-mount_vishay-intertech-tnpw08051r00deea_C4008256.html,"Resistor 1Ω 0.5% 125mW 0805 High Stability Thin Film Flat Chip Resistors (TNPW e3), Vishay TNPW08051R00DEEA (Flight, LCSC Extended)",resistor 1Ω 0805 vishay vishay tnpw flight general purpose,30,0.2854
R 2.2 0805 0.5% Vishay TNPW,2.2Ω,C1857693,Extended,TNPW08052R20DEEA,Vishay,Vishay TNPW,0805,0.5%,200mW,150V,,,,,±25ppm/°C,E24,Flight,General Purpose,Device:R,Resistor_SMD:R_0805_2012Metric,https://wmsc.lcsc.com/wmsc/upload/file/pdf/v2/lcsc/2304140030_Vishay-Intertech-TNPW08052R20DEEA_C1857693.pdf,https://www.lcsc.com/product-detail/chip-resistor-surface-mount_vishay-intertech-tnpw08052r20deea_C1857693.html,"Resistor 2.2Ω 0.5% 200mW 0805 High Stability Thin Film Flat Chip Resistors (TNPW e3), Vishay TNPW08052R20DEEA (Flight, LCSC Extended)",resistor 2.2Ω 0805 vishay vishay tnpw flight general purpose,115,0.3216
R 3.3 0805 0.5% Vishay TNPW,3.3Ω,C3956729,Extended,TNPW08053R30DEEA,Vishay,Vishay TNPW,0805,0.5%,125mW,,,,,,±25ppm/°C,E24,Flight,General Purpose,Device:R,Resistor_SMD:R_0805_2012Metric,https://wmsc.lcsc.com/wmsc/upload/file/pdf/v2/lcsc/2312121727_Vishay-Intertech-TNPW08053R30DEEA_C3956729.pdf,https://www.lcsc.com/product-detail/chip-resistor-surface-mount_vishay-intertech-tnpw08053r30deea_C3956729.html,"Resistor 3.3Ω 0.5% 125mW 0805 High Stability Thin Film Flat Chip Resistors (TNPW e3), Vishay TNPW08053R30DEEA (Flight, LCSC Extended)",resistor 3.3Ω 0805 vishay vishay tnpw flight general purpose,1102,0.2764
R 10 0805 0.1% Vishay TNPW,10Ω,C844677,Extended,TNPW080510R0BEEA,Vishay,Vishay TNPW,0805,0.1%,200mW,,,,,,±25ppm/°C,E24,Flight,General Purpose,Device:R,Resistor_SMD:R_0805_2012Metric,https://wmsc.lcsc.com/wmsc/upload/file/pdf/v2/lcsc/2210190530_Vishay-Intertech-TNPW080510R0BEEA_C844677.pdf,https://www.lcsc.com/product-detail/chip-resistor-surface-mount_vishay-intertech-tnpw080510r0beea_C844677.html,"Resistor 10Ω 0.1% 200mW 0805 High Stability Thin Film Flat Chip Resistors (TNPW e3), Vishay TNPW080510R0BEEA (Flight, LCSC Extended)",resistor 10Ω 0805 vishay vishay tnpw flight general purpose,1,0.706
R 10 0805 1% Vishay TNPW,10Ω,C844061,Extended,TNPW080510R0FEEA,Vishay,Vishay TNPW,0805,1%,200mW,,,,,,±25ppm/°C,E24,Flight,General Purpose,Device:R,Resistor_SMD:R_0805_2012Metric,https://wmsc.lcsc.com/wmsc/upload/file/pdf/v2/lcsc/2210190530_Vishay-Intertech-TNPW080510R0FEEA_C844061.pdf,https://www.lcsc.com/product-detail/chip-resistor-surface-mount_vishay-intertech-tnpw080510r0feea_C844061.html,"Resistor 10Ω 1% 200mW 0805 High Stability Thin Film Flat Chip Resistors (TNPW e3), Vishay TNPW080510R0FEEA (Flight, LCSC Extended)",resistor 10Ω 0805 vishay vishay tnpw flight general purpose,4254,0.1697
R 20 0805 0.1% Vishay TNPW,20Ω,C844064,Extended,TNPW080520R0BEEN,Vishay,Vishay TNPW,0805,0.1%,125mW,,,,,,±25ppm/°C,E24,Flight,General Purpose,Device:R,Resistor_SMD:R_0805_2012Metric,https://www.lcsc.com/datasheet/lcsc_datasheet_2312131902_Vishay-Intertech-TNPW080520R0BEEN_C844064.pdf,https://www.lcsc.com/product-detail/chip-resistor-surface-mount_vishay-intertech-tnpw080520r0been_C844064.html,"Resistor 20Ω 0.1% 125mW 0805 High Stability Thin Film Flat Chip Resistors (TNPW e3), Vishay TNPW080520R0BEEN (Flight, LCSC Extended)",resistor 20Ω 0805 vishay vishay tnpw flight general purpose,28,1.2559
R 47 0805 0.1% Vishay TNPW,47Ω,C2088764,Extended,TNPW080547R0BEEA,Vishay,Vishay TNPW,0805,0.1%,200mW,150V,,,,,±25ppm/°C,E24,Flight,General Purpose,Device:R,Resistor_SMD:R_0805_2012Metric,https://wmsc.lcsc.com/wmsc/upload/file/pdf/v2/lcsc/2304140030_Vishay-Intertech-TNPW080547R0BEEA_C2088764.pdf,https://www.lcsc.com/product-detail/chip-resistor-surface-mount_vishay-intertech-tnpw080547r0beea_C2088764.html,"Resistor 47Ω 0.1% 200mW 0805 High Stability Thin Film Flat Chip Resistors (TNPW e3), Vishay TNPW080547R0BEEA (Flight, LCSC Extended)",resistor 47Ω 0805 vishay vishay tnpw flight general purpose,1,0.2929
R 49.9 0805 0.1% Vishay TNPW,49.9Ω,C844269,Extended,TNPW080549R9BEEA,Vishay,Vishay TNPW,0805,0.1%,200mW,,,,,,±25ppm/°C,E96,Flight,General Purpose,Device:R,Resistor_SMD:R_0805_2012Metric,https://wmsc.lcsc.com/wmsc/upload/file/pdf/v2/lcsc/2210190530_Vishay-Intertech-TNPW080549R9BEEA_C844269.pdf,https://www.lcsc.com/product-detail/chip-resistor-surface-mount_vishay-intertech-tnpw080549r9beea_C844269.html,"Resistor 49.9Ω 0.1% 200mW 0805 High Stability Thin Film Flat Chip Resistors (TNPW e3), Vishay TNPW080549R9BEEA (Flight, LCSC Extended)",resistor 49.9Ω 0805 vishay vishay tnpw flight general purpose,3693,0.3576
R 51 0805 0.1% Vishay TNPW,51Ω,C5803465,Extended,TNPW080551R0BEEA,Vishay,Vishay TNPW,0805,0.1%,125mW,,,,,,±25ppm/°C,E24,Flight,General Purpose,Device:R,Resistor_SMD:R_0805_2012Metric,https://wmsc.lcsc.com/wmsc/upload/file/pdf/v2/lcsc/2312131636_Vishay-Intertech-TNPW080551R0BEEA_C5803465.pdf,https://www.lcsc.com/product-detail/chip-resistor-surface-mount_vishay-intertech-tnpw080551r0beea_C5803465.html,"Resistor 51Ω 0.1% 125mW 0805 High Stability Thin Film Flat Chip Resistors (TNPW e3), Vishay TNPW080551R0BEEA (Flight, LCSC Extended)",resistor 51Ω 0805 vishay vishay tnpw flight general purpose,308,0.8329
R 62 0805 0.1% Vishay TNPW,62Ω,C2088812,Extended,TNPW080562R0BEEA,Vishay,Vishay TNPW,0805,0.1%,200mW,150V,,,,,±25ppm/°C,E24,Flight,General Purpose,Device:R,Resistor_SMD:R_0805_2012Metric,https://wmsc.lcsc.com/wmsc/upload/file/pdf/v2/lcsc/2304140030_Vishay-Intertech-TNPW080562R0BEEA_C2088812.pdf,https://www.lcsc.com/product-detail/chip-resistor-surface-mount_vishay-intertech-tnpw080562r0beea_C2088812.html,"Resistor 62Ω 0.1% 200mW 0805 High Stability Thin Film Flat Chip Resistors (TNPW e3), Vishay TNPW080562R0BEEA (Flight, LCSC Extended)",resistor 62Ω 0805 vishay vishay tnpw flight general purpose,931,0.7662
R 100 0805 0.1% Vishay TNPW,100Ω,C2073390,Extended,TNPW0805100RBEEA,Vishay,Vishay TNPW,0805,0.1%,200mW,150V,,,,,±25ppm/°C,E24,Flight,General Purpose,Device:R,Resistor_SMD:R_0805_2012Metric,https://wmsc.lcsc.com/wmsc/upload/file/pdf/v2/lcsc/2304140030_Vishay-Intertech-TNPW0805100RBEEA_C2073390.pdf,https://www.lcsc.com/product-detail/chip-resistor-surface-mount_vishay-intertech-tnpw0805100rbeea_C2073390.html,"Resistor 100Ω 0.1% 200mW 0805 High Stability Thin Film Flat Chip Resistors (TNPW e3), Vishay TNPW0805100RBEEA (Flight, LCSC Extended)",resistor 100Ω 0805 vishay vishay tnpw flight general purpose,5002,0.3373
R 100 0805 1% Vishay TNPW,100Ω,C2075405,Extended,TNPW0805100RFEEA,Vishay,Vishay TNPW,0805,1%,200mW,150V,,,,,±25ppm/°C,E24,Flight,General Purpose,Device:R,Resistor_SMD:R_0805_2012Metric,https://wmsc.lcsc.com/wmsc/upload/file/pdf/v2/lcsc/2304140030_Vishay-Intertech-TNPW0805100RFEEA_C2075405.pdf,https://www.lcsc.com/product-detail/chip-resistor-surface-mount_vishay-intertech-tnpw0805100rfeea_C2075405.html,"Resistor 100Ω 1% 200mW 0805 High Stability Thin Film Flat Chip Resistors (TNPW e3), Vishay TNPW0805100RFEEA (Flight, LCSC Extended)",resistor 100Ω 0805 vishay vishay tnpw flight general purpose,23,0.1346
R 120 0805 0.1% Vishay TNPW,120Ω,C1854571,Extended,TNPW0805120RBEEA,Vishay,Vishay TNPW,0805,0.1%,200mW,150V,,,,,±25ppm/°C,E24,Flight,General Purpose,Device:R,Resistor_SMD:R_0805_2012Metric,https://wmsc.lcsc.com/wmsc/upload/file/pdf/v2/lcsc/2304140030_Vishay-Intertech-TNPW0805120RBEEA_C1854571.pdf,https://www.lcsc.com/product-detail/chip-resistor-surface-mount_vishay-intertech-tnpw0805120rbeea_C1854571.html,"Resistor 120Ω 0.1% 200mW 0805 High Stability Thin Film Flat Chip Resistors (TNPW e3), Vishay TNPW0805120RBEEA (Flight, LCSC Extended)",resistor 120Ω 0805 vishay vishay tnpw flight general purpose,2,0.5531
R 150 0805 0.1% Vishay TNPW,150Ω,C2088337,Extended,TNPW0805150RBEEA,Vishay,Vishay TNPW,0805,0.1%,200mW,150V,,,,,±25ppm/°C,E24,Flight,General Purpose,Device:R,Resistor_SMD:R_0805_2012Metric,https://wmsc.lcsc.com/wmsc/upload/file/pdf/v2/lcsc/2304140030_Vishay-Intertech-TNPW0805150RBEEA_C2088337.pdf,https://www.lcsc.com/product-detail/chip-resistor-surface-mount_vishay-intertech-tnpw0805150rbeea_C2088337.html,"Resistor 150Ω 0.1% 200mW 0805 High Stability Thin Film Flat Chip Resistors (TNPW e3), Vishay TNPW0805150RBEEA (Flight, LCSC Extended)",resistor 150Ω 0805 vishay vishay tnpw flight general purpose,2,1.5519
R 160 0805 0.1% Vishay TNPW,160Ω,C1708619,Extended,TNPW0805160RBEEA,Vishay,Vishay TNPW,0805,0.1%,200mW,150V,,,,,±25ppm/°C,E24,Flight,General Purpose,Device:R,Resistor_SMD:R_0805_2012Metric,https://wmsc.lcsc.com/wmsc/upload/file/pdf/v2/lcsc/2304140030_Vishay-Intertech-TNPW0805160RBEEA_C1708619.pdf,https://www.lcsc.com/product-detail/chip-resistor-surface-mount_vishay-intertech-tnpw0805160rbeea_C1708619.html,"Resistor 160Ω 0.1% 200mW 0805 High Stability Thin Film Flat Chip Resistors (TNPW e3), Vishay TNPW0805160RBEEA (Flight, LCSC Extended)",resistor 160Ω 0805 vishay vishay tnpw flight general purpose,30,0.4685
R 200 0805 0.1% Vishay TNPW,200Ω,C844464,Extended,TNPW0805200RBEEA,Vishay,Vishay TNPW,0805,0.1%,200mW,,,,,,±25ppm/°C,E24,Flight,General Purpose,Device:R,Resistor_SMD:R_0805_2012Metric,https://datasheet.lcsc.com/lcsc/2210190530_Vishay-Intertech-TNPW0805200RBEEA_C844464.pdf,https://www.lcsc.com/product-detail/chip resistor - surface mount_vishay intertech_tnpw0805200rbeea_C844464.html,"Resistor 200Ω 0.1% 200mW 0805 High Stability Thin Film Flat Chip Resistors (TNPW e3), Vishay TNPW0805200RBEEA (Flight, LCSC Extended)",resistor 200Ω 0805 vishay vishay tnpw flight general purpose,1663,0.3341
R 220 0805 0.1% Vishay TNPW,220Ω,C3986161,Extended,TNPW0805220RBEEA,Vishay,Vishay TNPW,0805,0.1%,125mW,,,,,,±25ppm/°C,E24,Flight,General Purpose,Device:R,Resistor_SMD:R_0805_2012Metric,https://wmsc.lcsc.com/wmsc/upload/file/pdf/v2/lcsc/2312121745_Vishay-Intertech-TNPW0805220RBEEA_C3986161.pdf,https://www.lcsc.com/product-detail/chip-resistor-surface-mount_vishay-intertech-tnpw0805220rbeea_C3986161.html,"Resistor 220Ω 0.1% 125mW 0805 High Stability Thin Film Flat Chip Resistors (TNPW e3), Vishay TNPW0805220RBEEA (Flight, LCSC Extended)",resistor 220Ω 0805 vishay vishay tnpw flight general purpose,490,0.7239
R 249 0805 0.1% Vishay TNPW,249Ω,C844065,Extended,TNPW0805249RBEEA,Vishay,Vishay TNPW,0805,0.1%,200mW,,,,,,±25ppm/°C,E96,Flight,General Purpose,Device:R,Resistor_SMD:R_0805_2012Metric,https://wmsc.lcsc.com/wmsc/upload/file/pdf/v2/lcsc/2210190530_Vishay-Intertech-TNPW0805249RBEEA_C844065.pdf,https://www.lcsc.com/product-detail/chip-resistor-surface-mount_vishay-intertech-tnpw0805249rbeea_C844065.html,"Resistor 249Ω 0.1% 200mW 0805 High Stability Thin Film Flat Chip Resistors (TNPW e3), Vishay TNPW0805249RBEEA (Flight, LCSC Extended)",resistor 249Ω 0805 vishay vishay tnpw flight general purpose,292,0.4523
R 402 0805 0.1% Vishay TNPW,402Ω,C1854568,Extended,TNPW0805402RBEEA,Vishay,Vishay TNPW,0805,0.1%,200mW,150V,,,,,±25ppm/°C,E96,Flight,General Purpose,Device:R,Resistor_SMD:R_0805_2012Metric,https://wmsc.lcsc.com/wmsc/upload/file/pdf/v2/lcsc/2304140030_Vishay-Intertech-TNPW0805402RBEEA_C1854568.pdf,https://www.lcsc.com/product-detail/chip-resistor-surface-mount_vishay-intertech-tnpw0805402rbeea_C1854568.html,"Resistor 402Ω 0.1% 200mW 0805 High Stability Thin Film Flat Chip Resistors (TNPW e3), Vishay TNPW0805402RBEEA (Flight, LCSC Extended)",resistor 402Ω 0805 vishay vishay tnpw flight general purpose,957,0.6849
R 470 0805 0.1% Vishay TNPW,470Ω,C1870370,Extended,TNPW0805470RBEEA,Vishay,Vishay TNPW,0805,0.1%,200mW,150V,,,,,±25ppm/°C,E24,Flight,General Purpose,Device:R,Resistor_SMD:R_0805_2012Metric,https://wmsc.lcsc.com/wmsc/upload/file/pdf/v2/lcsc/2304140030_Vishay-Intertech-TNPW0805470RBEEA_C1870370.pdf,https://www.lcsc.com/product-detail/chip-resistor-surface-mount_vishay-intertech-tnpw0805470rbeea_C1870370.html,"Resistor 470Ω 0.1% 200mW 0805 High Stability Thin Film Flat Chip Resistors (TNPW e3), Vishay TNPW0805470RBEEA (Flight, LCSC Extended)",resistor 470Ω 0805 vishay vishay tnpw flight general purpose,10,0.4604
R 510 0805 0.1% Vishay TNPW,510Ω,C4228612,Extended,TNPW0805510RBEEA,Vishay,Vishay TNPW,0805,0.1%,125mW,,,,,,±25ppm/°C,E24,Flight,General Purpose,Device:R,Resistor_SMD:R_0805_2012Metric,https://wmsc.lcsc.com/wmsc/upload/file/pdf/v2/lcsc/2312131108_Vishay-Intertech-TNPW0805510RBEEA_C4228612.pdf,https://www.lcsc.com/product-detail/chip-resistor-surface-mount_vishay-intertech-tnpw0805510rbeea_C4228612.html,"Resistor 510Ω 0.1% 125mW 0805 High Stability Thin Film Flat Chip Resistors (TNPW e3), Vishay TNPW0805510RBEEA (Flight, LCSC Extended)",resistor 510Ω 0805 vishay vishay tnpw flight general purpose,928,0.6849
R 1k 0805 0.1% Vishay TNPW,1kΩ,C2073519,Extended,TNPW08051K00BEEA,Vishay,Vishay TNPW,0805,0.1%,200mW,150V,,,,,±25ppm/°C,E24,Flight,General Purpose,Device:R,Resistor_SMD:R_0805_2012Metric,https://wmsc.lcsc.com/wmsc/upload/file/pdf/v2/lcsc/2304140030_Vishay-Intertech-TNPW08051K00BEEA_C2073519.pdf,https://www.lcsc.com/product-detail/chip-resistor-surface-mount_vishay-intertech-tnpw08051k00beea_C2073519.html,"Resistor 1kΩ 0.1% 200mW 0805 High Stability Thin Film Flat Chip Resistors (TNPW e3), Vishay TNPW08051K00BEEA (Flight, LCSC Extended)",resistor 1kΩ 0805 vishay vishay tnpw flight general purpose,9125,0.2815
R 1k 0805 1% Vishay TNPW,1kΩ,C2075830,Extended,TNPW08051K00FEEA,Vishay,Vishay TNPW,0805,1%,200mW,150V,,,,,±25ppm/°C,E24,Flight,General Purpose,Device:R,Resistor_SMD:R_0805_2012Metric,https://wmsc.lcsc.com/wmsc/upload/file/pdf/v2/lcsc/2304140030_Vishay-Intertech-TNPW08051K00FEEA_C2075830.pdf,https://www.lcsc.com/product-detail/chip-resistor-surface-mount_vishay-intertech-tnpw08051k00feea_C2075830.html,"Resistor 1kΩ 1% 200mW 0805 High Stability Thin Film Flat Chip Resistors (TNPW e3), Vishay TNPW08051K00FEEA (Flight, LCSC Extended)",resistor 1kΩ 0805 vishay vishay tnpw flight general purpose,19,0.2232
R 1.2k 0805 0.1% Vishay TNPW,1.2kΩ,C2088595,Extended,TNPW08051K20BEEA,Vishay,Vishay TNPW,0805,0.1%,200mW,150V,,,,,±25ppm/°C,E24,Flight,General Purpose,Device:R,Resistor_SMD:R_0805_2012Metric,https://wmsc.lcsc.com/wmsc/upload/file/pdf/v2/lcsc/2304140030_Vishay-Intertech-TNPW08051K20BEEA_C2088595.pdf,https://www.lcsc.com/product-detail/chip-resistor-surface-mount_vishay-intertech-tnpw08051k20beea_C2088595.html,"Resistor 1.2kΩ 0.1% 200mW 0805 High Stability Thin Film Flat Chip Resistors (TNPW e3), Vishay TNPW08051K20BEEA (Flight, LCSC Extended)",resistor 1.2kΩ 0805 vishay vishay tnpw flight general purpose,10,0.6231
R 1.5k 0805 0.1% Vishay TNPW,1.5kΩ,C843872,Extended,TNPW08051K50BEEA,Vishay,Vishay TNPW,0805,0.1%,200mW,,,,,,±25ppm/°C,E24,Flight,General Purpose,Device:R,Resistor_SMD:R_0805_2012Metric,https://wmsc.lcsc.com/wmsc/upload/file/pdf/v2/lcsc/2210190530_Vishay-Intertech-TNPW08051K50BEEA_C843872.pdf,https://www.lcsc.com/product-detail/chip-resistor-surface-mount_vishay-intertech-tnpw08051k50beea_C843872.html,"Resistor 1.5kΩ 0.1% 200mW 0805 High Stability Thin Film Flat Chip Resistors (TNPW e3), Vishay TNPW08051K50BEEA (Flight, LCSC Extended)",resistor 1.5kΩ 0805 vishay vishay tnpw flight general purpose,45,0.7256
R 1.8k 0805 0.1% Vishay TNPW,1.8kΩ,C2088335,Extended,TNPW08051K80BEEA,Vishay,Vishay TNPW,0805,0.1%,125mW,150V,,,,,±25ppm/°C,E24,Flight,General Purpose,Device:R,Resistor_SMD:R_0805_2012Metric,https://wmsc.lcsc.com/wmsc/upload/file/pdf/v2/lcsc/2304140030_Vishay-Intertech-TNPW08051K80BEEA_C2088335.pdf,https://www.lcsc.com/product-detail/chip-resistor-surface-mount_vishay-intertech-tnpw08051k80beea_C2088335.html,"Resistor 1.8kΩ 0.1% 125mW 0805 High Stability Thin Film Flat Chip Resistors (TNPW e3), Vishay TNPW08051K80BEEA (Flight, LCSC Extended)",resistor 1.8kΩ 0805 vishay vishay tnpw flight general purpose,2,0.2896
R 1.96k 0805 0.1% Vishay TNPW,1.96kΩ,C2093012,Extended,TNPW08051K96BEEN,Vishay,Vishay TNPW,0805,0.1%,200mW,150V,,,,,±25ppm/°C,E96,Flight,General Purpose,Device:R,Resistor_SMD:R_0805_2012Metric,https://wmsc.lcsc.com/wmsc/upload/file/pdf/v2/lcsc/2304140030_Vishay-Intertech-TNPW08051K96BEEN_C2093012.pdf,https://www.lcsc.com/product-detail/chip-resistor-surface-mount_vishay-intertech-tnpw08051k96been_C2093012.html,"Resistor 1.96kΩ 0.1% 200mW 0805 High Stability Thin Film Flat Chip Resistors (TNPW e3), Vishay TNPW08051K96BEEN (Flight, LCSC Extended)",resistor 1.96kΩ 0805 vishay vishay tnpw flight general purpose,500,1.2705
R 2k 0805 0.1% Vishay TNPW,2kΩ,C844681,Extended,TNPW08052K00BEEA,Vishay,Vishay TNPW,0805,0.1%,200mW,,,,,,±25ppm/°C,E24,Flight,General Purpose,Device:R,Resistor_SMD:R_0805_2012Metric,https://wmsc.lcsc.com/wmsc/upload/file/pdf/v2/lcsc/2210190530_Vishay-Intertech-TNPW08052K00BEEA_C844681.pdf,https://www.lcsc.com/product-detail/chip-resistor-surface-mount_vishay-intertech-tnpw08052k00beea_C844681.html,"Resistor 2kΩ 0.1% 200mW 0805 High Stability Thin Film Flat Chip Resistors (TNPW e3), Vishay TNPW08052K00BEEA (Flight, LCSC Extended)",resistor 2kΩ 0805 vishay vishay tnpw flight general purpose,1967,0.2842
R 2.05k 0805 0.1% Vishay TNPW,2.05kΩ,C1709900,Extended,TNPW08052K05BEEA,Vishay,Vishay TNPW,0805,0.1%,200mW,150V,,,,,±25ppm/°C,E96,Flight,General Purpose,Device:R,Resistor_SMD:R_0805_2012Metric,https://wmsc.lcsc.com/wmsc/upload/file/pdf/v2/lcsc/2304140030_Vishay-Intertech-TNPW08052K05BEEA_C1709900.pdf,https://www.lcsc.com/product-detail/chip-resistor-surface-mount_vishay-intertech-tnpw08052k05beea_C1709900.html,"Resistor 2.05kΩ 0.1% 200mW 0805 High Stability Thin Film Flat Chip Resistors (TNPW e3), Vishay TNPW08052K05BEEA (Flight, LCSC Extended)",resistor 2.05kΩ 0805 vishay vishay tnpw flight general purpose,80,0.8199
R 2.21k 0805 0.1% Vishay TNPW,2.21kΩ,C2088380,Extended,TNPW08052K21BEEA,Vishay,Vishay TNPW,0805,0.1%,200mW,150V,,,,,±25ppm/°C,E96,Flight,General Purpose,Device:R,Resistor_SMD:R_0805_2012Metric,https://wmsc.lcsc.com/wmsc/upload/file/pdf/v2/lcsc/2304140030_Vishay-Intertech-TNPW08052K21BEEA_C2088380.pdf,https://www.lcsc.com/product-detail/chip-resistor-surface-mount_vishay-intertech-tnpw08052k21beea_C2088380.html,"Resistor 2.21kΩ 0.1% 200mW 0805 High Stability Thin Film Flat Chip Resistors (TNPW e3), Vishay TNPW08052K21BEEA (Flight, LCSC Extended)",resistor 2.21kΩ 0805 vishay vishay tnpw flight general purpose,43,0.3465
R 2.43k 0805 0.1% Vishay TNPW,2.43kΩ,C1709873,Extended,TNPW08052K43BEEA,Vishay,Vishay TNPW,0805,0.1%,200mW,150V,,,,,±25ppm/°C,E96,Flight,General Purpose,Device:R,Resistor_SMD:R_0805_2012Metric,https://wmsc.lcsc.com/wmsc/upload/file/pdf/v2/lcsc/2304140030_Vishay-Intertech-TNPW08052K43BEEA_C1709873.pdf,https://www.lcsc.com/product-detail/chip-resistor-surface-mount_vishay-intertech-tnpw08052k43beea_C1709873.html,"Resistor 2.43kΩ 0.1% 200mW 0805 High Stability Thin Film Flat Chip Resistors (TNPW e3), Vishay TNPW08052K43BEEA (Flight, LCSC Extended)",resistor 2.43kΩ 0805 vishay vishay tnpw flight general purpose,141,0.4555
R 2.49k 0805 0.1% Vishay TNPW,2.49kΩ,C2075518,Extended,TNPW08052K49BEEA,Vishay,Vishay TNPW,0805,0.1%,200mW,150V,,,,,±25ppm/°C,E96,Flight,General Purpose,Device:R,Resistor_SMD:R_0805_2012Metric,https://wmsc.lcsc.com/wmsc/upload/file/pdf/v2/lcsc/2304140030_Vishay-Intertech-TNPW08052K49BEEA_C2075518.pdf,https://www.lcsc.com/product-detail/chip-resistor-surface-mount_vishay-intertech-tnpw08052k49beea_C2075518.html,"Resistor 2.49kΩ 0.1% 200mW 0805 High Stability Thin Film Flat Chip Resistors (TNPW e3), Vishay TNPW08052K49BEEA (Flight, LCSC Extended)",resistor 2.49kΩ 0805 vishay vishay tnpw flight general purpose,26,0.3807
R 2.67k 0805 0.1% Vishay TNPW,2.67kΩ,C4350590,Extended,TNPW08052K67BEEN,Vishay,Vishay TNPW,0805,0.1%,125mW,,,,,,±25ppm/°C,E96,Flight,General Purpose,Device:R,Resistor_SMD:R_0805_2012Metric,https://wmsc.lcsc.com/wmsc/upload/file/pdf/v2/lcsc/2212221909_Vishay-Intertech-TNPW08052K67BEEN_C4350590.pdf,https://www.lcsc.com/product-detail/chip-resistor-surface-mount_vishay-intertech-tnpw08052k67been_C4350590.html,"Resistor 2.67kΩ 0.1% 125mW 0805 High Stability Thin Film Flat Chip Resistors (TNPW e3), Vishay TNPW08052K67BEEN (Flight, LCSC Extended)",resistor 2.67kΩ 0805 vishay vishay tnpw flight general purpose,500,1.2315
R 2.7k 0805 0.1% Vishay TNPW,2.7kΩ,C2088352,Extended,TNPW08052K70BEEA,Vishay,Vishay TNPW,0805,0.1%,200mW,150V,,,,,±25ppm/°C,E24,Flight,General Purpose,Device:R,Resistor_SMD:R_0805_2012Metric,https://wmsc.lcsc.com/wmsc/upload/file/pdf/v2/lcsc/2304140030_Vishay-Intertech-TNPW08052K70BEEA_C2088352.pdf,https://www.lcsc.com/product-detail/chip-resistor-surface-mount_vishay-intertech-tnpw08052k70beea_C2088352.html,"Resistor 2.7kΩ 0.1% 200mW 0805 High Stability Thin Film Flat Chip Resistors (TNPW e3), Vishay TNPW08052K70BEEA (Flight, LCSC Extended)",resistor 2.7kΩ 0805 vishay vishay tnpw flight general purpose,940,0.6686
R 2.8k 0805 0.1% Vishay TNPW,2.8kΩ,C3970148,Extended,TNPW08052K80BEEA,Vishay,Vishay TNPW,0805,0.1%,125mW,,,,,,±25ppm/°C,E96,Flight,General Purpose,Device:R,Resistor_SMD:R_0805_2012Metric,https://wmsc.lcsc.com/wmsc/upload/file/pdf/v2/lcsc/2312160129_Vishay-Intertech-TNPW08052K80BEEA_C3970148.pdf,https://www.lcsc.com/product-detail/chip-resistor-surface-mount_vishay-intertech-tnpw08052k80beea_C3970148.html,"Resistor 2.8kΩ 0.1% 125mW 0805 High Stability Thin Film Flat Chip Resistors (TNPW e3), Vishay TNPW08052K80BEEA (Flight, LCSC Extended)",resistor 2.8kΩ 0805 vishay vishay tnpw flight general purpose,1000,0.6995
R 3k 0805 0.1% Vishay TNPW,3kΩ,C843873,Extended,TNPW08053K00BEEA,Vishay,Vishay TNPW,0805,0.1%,125mW,,,,,,±25ppm/°C,E24,Flight,General Purpose,Device:R,Resistor_SMD:R_0805_2012Metric,https://www.vishay.com/docs/28758/tnpw_e3.pdf,https://www.lcsc.com/product-detail/chip resistor - surface mount_vishay intertech_tnpw08053k00beea_C843873.html,"Resistor 3kΩ 0.1% 125mW 0805 High Stability Thin Film Flat Chip Resistors (TNPW e3), Vishay TNPW08053K00BEEA (Flight, LCSC Extended)",resistor 3kΩ 0805 vishay vishay tnpw flight general purpose,12,0.5759
R 3.3k 0805 0.1% Vishay TNPW,3.3kΩ,C2092866,Extended,TNPW08053K30BEEA,Vishay,Vishay TNPW,0805,0.1%,200mW,150V,,,,,±25ppm/°C,E24,Flight,General Purpose,Device:R,Resistor_SMD:R_0805_2012Metric,https://wmsc.lcsc.com/wmsc/upload/file/pdf/v2/lcsc/2304140030_Vishay-Intertech-TNPW08053K30BEEA_C2092866.pdf,https://www.lcsc.com/product-detail/chip-resistor-surface-mount_vishay-intertech-tnpw08053k30beea_C2092866.html,"Resistor 3.3kΩ 0.1% 200mW 0805 High Stability Thin Film Flat Chip Resistors (TNPW e3), Vishay TNPW08053K30BEEA (Flight, LCSC Extended)",resistor 3.3kΩ 0805 vishay vishay tnpw flight general purpose,197,0.7418
R 3.32k 0805 0.1% Vishay TNPW,3.32kΩ,C2075490,Extended,TNPW08053K32BEEA,Vishay,Vishay TNPW,0805,0.1%,200mW,150V,,,,,±25ppm/°C,E96,Flight,General Purpose,Device:R,Resistor_SMD:R_0805_2012Metric,https://wmsc.lcsc.com/wmsc/upload/file/pdf/v2/lcsc/2304140030_Vishay-Intertech-TNPW08053K32BEEA_C2075490.pdf,https://www.lcsc.com/product-detail/chip-resistor-surface-mount_vishay-intertech-tnpw08053k32beea_C2075490.html,"Resistor 3.32kΩ 0.1% 200mW 0805 High Stability Thin Film Flat Chip Resistors (TNPW e3), Vishay TNPW08053K32BEEA (Flight, LCSC Extended)",resistor 3.32kΩ 0805 vishay vishay tnpw flight general purpose,1929,0.2766
R 3.6k 0805 0.1% Vishay TNPW,3.6kΩ,C2092844,Extended,TNPW08053K60BEEA,Vishay,Vishay TNPW,0805,0.1%,200mW,150V,,,,,±25ppm/°C,E24,Flight,General Purpose,Device:R,Resistor_SMD:R_0805_2012Metric,https://wmsc.lcsc.com/wmsc/upload/file/pdf/v2/lcsc/2304140030_Vishay-Intertech-TNPW08053K60BEEA_C2092844.pdf,https://www.lcsc.com/product-detail/chip-resistor-surface-mount_vishay-intertech-tnpw08053k60beea_C2092844.html,"Resistor 3.6kΩ 0.1% 200mW 0805 High Stability Thin Film Flat Chip Resistors (TNPW e3), Vishay TNPW08053K60BEEA (Flight, LCSC Extended)",resistor 3.6kΩ 0805 vishay vishay tnpw flight general purpose,30,0.4783
R 3.9k 0805 0.1% Vishay TNPW,3.9kΩ,C4295510,Extended,TNPW08053K90BEEA,Vishay,Vishay TNPW,0805,0.1%,125mW,,,,,,±25ppm/°C,E24,Flight,General Purpose,Device:R,Resistor_SMD:R_0805_2012Metric,https://wmsc.lcsc.com/wmsc/upload/file/pdf/v2/lcsc/2312131139_Vishay-Intertech-TNPW08053K90BEEA_C4295510.pdf,https://www.lcsc.com/product-detail/chip-resistor-surface-mount_vishay-intertech-tnpw08053k90beea_C4295510.html,"Resistor 3.9kΩ 0.1% 125mW 0805 High Stability Thin Film Flat Chip Resistors (TNPW e3), Vishay TNPW08053K90BEEA (Flight, LCSC Extended)",resistor 3.9kΩ 0805 vishay vishay tnpw flight general purpose,583,0.6182
R 4.02k 0805 0.1% Vishay TNPW,4.02kΩ,C844270,Extended,TNPW08054K02BEEA,Vishay,Vishay TNPW,0805,0.1%,200mW,,,,,,±25ppm/°C,E96,Flight,General Purpose,Device:R,Resistor_SMD:R_0805_2012Metric,https://wmsc.lcsc.com/wmsc/upload/file/pdf/v2/lcsc/2210190530_Vishay-Intertech-TNPW08054K02BEEA_C844270.pdf,https://www.lcsc.com/product-detail/chip-resistor-surface-mount_vishay-intertech-tnpw08054k02beea_C844270.html,"Resistor 4.02kΩ 0.1% 200mW 0805 High Stability Thin Film Flat Chip Resistors (TNPW e3), Vishay TNPW08054K02BEEA (Flight, LCSC Extended)",resistor 4.02kΩ 0805 vishay vishay tnpw flight general purpose,3311,0.2654
R 4.7k 0805 0.1% Vishay TNPW,4.7kΩ,C844682,Extended,TNPW08054K70BEEA,Vishay,Vishay TNPW,0805,0.1%,125mW,,,,,,±25ppm/°C,E24,Flight,General Purpose,Device:R,Resistor_SMD:R_0805_2012Metric,https://wmsc.lcsc.com/wmsc/upload/file/pdf/v2/lcsc/2312181733_Vishay-Intertech-TNPW08054K70BEEA_C844682.pdf,https://www.lcsc.com/product-detail/chip-resistor-surface-mount_vishay-intertech-tnpw08054k70beea_C844682.html,"Resistor 4.7kΩ 0.1% 125mW 0805 High Stability Thin Film Flat Chip Resistors (TNPW e3), Vishay TNPW08054K70BEEA (Flight, LCSC Extended)",resistor 4.7kΩ 0805 vishay vishay tnpw flight general purpose,9828,0.2385
R 4.75k 0805 0.1% Vishay TNPW,4.75kΩ,C2088386,Extended,TNPW08054K75BEEA,Vishay,Vishay TNPW,0805,0.1%,200mW,150V,,,,,±25ppm/°C,E96,Flight,General Purpose,Device:R,Resistor_SMD:R_0805_2012Metric,https://wmsc.lcsc.com/wmsc/upload/file/pdf/v2/lcsc/2304140030_Vishay-Intertech-TNPW08054K75BEEA_C2088386.pdf,https://www.lcsc.com/product-detail/chip-resistor-surface-mount_vishay-intertech-tnpw08054k75beea_C2088386.html,"Resistor 4.75kΩ 0.1% 200mW 0805 High Stability Thin Film Flat Chip Resistors (TNPW e3), Vishay TNPW08054K75BEEA (Flight, LCSC Extended)",resistor 4.75kΩ 0805 vishay vishay tnpw flight general purpose,1807,0.2434
R 4.99k 0805 0.1% Vishay TNPW,4.99kΩ,C844468,Extended,TNPW08054K99BEEA,Vishay,Vishay TNPW,0805,0.1%,200mW,,,,,,±25ppm/°C,E96,Flight,General Purpose,Device:R,Resistor_SMD:R_0805_2012Metric,https://wmsc.lcsc.com/wmsc/upload/file/pdf/v2/lcsc/2210190530_Vishay-Intertech-TNPW08054K99BEEA_C844468.pdf,https://www.lcsc.com/product-detail/chip-resistor-surface-mount_vishay-intertech-tnpw08054k99beea_C844468.html,"Resistor 4.99kΩ 0.1% 200mW 0805 High Stability Thin Film Flat Chip Resistors (TNPW e3), Vishay TNPW08054K99BEEA (Flight, LCSC Extended)",resistor 4.99kΩ 0805 vishay vishay tnpw flight general purpose,2845,0.3931
R 4.99k 0805 0.5% Vishay TNPW,4.99kΩ,C2078448,Extended,TNPW08054K99DEEA,Vishay,Vishay TNPW,0805,0.5%,200mW,150V,,,,,±25ppm/°C,E96,Flight,General Purpose,Device:R,Resistor_SMD:R_0805_2012Metric,https://wmsc.lcsc.com/wmsc/upload/file/pdf/v2/lcsc/2304140030_Vishay-Intertech-TNPW08054K99DEEA_C2078448.pdf,https://www.lcsc.com/product-detail/chip-resistor-surface-mount_vishay-intertech-tnpw08054k99deea_C2078448.html,"Resistor 4.99kΩ 0.5% 200mW 0805 High Stability Thin Film Flat Chip Resistors (TNPW e3), Vishay TNPW08054K99DEEA (Flight, LCSC Extended)",resistor 4.99kΩ 0805 vishay vishay tnpw flight general purpose,21,0.1412
R 5.1k 0805 0.1% Vishay TNPW,5.1kΩ,C2088710,Extended,TNPW08055K10BEEA,Vishay,Vishay TNPW,0805,0.1%,200mW,150V,,,,,±25ppm/°C,E24,Flight,General Purpose,Device:R,Resistor_SMD:R_0805_2012Metric,https://wmsc.lcsc.com/wmsc/upload/file/pdf/v2/lcsc/2304140030_Vishay-Intertech-TNPW08055K10BEEA_C2088710.pdf,https://www.lcsc.com/product-detail/chip-resistor-surface-mount_vishay-intertech-tnpw08055k10beea_C2088710.html,"Resistor 5.1kΩ 0.1% 200mW 0805 High Stability Thin Film Flat Chip Resistors (TNPW e3), Vishay TNPW08055K10BEEA (Flight, LCSC Extended)",resistor 5.1kΩ 0805 vishay vishay tnpw flight general purpose,353,0.5873
R 5.6k 0805 0.1% Vishay TNPW,5.6kΩ,C4276973,Extended,TNPW08055K60BEEA,Vishay,Vishay TNPW,0805,0.1%,125mW,,,,,,±25ppm/°C,E24,Flight,General Purpose,Device:R,Resistor_SMD:R_0805_2012Metric,https://wmsc.lcsc.com/wmsc/upload/file/pdf/v2/lcsc/2312181523_Vishay-Intertech-TNPW08055K60BEEA_C4276973.pdf,https://www.lcsc.com/product-detail/chip-resistor-surface-mount_vishay-intertech-tnpw08055k60beea_C4276973.html,"Resistor 5.6kΩ 0.1% 125mW 0805 High Stability Thin Film Flat Chip Resistors (TNPW e3), Vishay TNPW08055K60BEEA (Flight, LCSC Extended)",resistor 5.6kΩ 0805 vishay vishay tnpw flight general purpose,624,0.6849
R 5.9k 0805 0.1% Vishay TNPW,5.9kΩ,C2088421,Extended,TNPW08055K90BEEA,Vishay,Vishay TNPW,0805,0.1%,200mW,150V,,,,,±25ppm/°C,E96,Flight,General Purpose,Device:R,Resistor_SMD:R_0805_2012Metric,https://wmsc.lcsc.com/wmsc/upload/file/pdf/v2/lcsc/2304140030_Vishay-Intertech-TNPW08055K90BEEA_C2088421.pdf,https://www.lcsc.com/product-detail/chip-resistor-surface-mount_vishay-intertech-tnpw08055k90beea_C2088421.html,"Resistor 5.9kΩ 0.1% 200mW 0805 High Stability Thin Film Flat Chip Resistors (TNPW e3), Vishay TNPW08055K90BEEA (Flight, LCSC Extended)",resistor 5.9kΩ 0805 vishay vishay tnpw flight general purpose,992,0.7256
R 6.04k 0805 0.1% Vishay TNPW,6.04kΩ,C4158321,Extended,TNPW08056K04BEEA,Vishay,Vishay TNPW,0805,0.1%,125mW,,,,,,±25ppm/°C,E96,Flight,General Purpose,Device:R,Resistor_SMD:R_0805_2012Metric,https://wmsc.lcsc.com/wmsc/upload/file/pdf/v2/lcsc/2312181444_Vishay-Intertech-TNPW08056K04BEEA_C4158321.pdf,https://www.lcsc.com/product-detail/chip-resistor-surface-mount_vishay-intertech-tnpw08056k04beea_C4158321.html,"Resistor 6.04kΩ 0.1% 125mW 0805 High Stability Thin Film Flat Chip Resistors (TNPW e3), Vishay TNPW08056K04BEEA (Flight, LCSC Extended)",resistor 6.04kΩ 0805 vishay vishay tnpw flight general purpose,707,0.6849
R 6.34k 0805 0.1% Vishay TNPW,6.34kΩ,C3013847,Extended,TNPW08056K34BEEN,Vishay,Vishay TNPW,0805,0.1%,125mW,,,,,,±25ppm/°C,E96,Flight,General Purpose,Device:R,Resistor_SMD:R_0805_2012Metric,https://wmsc.lcsc.com/wmsc/upload/file/pdf/v2/lcsc/2301300930_Vishay-Intertech-TNPW08056K34BEEN_C3013847.pdf,https://www.lcsc.com/product-detail/chip-resistor-surface-mount_vishay-intertech-tnpw08056k34been_C3013847.html,"Resistor 6.34kΩ 0.1% 125mW 0805 High Stability Thin Film Flat Chip Resistors (TNPW e3), Vishay TNPW08056K34BEEN (Flight, LCSC Extended)",resistor 6.34kΩ 0805 vishay vishay tnpw flight general purpose,98,0.8297
R 6.8k 0805 0.1% Vishay TNPW,6.8kΩ,C843874,Extended,TNPW08056K80BEEA,Vishay,Vishay TNPW,0805,0.1%,200mW,,,,,,±25ppm/°C,E24,Flight,General Purpose,Device:R,Resistor_SMD:R_0805_2012Metric,https://wmsc.lcsc.com/wmsc/upload/file/pdf/v2/lcsc/2210190530_Vishay-Intertech-TNPW08056K80BEEA_C843874.pdf,https://www.lcsc.com/product-detail/chip-resistor-surface-mount_vishay-intertech-tnpw08056k80beea_C843874.html,"Resistor 6.8kΩ 0.1% 200mW 0805 High Stability Thin Film Flat Chip Resistors (TNPW e3), Vishay TNPW08056K80BEEA (Flight, LCSC Extended)",resistor 6.8kΩ 0805 vishay vishay tnpw flight general purpose,3652,0.3441
R 7.5k 0805 0.1% Vishay TNPW,7.5kΩ,C4231500,Extended,TNPW08057K50BEEA,Vishay,Vishay TNPW,0805,0.1%,125mW,,,,,,±25ppm/°C,E24,Flight,General Purpose,Device:R,Resistor_SMD:R_0805_2012Metric,https://wmsc.lcsc.com/wmsc/upload/file/pdf/v2/lcsc/2312131110_Vishay-Intertech-TNPW08057K50BEEA_C4231500.pdf,https://www.lcsc.com/product-detail/chip-resistor-surface-mount_vishay-intertech-tnpw08057k50beea_C4231500.html,"Resistor 7.5kΩ 0.1% 125mW 0805 High Stability Thin Film Flat Chip Resistors (TNPW e3), Vishay TNPW08057K50BEEA (Flight, LCSC Extended)",resistor 7.5kΩ 0805 vishay vishay tnpw flight general purpose,21,0.5938
R 8.06k 0805 0.1% Vishay TNPW,8.06kΩ,C4347414,Extended,TNPW08058K06BEEA,Vishay,Vishay TNPW,0805,0.1%,125mW,,,,,,±25ppm/°C,E96,Flight,General Purpose,Device:R,Resistor_SMD:R_0805_2012Metric,https://wmsc.lcsc.com/wmsc/upload/file/pdf/v2/lcsc/2212221930_Vishay-Intertech-TNPW08058K06BEEA_C4347414.pdf,https://www.lcsc.com/product-detail/chip-resistor-surface-mount_vishay-intertech-tnpw08058k06beea_C4347414.html,"Resistor 8.06kΩ 0.1% 125mW 0805 High Stability Thin Film Flat Chip Resistors (TNPW e3), Vishay TNPW08058K06BEEA (Flight, LCSC Extended)",resistor 8.06kΩ 0805 vishay vishay tnpw flight general purpose,143,0.8606
R 8.87k 0805 0.1% Vishay TNPW,8.87kΩ,C3931579,Extended,TNPW08058K87BEEA,Vishay,Vishay TNPW,0805,0.1%,125mW,,,,,,±25ppm/°C,E96,Flight,General Purpose,Device:R,Resistor_SMD:R_0805_2012Metric,https://wmsc.lcsc.com/wmsc/upload/file/pdf/v2/lcsc/2312160123_Vishay-Intertech-TNPW08058K87BEEA_C3931579.pdf,https://www.lcsc.com/product-detail/chip-resistor-surface-mount_vishay-intertech-tnpw08058k87beea_C3931579.html,"Resistor 8.87kΩ 0.1% 125mW 0805 High Stability Thin Film Flat Chip Resistors (TNPW e3), Vishay TNPW08058K87BEEA (Flight, LCSC Extended)",resistor 8.87kΩ 0805 vishay vishay tnpw flight general purpose,990,0.6849
R 9.76k 0805 0.1% Vishay TNPW,9.76kΩ,C2075749,Extended,TNPW08059K76BEEA,Vishay,Vishay TNPW,0805,0.1%,200mW,150V,,,,,±25ppm/°C,E96,Flight,General Purpose,Device:R,Resistor_SMD:R_0805_2012Metric,https://wmsc.lcsc.com/wmsc/upload/file/pdf/v2/lcsc/2304140030_Vishay-Intertech-TNPW08059K76BEEA_C2075749.pdf,https://www.lcsc.com/product-detail/chip-resistor-surface-mount_vishay-intertech-tnpw08059k76beea_C2075749.html,"Resistor 9.76kΩ 0.1% 200mW 0805 High Stability Thin Film Flat Chip Resistors (TNPW e3), Vishay TNPW08059K76BEEA (Flight, LCSC Extended)",resistor 9.76kΩ 0805 vishay vishay tnpw flight general purpose,121,0.6654
R 10k 0805 0.1% Vishay TNPW,10kΩ,C844893,Extended,TNPW080510K0BEEA,Vishay,Vishay TNPW,0805,0.1%,200mW,,,,,,±25ppm/°C,E24,Flight,General Purpose,Device:R,Resistor_SMD:R_0805_2012Metric,https://wmsc.lcsc.com/wmsc/upload/file/pdf/v2/lcsc/2210190530_Vishay-Intertech-TNPW080510K0BEEA_C844893.pdf,https://www.lcsc.com/product-detail/chip-resistor-surface-mount_vishay-intertech-tnpw080510k0beea_C844893.html,"Resistor 10kΩ 0.1% 200mW 0805 High Stability Thin Film Flat Chip Resistors (TNPW e3), Vishay TNPW080510K0BEEA (Flight, LCSC Extended)",resistor 10kΩ 0805 vishay vishay tnpw flight general purpose,12192,0.2602
R 10k 0805 0.5% Vishay TNPW,10kΩ,C2075237,Extended,TNPW080510K0DEEA,Vishay,Vishay TNPW,0805,0.5%,200mW,150V,,,,,±25ppm/°C,E24,Flight,General Purpose,Device:R,Resistor_SMD:R_0805_2012Metric,https://wmsc.lcsc.com/wmsc/upload/file/pdf/v2/lcsc/2304140030_Vishay-Intertech-TNPW080510K0DEEA_C2075237.pdf,https://www.lcsc.com/product-detail/chip-resistor-surface-mount_vishay-intertech-tnpw080510k0deea_C2075237.html,"Resistor 10kΩ 0.5% 200mW 0805 High Stability Thin Film Flat Chip Resistors (TNPW e3), Vishay TNPW080510K0DEEA (Flight, LCSC Extended)",resistor 10kΩ 0805 vishay vishay tnpw flight general purpose,20,0.2663
R 10k 0805 1% Vishay TNPW,10kΩ,C3013856,Extended,TNPW080510K0FEEA,Vishay,Vishay TNPW,0805,1%,125mW,,,,,,±25ppm/°C,E24,Flight,General Purpose,Device:R,Resistor_SMD:R_0805_2012Metric,https://wmsc.lcsc.com/wmsc/upload/file/pdf/v2/lcsc/2206081730_Vishay-Intertech-TNPW080510K0FEEA_C3013856.pdf,https://www.lcsc.com/product-detail/chip-resistor-surface-mount_vishay-intertech-tnpw080510k0feea_C3013856.html,"Resistor 10kΩ 1% 125mW 0805 High Stability Thin Film Flat Chip Resistors (TNPW e3), Vishay TNPW080510K0FEEA (Flight, LCSC Extended)",resistor 10kΩ 0805 vishay vishay tnpw flight general purpose,822,0.2035
R 12k 0805 0.1% Vishay TNPW,12kΩ,C7125390,Extended,TNPW080512K0BEEA,Vishay,Vishay TNPW,0805,0.1%,125mW,,,,,,±25ppm/°C,E24,Flight,General Purpose,Device:R,Resistor_SMD:R_0805_2012Metric,https://wmsc.lcsc.com/wmsc/upload/file/pdf/v2/lcsc/2312181723_Vishay-Intertech-TNPW080512K0BEEA_C7125390.pdf,https://www.lcsc.com/product-detail/chip-resistor-surface-mount_vishay-intertech-tnpw080512k0beea_C7125390.html,"Resistor 12kΩ 0.1% 125mW 0805 High Stability Thin Film Flat Chip Resistors (TNPW e3), Vishay TNPW080512K0BEEA (Flight, LCSC Extended)",resistor 12kΩ 0805 vishay vishay tnpw flight general purpose,4297,0.4002
R 15k 0805 0.1% Vishay TNPW,15kΩ,C844678,Extended,TNPW080515K0BEEA,Vishay,Vishay TNPW,0805,0.1%,125mW,,,,,,±25ppm/°C,E24,Flight,General Purpose,Device:R,Resistor_SMD:R_0805_2012Metric,https://wmsc.lcsc.com/wmsc/upload/file/pdf/v2/lcsc/2205261600_Vishay-Intertech-TNPW080515K0BEEA_C844678.pdf,https://www.lcsc.com/product-detail/chip-resistor-surface-mount_vishay-intertech-tnpw080515k0beea_C844678.html,"Resistor 15kΩ 0.1% 125mW 0805 High Stability Thin Film Flat Chip Resistors (TNPW e3), Vishay TNPW080515K0BEEA (Flight, LCSC Extended)",resistor 15kΩ 0805 vishay vishay tnpw flight general purpose,6589,0.3436
R 16k 0805 0.1% Vishay TNPW,16kΩ,C2088450,Extended,TNPW080516K0BEEA,Vishay,Vishay TNPW,0805,0.1%,200mW,150V,,,,,±25ppm/°C,E24,Flight,General Purpose,Device:R,Resistor_SMD:R_0805_2012Metric,https://wmsc.lcsc.com/wmsc/upload/file/pdf/v2/lcsc/2304140030_Vishay-Intertech-TNPW080516K0BEEA_C2088450.pdf,https://www.lcsc.com/product-detail/chip-resistor-surface-mount_vishay-intertech-tnpw080516k0beea_C2088450.html,"Resistor 16kΩ 0.1% 200mW 0805 High Stability Thin Film Flat Chip Resistors (TNPW e3), Vishay TNPW080516K0BEEA (Flight, LCSC Extended)",resistor 16kΩ 0805 vishay vishay tnpw flight general purpose,748,0.4523
R 17.8k 0805 0.1% Vishay TNPW,17.8kΩ,C1725050,Extended,TNPW080517K8BEEN,Vishay,Vishay TNPW,0805,0.1%,125mW,150V,,,,,±25ppm/°C,E96,Flight,General Purpose,Device:R,Resistor_SMD:R_0805_2012Metric,https://wmsc.lcsc.com/wmsc/upload/file/pdf/v2/lcsc/2304140030_Vishay-Intertech-TNPW080517K8BEEN_C1725050.pdf,https://www.lcsc.com/product-detail/chip-resistor-surface-mount_vishay-intertech-tnpw080517k8been_C1725050.html,"Resistor 17.8kΩ 0.1% 125mW 0805 High Stability Thin Film Flat Chip Resistors (TNPW e3), Vishay TNPW080517K8BEEN (Flight, LCSC Extended)",resistor 17.8kΩ 0805 vishay vishay tnpw flight general purpose,915,0.5873
R 20k 0805 0.1% Vishay TNPW,20kΩ,C844680,Extended,TNPW080520K0BEEA,Vishay,Vishay TNPW,0805,0.1%,200mW,,,,,,±25ppm/°C,E24,Flight,General Purpose,Device:R,Resistor_SMD:R_0805_2012Metric,https://wmsc.lcsc.com/wmsc/upload/file/pdf/v2/lcsc/2210190530_Vishay-Intertech-TNPW080520K0BEEA_C844680.pdf,https://www.lcsc.com/product-detail/chip-resistor-surface-mount_vishay-intertech-tnpw080520k0beea_C844680.html,"Resistor 20kΩ 0.1% 200mW 0805 High Stability Thin Film Flat Chip Resistors (TNPW e3), Vishay TNPW080520K0BEEA (Flight, LCSC Extended)",resistor 20kΩ 0805 vishay vishay tnpw flight general purpose,15156,0.2223
R 20k 0805 1% Vishay TNPW,20kΩ,C4028166,Extended,TNPW080520K0FEEA,Vishay,Vishay TNPW,0805,1%,125mW,,,,,,±25ppm/°C,E24,Flight,General Purpose,Device:R,Resistor_SMD:R_0805_2012Metric,https://wmsc.lcsc.com/wmsc/upload/file/pdf/v2/lcsc/2312181400_Vishay-Intertech-TNPW080520K0FEEA_C4028166.pdf,https://www.lcsc.com/product-detail/chip-resistor-surface-mount_vishay-intertech-tnpw080520k0feea_C4028166.html,"Resistor 20kΩ 1% 125mW 0805 High Stability Thin Film Flat Chip Resistors (TNPW e3), Vishay TNPW080520K0FEEA (Flight, LCSC Extended)",resistor 20kΩ 0805 vishay vishay tnpw flight general purpose,4981,0.1761
R 22k 0805 0.1% Vishay TNPW,22kΩ,C4238160,Extended,TNPW080522K0BEEA,Vishay,Vishay TNPW,0805,0.1%,125mW,,,,,,±25ppm/°C,E24,Flight,General Purpose,Device:R,Resistor_SMD:R_0805_2012Metric,https://wmsc.lcsc.com/wmsc/upload/file/pdf/v2/lcsc/2312131113_Vishay-Intertech-TNPW080522K0BEEA_C4238160.pdf,https://www.lcsc.com/product-detail/chip-resistor-surface-mount_vishay-intertech-tnpw080522k0beea_C4238160.html,"Resistor 22kΩ 0.1% 125mW 0805 High Stability Thin Film Flat Chip Resistors (TNPW e3), Vishay TNPW080522K0BEEA (Flight, LCSC Extended)",resistor 22kΩ 0805 vishay vishay tnpw flight general purpose,111,0.8036
R 22.6k 0805 0.1% Vishay TNPW,22.6kΩ,C2088399,Extended,TNPW080522K6BEEA,Vishay,Vishay TNPW,0805,0.1%,200mW,150V,,,,,±25ppm/°C,E96,Flight,General Purpose,Device:R,Resistor_SMD:R_0805_2012Metric,https://wmsc.lcsc.com/wmsc/upload/file/pdf/v2/lcsc/2304140030_Vishay-Intertech-TNPW080522K6BEEA_C2088399.pdf,https://www.lcsc.com/product-detail/chip-resistor-surface-mount_vishay-intertech-tnpw080522k6beea_C2088399.html,"Resistor 22.6kΩ 0.1% 200mW 0805 High Stability Thin Film Flat Chip Resistors (TNPW e3), Vishay TNPW080522K6BEEA (Flight, LCSC Extended)",resistor 22.6kΩ 0805 vishay vishay tnpw flight general purpose,550,0.6833
R 24.9k 0805 0.1% Vishay TNPW,24.9kΩ,C2092840,Extended,TNPW080524K9BEEA,Vishay,Vishay TNPW,0805,0.1%,200mW,150V,,,,,±25ppm/°C,E96,Flight,General Purpose,Device:R,Resistor_SMD:R_0805_2012Metric,https://wmsc.lcsc.com/wmsc/upload/file/pdf/v2/lcsc/2304140030_Vishay-Intertech-TNPW080524K9BEEA_C2092840.pdf,https://www.lcsc.com/product-detail/chip-resistor-surface-mount_vishay-intertech-tnpw080524k9beea_C2092840.html,"Resistor 24.9kΩ 0.1% 200mW 0805 High Stability Thin Film Flat Chip Resistors (TNPW e3), Vishay TNPW080524K9BEEA (Flight, LCSC Extended)",resistor 24.9kΩ 0805 vishay vishay tnpw flight general purpose,391,0.5905
R 26.1k 0805 0.1% Vishay TNPW,26.1kΩ,C1726790,Extended,TNPW080526K1BEEN,Vishay,Vishay TNPW,0805,0.1%,125mW,150V,,,,,±25ppm/°C,E96,Flight,General Purpose,Device:R,Resistor_SMD:R_0805_2012Metric,https://wmsc.lcsc.com/wmsc/upload/file/pdf/v2/lcsc/2304140030_Vishay-Intertech-TNPW080526K1BEEN_C1726790.pdf,https://www.lcsc.com/product-detail/chip-resistor-surface-mount_vishay-intertech-tnpw080526k1been_C1726790.html,"Resistor 26.1kΩ 0.1% 125mW 0805 High Stability Thin Film Flat Chip Resistors (TNPW e3), Vishay TNPW080526K1BEEN (Flight, LCSC Extended)",resistor 26.1kΩ 0805 vishay vishay tnpw flight general purpose,950,0.5352
R 30k 0805 0.1% Vishay TNPW,30kΩ,C844465,Extended,TNPW080530K0BEEA,Vishay,Vishay TNPW,0805,0.1%,200mW,,,,,,±25ppm/°C,E24,Flight,General Purpose,Device:R,Resistor_SMD:R_0805_2012Metric,https://wmsc.lcsc.com/wmsc/upload/file/pdf/v2/lcsc/2210190530_Vishay-Intertech-TNPW080530K0BEEA_C844465.pdf,https://www.lcsc.com/product-detail/chip-resistor-surface-mount_vishay-intertech-tnpw080530k0beea_C844465.html,"Resistor 30kΩ 0.1% 200mW 0805 High Stability Thin Film Flat Chip Resistors (TNPW e3), Vishay TNPW080530K0BEEA (Flight, LCSC Extended)",resistor 30kΩ 0805 vishay vishay tnpw flight general purpose,906,0.4051
R 30.1k 0805 0.1% Vishay TNPW,30.1kΩ,C2081062,Extended,TNPW080530K1BEEN,Vishay,Vishay TNPW,0805,0.1%,200mW,150V,,,,,±25ppm/°C,E96,Flight,General Purpose,Device:R,Resistor_SMD:R_0805_2012Metric,https://wmsc.lcsc.com/wmsc/upload/file/pdf/v2/lcsc/2304140030_Vishay-Intertech-TNPW080530K1BEEN_C2081062.pdf,https://www.lcsc.com/product-detail/chip-resistor-surface-mount_vishay-intertech-tnpw080530k1been_C2081062.html,"Resistor 30.1kΩ 0.1% 200mW 0805 High Stability Thin Film Flat Chip Resistors (TNPW e3), Vishay TNPW080530K1BEEN (Flight, LCSC Extended)",resistor 30.1kΩ 0805 vishay vishay tnpw flight general purpose,248,1.2087
R 33.2k 0805 0.1% Vishay TNPW,33.2kΩ,C2095012,Extended,TNPW080533K2BEEN,Vishay,Vishay TNPW,0805,0.1%,200mW,150V,,,,,±25ppm/°C,E96,Flight,General Purpose,Device:R,Resistor_SMD:R_0805_2012Metric,https://wmsc.lcsc.com/wmsc/upload/file/pdf/v2/lcsc/2304140030_Vishay-Intertech-TNPW080533K2BEEN_C2095012.pdf,https://www.lcsc.com/product-detail/chip-resistor-surface-mount_vishay-intertech-tnpw080533k2been_C2095012.html,"Resistor 33.2kΩ 0.1% 200mW 0805 High Stability Thin Film Flat Chip Resistors (TNPW e3), Vishay TNPW080533K2BEEN (Flight, LCSC Extended)",resistor 33.2kΩ 0805 vishay vishay tnpw flight general purpose,975,0.6019
R 37.4k 0805 0.1% Vishay TNPW,37.4kΩ,C4307913,Extended,TNPW080537K4BEEA,Vishay,Vishay TNPW,0805,0.1%,125mW,,,,,,±25ppm/°C,E96,Flight,General Purpose,Device:R,Resistor_SMD:R_0805_2012Metric,https://wmsc.lcsc.com/wmsc/upload/file/pdf/v2/lcsc/2312131145_Vishay-Intertech-TNPW080537K4BEEA_C4307913.pdf,https://www.lcsc.com/product-detail/chip-resistor-surface-mount_vishay-intertech-tnpw080537k4beea_C4307913.html,"Resistor 37.4kΩ 0.1% 125mW 0805 High Stability Thin Film Flat Chip Resistors (TNPW e3), Vishay TNPW080537K4BEEA (Flight, LCSC Extended)",resistor 37.4kΩ 0805 vishay vishay tnpw flight general purpose,902,0.6849
R 39.2k 0805 0.1% Vishay TNPW,39.2kΩ,C1712108,Extended,TNPW080539K2BEEA,Vishay,Vishay TNPW,0805,0.1%,200mW,150V,,,,,±25ppm/°C,E96,Flight,General Purpose,Device:R,Resistor_SMD:R_0805_2012Metric,https://wmsc.lcsc.com/wmsc/upload/file/pdf/v2/lcsc/2304140030_Vishay-Intertech-TNPW080539K2BEEA_C1712108.pdf,https://www.lcsc.com/product-detail/chip-resistor-surface-mount_vishay-intertech-tnpw080539k2beea_C1712108.html,"Resistor 39.2kΩ 0.1% 200mW 0805 High Stability Thin Film Flat Chip Resistors (TNPW e3), Vishay TNPW080539K2BEEA (Flight, LCSC Extended)",resistor 39.2kΩ 0805 vishay vishay tnpw flight general purpose,2275,0.8947
R 40.2k 0805 0.1% Vishay TNPW,40.2kΩ,C2075836,Extended,TNPW080540K2BEEA,Vishay,Vishay TNPW,0805,0.1%,125mW,150V,,,,,±25ppm/°C,E96,Flight,General Purpose,Device:R,Resistor_SMD:R_0805_2012Metric,https://wmsc.lcsc.com/wmsc/upload/file/pdf/v2/lcsc/2304140030_Vishay-Intertech-TNPW080540K2BEEA_C2075836.pdf,https://www.lcsc.com/product-detail/chip-resistor-surface-mount_vishay-intertech-tnpw080540k2beea_C2075836.html,"Resistor 40.2kΩ 0.1% 125mW 0805 High Stability Thin Film Flat Chip Resistors (TNPW e3), Vishay TNPW080540K2BEEA (Flight, LCSC Extended)",resistor 40.2kΩ 0805 vishay vishay tnpw flight general purpose,170,0.5531
R 42.2k 0805 0.1% Vishay TNPW,42.2kΩ,C3943269,Extended,TNPW080542K2BEEA,Vishay,Vishay TNPW,0805,0.1%,125mW,,,,,,±25ppm/°C,E96,Flight,General Purpose,Device:R,Resistor_SMD:R_0805_2012Metric,https://wmsc.lcsc.com/wmsc/upload/file/pdf/v2/lcsc/2312160123_Vishay-Intertech-TNPW080542K2BEEA_C3943269.pdf,https://www.lcsc.com/product-detail/chip-resistor-surface-mount_vishay-intertech-tnpw080542k2beea_C3943269.html,"Resistor 42.2kΩ 0.1% 125mW 0805 High Stability Thin Film Flat Chip Resistors (TNPW e3), Vishay TNPW080542K2BEEA (Flight, LCSC Extended)",resistor 42.2kΩ 0805 vishay vishay tnpw flight general purpose,1000,0.7597
R 47k 0805 0.1% Vishay TNPW,47kΩ,C2088503,Extended,TNPW080547K0BEEA,Vishay,Vishay TNPW,0805,0.1%,200mW,150V,,,,,±25ppm/°C,E24,Flight,General Purpose,Device:R,Resistor_SMD:R_0805_2012Metric,https://wmsc.lcsc.com/wmsc/upload/file/pdf/v2/lcsc/2304140030_Vishay-Intertech-TNPW080547K0BEEA_C2088503.pdf,https://www.lcsc.com/product-detail/chip-resistor-surface-mount_vishay-intertech-tnpw080547k0beea_C2088503.html,"Resistor 47kΩ 0.1% 200mW 0805 High Stability Thin Film Flat Chip Resistors (TNPW e3), Vishay TNPW080547K0BEEA (Flight, LCSC Extended)",resistor 47kΩ 0805 vishay vishay tnpw flight general purpose,1,0.5271
R 49.9k 0805 0.1% Vishay TNPW,49.9kΩ,C844467,Extended,TNPW080549K9BEEA,Vishay,Vishay TNPW,0805,0.1%,125mW,,,,,,±25ppm/°C,E96,Flight,General Purpose,Device:R,Resistor_SMD:R_0805_2012Metric,https://www.vishay.com/docs/28758/tnpw_e3.pdf,https://www.lcsc.com/product-detail/chip resistor - surface mount_vishay intertech_tnpw080549k9beea_C844467.html,"Resistor 49.9kΩ 0.1% 125mW 0805 High Stability Thin Film Flat Chip Resistors (TNPW e3), Vishay TNPW080549K9BEEA (Flight, LCSC Extended)",resistor 49.9kΩ 0805 vishay vishay tnpw flight general purpose,2,0.3628
R 51k 0805 0.1% Vishay TNPW,51kΩ,C2088370,Extended,TNPW080551K0BEEA,Vishay,Vishay TNPW,0805,0.1%,200mW,150V,,,,,±25ppm/°C,E24,Flight,General Purpose,Device:R,Resistor_SMD:R_0805_2012Metric,https://wmsc.lcsc.com/wmsc/upload/file/pdf/v2/lcsc/2304140030_Vishay-Intertech-TNPW080551K0BEEA_C2088370.pdf,https://www.lcsc.com/product-detail/chip-resistor-surface-mount_vishay-intertech-tnpw080551k0beea_C2088370.html,"Resistor 51kΩ 0.1% 200mW 0805 High Stability Thin Film Flat Chip Resistors (TNPW e3), Vishay TNPW080551K0BEEA (Flight, LCSC Extended)",resistor 51kΩ 0805 vishay vishay tnpw flight general purpose,50,0.5889
R 56k 0805 0.1% Vishay TNPW,56kΩ,C2075396,Extended,TNPW080556K0BEEA,Vishay,Vishay TNPW,0805,0.1%,200mW,150V,,,,,±25ppm/°C,E24,Flight,General Purpose,Device:R,Resistor_SMD:R_0805_2012Metric,https://wmsc.lcsc.com/wmsc/upload/file/pdf/v2/lcsc/2304140030_Vishay-Intertech-TNPW080556K0BEEA_C2075396.pdf,https://www.lcsc.com/product-detail/chip-resistor-surface-mount_vishay-intertech-tnpw080556k0beea_C2075396.html,"Resistor 56kΩ 0.1% 200mW 0805 High Stability Thin Film Flat Chip Resistors (TNPW e3), Vishay TNPW080556K0BEEA (Flight, LCSC Extended)",resistor 56kΩ 0805 vishay vishay tnpw flight general purpose,52,0.6361
R 66.5k 0805 0.1% Vishay TNPW,66.5kΩ,C2088938,Extended,TNPW080566K5BEEA,Vishay,Vishay TNPW,0805,0.1%,200mW,150V,,,,,±25ppm/°C,E96,Flight,General Purpose,Device:R,Resistor_SMD:R_0805_2012Metric,https://wmsc.lcsc.com/wmsc/upload/file/pdf/v2/lcsc/2304140030_Vishay-Intertech-TNPW080566K5BEEA_C2088938.pdf,https://www.lcsc.com/product-detail/chip-resistor-surface-mount_vishay-intertech-tnpw080566k5beea_C2088938.html,"Resistor 66.5kΩ 0.1% 200mW 0805 High Stability Thin Film Flat Chip Resistors (TNPW e3), Vishay TNPW080566K5BEEA (Flight, LCSC Extended)",resistor 66.5kΩ 0805 vishay vishay tnpw flight general purpose,977,0.7012
R 68k 0805 0.1% Vishay TNPW,68kΩ,C2083331,Extended,TNPW080568K0BEEA,Vishay,Vishay TNPW,0805,0.1%,200mW,150V,,,,,±25ppm/°C,E24,Flight,General Purpose,Device:R,Resistor_SMD:R_0805_2012Metric,https://wmsc.lcsc.com/wmsc/upload/file/pdf/v2/lcsc/2304140030_Vishay-Intertech-TNPW080568K0BEEA_C2083331.pdf,https://www.lcsc.com/product-detail/chip-resistor-surface-mount_vishay-intertech-tnpw080568k0beea_C2083331.html,"Resistor 68kΩ 0.1% 200mW 0805 High Stability Thin Film Flat Chip Resistors (TNPW e3), Vishay TNPW080568K0BEEA (Flight, LCSC Extended)",resistor 68kΩ 0805 vishay vishay tnpw flight general purpose,7,0.2652
R 75k 0805 0.1% Vishay TNPW,75kΩ,C4168146,Extended,TNPW080575K0BEEA,Vishay,Vishay TNPW,0805,0.1%,125mW,,,,,,±25ppm/°C,E24,Flight,General Purpose,Device:R,Resistor_SMD:R_0805_2012Metric,https://wmsc.lcsc.com/wmsc/upload/file/pdf/v2/lcsc/2312131039_Vishay-Intertech-TNPW080575K0BEEA_C4168146.pdf,https://www.lcsc.com/product-detail/chip-resistor-surface-mount_vishay-intertech-tnpw080575k0beea_C4168146.html,"Resistor 75kΩ 0.1% 125mW 0805 High Stability Thin Film Flat Chip Resistors (TNPW e3), Vishay TNPW080575K0BEEA (Flight, LCSC Extended)",resistor 75kΩ 0805 vishay vishay tnpw flight general purpose,4945,0.1565
R 78.7k 0805 0.1% Vishay TNPW,78.7kΩ,C4279641,Extended,TNPW080578K7BEEA,Vishay,Vishay TNPW,0805,0.1%,125mW,,,,,,±25ppm/°C,E96,Flight,General Purpose,Device:R,Resistor_SMD:R_0805_2012Metric,https://www.lcsc.com/datasheet/lcsc_datasheet_2312131131_Vishay-Intertech-TNPW080578K7BEEA_C4279641.pdf,https://www.lcsc.com/product-detail/chip-resistor-surface-mount_vishay-intertech-tnpw080578k7beea_C4279641.html,"Resistor 78.7kΩ 0.1% 125mW 0805 High Stability Thin Film Flat Chip Resistors (TNPW e3), Vishay TNPW080578K7BEEA (Flight, LCSC Extended)",resistor 78.7kΩ 0805 vishay vishay tnpw flight general purpose,995,0.6719
R 90.9k 0805 0.1% Vishay TNPW,90.9kΩ,C3931544,Extended,TNPW080590K9BEEA,Vishay,Vishay TNPW,0805,0.1%,125mW,,,,,,±25ppm/°C,E96,Flight,General Purpose,Device:R,Resistor_SMD:R_0805_2012Metric,https://wmsc.lcsc.com/wmsc/upload/file/pdf/v2/lcsc/2312121711_Vishay-Intertech-TNPW080590K9BEEA_C3931544.pdf,https://www.lcsc.com/product-detail/chip-resistor-surface-mount_vishay-intertech-tnpw080590k9beea_C3931544.html,"Resistor 90.9kΩ 0.1% 125mW 0805 High Stability Thin Film Flat Chip Resistors (TNPW e3), Vishay TNPW080590K9BEEA (Flight, LCSC Extended)",resistor 90.9kΩ 0805 vishay vishay tnpw flight general purpose,400,0.4295
R 100k 0805 0.1% Vishay TNPW,100kΩ,C3034987,Extended,TNPW0805100KBEEA,Vishay,Vishay TNPW,0805,0.1%,125mW,,,,,,±25ppm/°C,E24,Flight,General Purpose,Device:R,Resistor_SMD:R_0805_2012Metric,https://wmsc.lcsc.com/wmsc/upload/file/pdf/v2/lcsc/2206282015_Vishay-Intertech-TNPW0805100KBEEA_C3034987.pdf,https://www.lcsc.com/product-detail/chip-resistor-surface-mount_vishay-intertech-tnpw0805100kbeea_C3034987.html,"Resistor 100kΩ 0.1% 125mW 0805 High Stability Thin Film Flat Chip Resistors (TNPW e3), Vishay TNPW0805100KBEEA (Flight, LCSC Extended)",resistor 100kΩ 0805 vishay vishay tnpw flight general purpose,9333,0.2735
R 150k 0805 0.1% Vishay TNPW,150kΩ,C4311137,Extended,TNPW0805150KBEEA,Vishay,Vishay TNPW,0805,0.1%,125mW,,,,,,±25ppm/°C,E24,Flight,General Purpose,Device:R,Resistor_SMD:R_0805_2012Metric,https://wmsc.lcsc.com/wmsc/upload/file/pdf/v2/lcsc/2312131147_Vishay-Intertech-TNPW0805150KBEEA_C4311137.pdf,https://www.lcsc.com/product-detail/chip-resistor-surface-mount_vishay-intertech-tnpw0805150kbeea_C4311137.html,"Resistor 150kΩ 0.1% 125mW 0805 High Stability Thin Film Flat Chip Resistors (TNPW e3), Vishay TNPW0805150KBEEA (Flight, LCSC Extended)",resistor 150kΩ 0805 vishay vishay tnpw flight general purpose,2528,0.3504
R 210k 0805 0.1% Vishay TNPW,210kΩ,C1709533,Extended,TNPW0805210KBEEA,Vishay,Vishay TNPW,0805,0.1%,200mW,150V,,,,,±25ppm/°C,E96,Flight,General Purpose,Device:R,Resistor_SMD:R_0805_2012Metric,https://wmsc.lcsc.com/wmsc/upload/file/pdf/v2/lcsc/2304140030_Vishay-Intertech-TNPW0805210KBEEA_C1709533.pdf,https://www.lcsc.com/product-detail/chip-resistor-surface-mount_vishay-intertech-tnpw0805210kbeea_C1709533.html,"Resistor 210kΩ 0.1% 200mW 0805 High Stability Thin Film Flat Chip Resistors (TNPW e3), Vishay TNPW0805210KBEEA (Flight, LCSC Extended)",resistor 210kΩ 0805 vishay vishay tnpw flight general purpose,157,0.5499
R 270k 0805 0.1% Vishay TNPW,270kΩ,C1870367,Extended,TNPW0805270KBEEA,Vishay,Vishay TNPW,0805,0.1%,200mW,150V,,,,,±25ppm/°C,E24,Flight,General Purpose,Device:R,Resistor_SMD:R_0805_2012Metric,https://wmsc.lcsc.com/wmsc/upload/file/pdf/v2/lcsc/2304140030_Vishay-Intertech-TNPW0805270KBEEA_C1870367.pdf,https://www.lcsc.com/product-detail/chip-resistor-surface-mount_vishay-intertech-tnpw0805270kbeea_C1870367.html,"Resistor 270kΩ 0.1% 200mW 0805 High Stability Thin Film Flat Chip Resistors (TNPW e3), Vishay TNPW0805270KBEEA (Flight, LCSC Extended)",resistor 270kΩ 0805 vishay vishay tnpw flight general purpose,385,0.7662
R 330k 0805 0.1% Vishay TNPW,330kΩ,C4206898,Extended,TNPW0805330KBEEA,Vishay,Vishay TNPW,0805,0.1%,125mW,,,,,,±25ppm/°C,E24,Flight,General Purpose,Device:R,Resistor_SMD:R_0805_2012Metric,https://wmsc.lcsc.com/wmsc/upload/file/pdf/v2/lcsc/2312181500_Vishay-Intertech-TNPW0805330KBEEA_C4206898.pdf,https://www.lcsc.com/product-detail/chip-resistor-surface-mount_vishay-intertech-tnpw0805330kbeea_C4206898.html,"Resistor 330kΩ 0.1% 125mW 0805 High Stability Thin Film Flat Chip Resistors (TNPW e3), Vishay TNPW0805330KBEEA (Flight, LCSC Extended)",resistor 330kΩ 0805 vishay vishay tnpw flight general purpose,2089,0.6377
R 464k 0805 0.1% Vishay TNPW,464kΩ,C1709411,Extended,TNPW0805464KBEEA,Vishay,Vishay TNPW,0805,0.1%,200mW,150V,,,,,±25ppm/°C,E96,Flight,General Purpose,Device:R,Resistor_SMD:R_0805_2012Metric,https://wmsc.lcsc.com/wmsc/upload/file/pdf/v2/lcsc/2304140030_Vishay-Intertech-TNPW0805464KBEEA_C1709411.pdf,https://www.lcsc.com/product-detail/chip-resistor-surface-mount_vishay-intertech-tnpw0805464kbeea_C1709411.html,"Resistor 464kΩ 0.1% 200mW 0805 High Stability Thin Film Flat Chip Resistors (TNPW e3), Vishay TNPW0805464KBEEA (Flight, LCSC Extended)",resistor 464kΩ 0805 vishay vishay tnpw flight general purpose,900,0.6702
R 499k 0805 0.1% Vishay TNPW,499kΩ,C1356663,Extended,TNPW0805499KBEEN,Vishay,Vishay TNPW,0805,0.1%,200mW,150V,,,,,±25ppm/°C,E96,Flight,General Purpose,Device:R,Resistor_SMD:R_0805_2012Metric,https://wmsc.lcsc.com/wmsc/upload/file/pdf/v2/lcsc/2304140030_Vishay-Intertech-TNPW0805499KBEEN_C1356663.pdf,https://www.lcsc.com/product-detail/chip-resistor-surface-mount_vishay-intertech-tnpw0805499kbeen_C1356663.html,"Resistor 499kΩ 0.1% 200mW 0805 High Stability Thin Film Flat Chip Resistors (TNPW e3), Vishay TNPW0805499KBEEN (Flight, LCSC Extended)",resistor 499kΩ 0805 vishay vishay tnpw flight general purpose,1021,1.1599
R 510k 0805 0.1% Vishay TNPW,510kΩ,C3959047,Extended,TNPW0805510KBEEA,Vishay,Vishay TNPW,0805,0.1%,125mW,,,,,,±25ppm/°C,E24,Flight,General Purpose,Device:R,Resistor_SMD:R_0805_2012Metric,https://wmsc.lcsc.com/wmsc/upload/file/pdf/v2/lcsc/2312160125_Vishay-Intertech-TNPW0805510KBEEA_C3959047.pdf,https://www.lcsc.com/product-detail/chip-resistor-surface-mount_vishay-intertech-tnpw0805510kbeea_C3959047.html,"Resistor 510kΩ 0.1% 125mW 0805 High Stability Thin Film Flat Chip Resistors (TNPW e3), Vishay TNPW0805510KBEEA (Flight, LCSC Extended)",resistor 510kΩ 0805 vishay vishay tnpw flight general purpose,340,0.7597
R 787k 0805 0.1% Vishay TNPW,787kΩ,C4141875,Extended,TNPW0805787KBEEN,Vishay,Vishay TNPW,0805,0.1%,125mW,,,,,,±25ppm/°C,E96,Flight,General Purpose,Device:R,Resistor_SMD:R_0805_2012Metric,https://wmsc.lcsc.com/wmsc/upload/file/pdf/v2/lcsc/2312181440_Vishay-Intertech-TNPW0805787KBEEN_C4141875.pdf,https://www.lcsc.com/product-detail/chip-resistor-surface-mount_vishay-intertech-tnpw0805787kbeen_C4141875.html,"Resistor 787kΩ 0.1% 125mW 0805 High Stability Thin Film Flat Chip Resistors (TNPW e3), Vishay TNPW0805787KBEEN (Flight, LCSC Extended)",resistor 787kΩ 0805 vishay vishay tnpw flight general purpose,486,1.2282
R 820k 0805 0.1% Vishay TNPW,820kΩ,C3922846,Extended,TNPW0805820KBEEA,Vishay,Vishay TNPW,0805,0.1%,125mW,,,,,,±25ppm/°C,E24,Flight,General Purpose,Device:R,Resistor_SMD:R_0805_2012Metric,https://wmsc.lcsc.com/wmsc/upload/file/pdf/v2/lcsc/2312121706_Vishay-Intertech-TNPW0805820KBEEA_C3922846.pdf,https://www.lcsc.com/product-detail/chip-resistor-surface-mount_vishay-intertech-tnpw0805820kbeea_C3922846.html,"Resistor 820kΩ 0.1% 125mW 0805 High Stability Thin Film Flat Chip Resistors (TNPW e3), Vishay TNPW0805820KBEEA (Flight, LCSC Extended)",resistor 820kΩ 0805 vishay vishay tnpw flight general purpose,965,0.7012
R 887k 0805 0.1% Vishay TNPW,887kΩ,C2088357,Extended,TNPW0805887KBEEA,Vishay,Vishay TNPW,0805,0.1%,200mW,150V,,,,,±25ppm/°C,E96,Flight,General Purpose,Device:R,Resistor_SMD:R_0805_2012Metric,https://wmsc.lcsc.com/wmsc/upload/file/pdf/v2/lcsc/2304140030_Vishay-Intertech-TNPW0805887KBEEA_C2088357.pdf,https://www.lcsc.com/product-detail/chip-resistor-surface-mount_vishay-intertech-tnpw0805887kbeea_C2088357.html,"Resistor 887kΩ 0.1% 200mW 0805 High Stability Thin Film Flat Chip Resistors (TNPW e3), Vishay TNPW0805887KBEEA (Flight, LCSC Extended)",resistor 887kΩ 0805 vishay vishay tnpw flight general purpose,475,0.7353
R 1M 0805 0.1% Vishay TNPW,1MΩ,C844679,Extended,TNPW08051M00BEEA,Vishay,Vishay TNPW,0805,0.1%,125mW,,,,,,±25ppm/°C,E24,Flight,General Purpose,Device:R,Resistor_SMD:R_0805_2012Metric,https://wmsc.lcsc.com/wmsc/upload/file/pdf/v2/lcsc/2312131902_Vishay-Intertech-TNPW08051M00BEEA_C844679.pdf,https://www.lcsc.com/product-detail/chip-resistor-surface-mount_vishay-intertech-tnpw08051m00beea_C844679.html,"Resistor 1MΩ 0.1% 125mW 0805 High Stability Thin Film Flat Chip Resistors (TNPW e3), Vishay TNPW08051M00BEEA (Flight, LCSC Extended)",resistor 1MΩ 0805 vishay vishay tnpw flight general purpose,19078,0.2499
R 1 1206 0.5% Vishay TNPW,1Ω,C1857715,Extended,TNPW12061R00DEEA,Vishay,Vishay TNPW,1206,0.5%,400mW,200V,,,,,±25ppm/°C,E24,Flight,General Purpose,Device:R,Resistor_SMD:R_1206_3216Metric,https://www.lcsc.com/datasheet/lcsc_datasheet_2304140030_Vishay-Intertech-TNPW12061R00DEEA_C1857715.pdf,https://www.lcsc.com/product-detail/chip-resistor-surface-mount_vishay-intertech-tnpw12061r00deea_C1857715.html,"Resistor 1Ω 0.5% 400mW 1206 High Stability Thin Film Flat Chip Resistors (TNPW e3), Vishay TNPW12061R00DEEA (Flight, LCSC Extended)",resistor 1Ω 1206 vishay vishay tnpw flight general purpose,796,0.5564
R 2.2 1206 0.5% Vishay TNPW,2.2Ω,C4049280,Extended,TNPW12062R20DEEA,Vishay,Vishay TNPW,1206,0.5%,250mW,,,,,,±25ppm/°C,E24,Flight,General Purpose,Device:R,Resistor_SMD:R_1206_3216Metric,https://wmsc.lcsc.com/wmsc/upload/file/pdf/v2/lcsc/2312130939_Vishay-Intertech-TNPW12062R20DEEA_C4049280.pdf,https://www.lcsc.com/product-detail/chip-resistor-surface-mount_vishay-intertech-tnpw12062r20deea_C4049280.html,"Resistor 2.2Ω 0.5% 250mW 1206 High Stability Thin Film Flat Chip Resistors (TNPW e3), Vishay TNPW12062R20DEEA (Flight, LCSC Extended)",resistor 2.2Ω 1206 vishay vishay tnpw flight general purpose,20,0.3758
R 10 1206 0.1% Vishay TNPW,10Ω,C844068,Extended,TNPW120610R0BEEN,Vishay,Vishay TNPW,1206,0.1%,250mW,,,,,,±25ppm/°C,E24,Flight,General Purpose,Device:R,Resistor_SMD:R_1206_3216Metric,https://wmsc.lcsc.com/wmsc/upload/file/pdf/v2/lcsc/2206081730_Vishay-Intertech-TNPW120610R0BEEN_C844068.pdf,https://www.lcsc.com/product-detail/chip-resistor-surface-mount_vishay-intertech-tnpw120610r0been_C844068.html,"Resistor 10Ω 0.1% 250mW 1206 High Stability Thin Film Flat Chip Resistors (TNPW e3), Vishay TNPW120610R0BEEN (Flight, LCSC Extended)",resistor 10Ω 1206 vishay vishay tnpw flight general purpose,239,1.2916
R 10 1206 0.5% Vishay TNPW,10Ω,C4288080,Extended,TNPW120610R0DEEA,Vishay,Vishay TNPW,1206,0.5%,250mW,,,,,,±25ppm/°C,E24,Flight,General Purpose,Device:R,Resistor_SMD:R_1206_3216Metric,https://wmsc.lcsc.com/wmsc/upload/file/pdf/v2/lcsc/2312131136_Vishay-Intertech-TNPW120610R0DEEA_C4288080.pdf,https://www.lcsc.com/product-detail/chip-resistor-surface-mount_vishay-intertech-tnpw120610r0deea_C4288080.html,"Resistor 10Ω 0.5% 250mW 1206 High Stability Thin Film Flat Chip Resistors (TNPW e3), Vishay TNPW120610R0DEEA (Flight, LCSC Extended)",resistor 10Ω 1206 vishay vishay tnpw flight general purpose,15,0.6003
R 10 1206 1% Vishay TNPW,10Ω,C1854578,Extended,TNPW120610R0FEEA,Vishay,Vishay TNPW,1206,1%,400mW,200V,,,,,±25ppm/°C,E24,Flight,General Purpose,Device:R,Resistor_SMD:R_1206_3216Metric,https://wmsc.lcsc.com/wmsc/upload/file/pdf/v2/lcsc/2304140030_Vishay-Intertech-TNPW120610R0FEEA_C1854578.pdf,https://www.lcsc.com/product-detail/chip-resistor-surface-mount_vishay-intertech-tnpw120610r0feea_C1854578.html,"Resistor 10Ω 1% 400mW 1206 High Stability Thin Film Flat Chip Resistors (TNPW e3), Vishay TNPW120610R0FEEA (Flight, LCSC Extended)",resistor 10Ω 1206 vishay vishay tnpw flight general purpose,17,0.6149
R 20 1206 0.1% Vishay TNPW,20Ω,C3914185,Extended,TNPW120620R0BEEN,Vishay,Vishay TNPW,1206,0.1%,250mW,,,,,,±25ppm/°C,E24,Flight,General Purpose,Device:R,Resistor_SMD:R_1206_3216Metric,https://wmsc.lcsc.com/wmsc/upload/file/pdf/v2/lcsc/2312121700_Vishay-Intertech-TNPW120620R0BEEN_C3914185.pdf,https://www.lcsc.com/product-detail/chip-resistor-surface-mount_vishay-intertech-tnpw120620r0been_C3914185.html,"Resistor 20Ω 0.1% 250mW 1206 High Stability Thin Film Flat Chip Resistors (TNPW e3), Vishay TNPW120620R0BEEN (Flight, LCSC Extended)",resistor 20Ω 1206 vishay vishay tnpw flight general purpose,4,1.0428
R 49.9 1206 0.1% Vishay TNPW,49.9Ω,C2075949,Extended,TNPW120649R9BEEA,Vishay,Vishay TNPW,1206,0.1%,400mW,200V,,,,,±25ppm/°C,E96,Flight,General Purpose,Device:R,Resistor_SMD:R_1206_3216Metric,https://wmsc.lcsc.com/wmsc/upload/file/pdf/v2/lcsc/2304140030_Vishay-Intertech-TNPW120649R9BEEA_C2075949.pdf,https://www.lcsc.com/product-detail/chip-resistor-surface-mount_vishay-intertech-tnpw120649r9beea_C2075949.html,"Resistor 49.9Ω 0.1% 400mW 1206 High Stability Thin Film Flat Chip Resistors (TNPW e3), Vishay TNPW120649R9BEEA (Flight, LCSC Extended)",resistor 49.9Ω 1206 vishay vishay tnpw flight general purpose,480,0.7923
R 100 1206 0.1% Vishay TNPW,100Ω,C844470,Extended,TNPW1206100RBEEA,Vishay,Vishay TNPW,1206,0.1%,400mW,,,,,,±25ppm/°C,E24,Flight,General Purpose,Device:R,Resistor_SMD:R_1206_3216Metric,https://wmsc.lcsc.com/wmsc/upload/file/pdf/v2/lcsc/2210190530_Vishay-Intertech-TNPW1206100RBEEA_C844470.pdf,https://www.lcsc.com/product-detail/chip-resistor-surface-mount_vishay-intertech-tnpw1206100rbeea_C844470.html,"Resistor 100Ω 0.1% 400mW 1206 High Stability Thin Film Flat Chip Resistors (TNPW e3), Vishay TNPW1206100RBEEA (Flight, LCSC Extended)",resistor 100Ω 1206 vishay vishay tnpw flight general purpose,3299,0.4376
R 120 1206 0.1% Vishay TNPW,120Ω,C4211578,Extended,TNPW1206120RBEEA,Vishay,Vishay TNPW,1206,0.1%,250mW,,,,,,±25ppm/°C,E24,Flight,General Purpose,Device:R,Resistor_SMD:R_1206_3216Metric,https://wmsc.lcsc.com/wmsc/upload/file/pdf/v2/lcsc/2312131100_Vishay-Intertech-TNPW1206120RBEEA_C4211578.pdf,https://www.lcsc.com/product-detail/chip-resistor-surface-mount_vishay-intertech-tnpw1206120rbeea_C4211578.html,"Resistor 120Ω 0.1% 250mW 1206 High Stability Thin Film Flat Chip Resistors (TNPW e3), Vishay TNPW1206120RBEEA (Flight, LCSC Extended)",resistor 120Ω 1206 vishay vishay tnpw flight general purpose,1765,0.6426
R 150 1206 0.1% Vishay TNPW,150Ω,C2075942,Extended,TNPW1206150RBEEA,Vishay,Vishay TNPW,1206,0.1%,400mW,200V,,,,,±25ppm/°C,E24,Flight,General Purpose,Device:R,Resistor_SMD:R_1206_3216Metric,https://wmsc.lcsc.com/wmsc/upload/file/pdf/v2/lcsc/2304140030_Vishay-Intertech-TNPW1206150RBEEA_C2075942.pdf,https://www.lcsc.com/product-detail/chip-resistor-surface-mount_vishay-intertech-tnpw1206150rbeea_C2075942.html,"Resistor 150Ω 0.1% 400mW 1206 High Stability Thin Film Flat Chip Resistors (TNPW e3), Vishay TNPW1206150RBEEA (Flight, LCSC Extended)",resistor 150Ω 1206 vishay vishay tnpw flight general purpose,3120,0.4978
R 200 1206 0.1% Vishay TNPW,200Ω,C844070,Extended,TNPW1206200RBEEA,Vishay,Vishay TNPW,1206,0.1%,250mW,,,,,,±25ppm/°C,E24,Flight,General Purpose,Device:R,Resistor_SMD:R_1206_3216Metric,https://wmsc.lcsc.com/wmsc/upload/file/pdf/v2/lcsc/2312131902_Vishay-Intertech-TNPW1206200RBEEA_C844070.pdf,https://www.lcsc.com/product-detail/chip-resistor-surface-mount_vishay-intertech-tnpw1206200rbeea_C844070.html,"Resistor 200Ω 0.1% 250mW 1206 High Stability Thin Film Flat Chip Resistors (TNPW e3), Vishay TNPW1206200RBEEA (Flight, LCSC Extended)",resistor 200Ω 1206 vishay vishay tnpw flight general purpose,1,0.3872
R 220 1206 0.1% Vishay TNPW,220Ω,C1854580,Extended,TNPW1206220RBEEA,Vishay,Vishay TNPW,1206,0.1%,400mW,200V,,,,,±25ppm/°C,E24,Flight,General Purpose,Device:R,Resistor_SMD:R_1206_3216Metric,https://www.lcsc.com/datasheet/lcsc_datasheet_2304140030_Vishay-Intertech-TNPW1206220RBEEA_C1854580.pdf,https://www.lcsc.com/product-detail/chip-resistor-surface-mount_vishay-intertech-tnpw1206220rbeea_C1854580.html,"Resistor 220Ω 0.1% 400mW 1206 High Stability Thin Film Flat Chip Resistors (TNPW e3), Vishay TNPW1206220RBEEA (Flight, LCSC Extended)",resistor 220Ω 1206 vishay vishay tnpw flight general purpose,3,0.6556
R 249 1206 0.1% Vishay TNPW,249Ω,C2079454,Extended,TNPW1206249RBEEN,Vishay,Vishay TNPW,1206,0.1%,400mW,200V,,,,,±25ppm/°C,E96,Flight,General Purpose,Device:R,Resistor_SMD:R_1206_3216Metric,https://wmsc.lcsc.com/wmsc/upload/file/pdf/v2/lcsc/2304140030_Vishay-Intertech-TNPW1206249RBEEN_C2079454.pdf,https://www.lcsc.com/product-detail/chip-resistor-surface-mount_vishay-intertech-tnpw1206249rbeen_C2079454.html,"Resistor 249Ω 0.1% 400mW 1206 High Stability Thin Film Flat Chip Resistors (TNPW e3), Vishay TNPW1206249RBEEN (Flight, LCSC Extended)",resistor 249Ω 1206 vishay vishay tnpw flight general purpose,3,0.4962
R 499 1206 0.1% Vishay TNPW,499Ω,C2079362,Extended,TNPW1206499RBEEA,Vishay,Vishay TNPW,1206,0.1%,400mW,200V,,,,,±25ppm/°C,E96,Flight,General Purpose,Device:R,Resistor_SMD:R_1206_3216Metric,https://www.lcsc.com/datasheet/lcsc_datasheet_2410121903_Vishay-Intertech-TNPW1206499RBEEA_C2079362.pdf,https://www.lcsc.com/product-detail/chip-resistor-surface-mount_vishay-intertech-tnpw1206499rbeea_C2079362.html,"Resistor 499Ω 0.1% 400mW 1206 High Stability Thin Film Flat Chip Resistors (TNPW e3), Vishay TNPW1206499RBEEA (Flight, LCSC Extended)",resistor 499Ω 1206 vishay vishay tnpw flight general purpose,67,0.5125
R 1k 1206 0.1% Vishay TNPW,1kΩ,C844471,Extended,TNPW12061K00BEEA,Vishay,Vishay TNPW,1206,0.1%,400mW,,,,,,±25ppm/°C,E24,Flight,General Purpose,Device:R,Resistor_SMD:R_1206_3216Metric,https://wmsc.lcsc.com/wmsc/upload/file/pdf/v2/lcsc/2210190530_Vishay-Intertech-TNPW12061K00BEEA_C844471.pdf,https://www.lcsc.com/product-detail/chip-resistor-surface-mount_vishay-intertech-tnpw12061k00beea_C844471.html,"Resistor 1kΩ 0.1% 400mW 1206 High Stability Thin Film Flat Chip Resistors (TNPW e3), Vishay TNPW12061K00BEEA (Flight, LCSC Extended)",resistor 1kΩ 1206 vishay vishay tnpw flight general purpose,15396,0.3018
R 1.1k 1206 0.1% Vishay TNPW,1.1kΩ,C1724879,Extended,TNPW12061K10BEEN,Vishay,Vishay TNPW,1206,0.1%,400mW,200V,,,,,±25ppm/°C,E24,Flight,General Purpose,Device:R,Resistor_SMD:R_1206_3216Metric,https://wmsc.lcsc.com/wmsc/upload/file/pdf/v2/lcsc/2304140030_Vishay-Intertech-TNPW12061K10BEEN_C1724879.pdf,https://www.lcsc.com/product-detail/chip-resistor-surface-mount_vishay-intertech-tnpw12061k10been_C1724879.html,"Resistor 1.1kΩ 0.1% 400mW 1206 High Stability Thin Film Flat Chip Resistors (TNPW e3), Vishay TNPW12061K10BEEN (Flight, LCSC Extended)",resistor 1.1kΩ 1206 vishay vishay tnpw flight general purpose,445,1.2982
R 1.2k 1206 0.1% Vishay TNPW,1.2kΩ,C2079389,Extended,TNPW12061K20BEEN,Vishay,Vishay TNPW,1206,0.1%,400mW,200V,,,,,±25ppm/°C,E24,Flight,General Purpose,Device:R,Resistor_SMD:R_1206_3216Metric,https://wmsc.lcsc.com/wmsc/upload/file/pdf/v2/lcsc/2304140030_Vishay-Intertech-TNPW12061K20BEEN_C2079389.pdf,https://www.lcsc.com/product-detail/chip-resistor-surface-mount_vishay-intertech-tnpw12061k20been_C2079389.html,"Resistor 1.2kΩ 0.1% 400mW 1206 High Stability Thin Film Flat Chip Resistors (TNPW e3), Vishay TNPW12061K20BEEN (Flight, LCSC Extended)",resistor 1.2kΩ 1206 vishay vishay tnpw flight general purpose,52,1.1843
R 1.4k 1206 0.1% Vishay TNPW,1.4kΩ,C1724659,Extended,TNPW12061K40BEEN,Vishay,Vishay TNPW,1206,0.1%,400mW,200V,,,,,±25ppm/°C,E96,Flight,General Purpose,Device:R,Resistor_SMD:R_1206_3216Metric,https://wmsc.lcsc.com/wmsc/upload/file/pdf/v2/lcsc/2304140030_Vishay-Intertech-TNPW12061K40BEEN_C1724659.pdf,https://www.lcsc.com/product-detail/chip-resistor-surface-mount_vishay-intertech-tnpw12061k40been_C1724659.html,"Resistor 1.4kΩ 0.1% 400mW 1206 High Stability Thin Film Flat Chip Resistors (TNPW e3), Vishay TNPW12061K40BEEN (Flight, LCSC Extended)",resistor 1.4kΩ 1206 vishay vishay tnpw flight general purpose,485,0.5938
R 1.5k 1206 0.1% Vishay TNPW,1.5kΩ,C7073153,Extended,TNPW12061K50BEEA,Vishay,Vishay TNPW,1206,0.1%,250mW,,,,,,±25ppm/°C,E24,Flight,General Purpose,Device:R,Resistor_SMD:R_1206_3216Metric,https://wmsc.lcsc.com/wmsc/upload/file/pdf/v2/lcsc/2312131747_Vishay-Intertech-TNPW12061K50BEEA_C7073153.pdf,https://www.lcsc.com/product-detail/chip-resistor-surface-mount_vishay-intertech-tnpw12061k50beea_C7073153.html,"Resistor 1.5kΩ 0.1% 250mW 1206 High Stability Thin Film Flat Chip Resistors (TNPW e3), Vishay TNPW12061K50BEEA (Flight, LCSC Extended)",resistor 1.5kΩ 1206 vishay vishay tnpw flight general purpose,2884,0.423
R 2k 1206 0.1% Vishay TNPW,2kΩ,C2076397,Extended,TNPW12062K00BEEA,Vishay,Vishay TNPW,1206,0.1%,400mW,200V,,,,,±25ppm/°C,E24,Flight,General Purpose,Device:R,Resistor_SMD:R_1206_3216Metric,https://wmsc.lcsc.com/wmsc/upload/file/pdf/v2/lcsc/2304140030_Vishay-Intertech-TNPW12062K00BEEA_C2076397.pdf,https://www.lcsc.com/product-detail/chip-resistor-surface-mount_vishay-intertech-tnpw12062k00beea_C2076397.html,"Resistor 2kΩ 0.1% 400mW 1206 High Stability Thin Film Flat Chip Resistors (TNPW e3), Vishay TNPW12062K00BEEA (Flight, LCSC Extended)",resistor 2kΩ 1206 vishay vishay tnpw flight general purpose,14290,0.39
R 2.1k 1206 0.1% Vishay TNPW,2.1kΩ,C1713059,Extended,TNPW12062K10BEEA,Vishay,Vishay TNPW,1206,0.1%,400mW,200V,,,,,±25ppm/°C,E96,Flight,General Purpose,Device:R,Resistor_SMD:R_1206_3216Metric,https://wmsc.lcsc.com/wmsc/upload/file/pdf/v2/lcsc/2304140030_Vishay-Intertech-TNPW12062K10BEEA_C1713059.pdf,https://www.lcsc.com/product-detail/chip-resistor-surface-mount_vishay-intertech-tnpw12062k10beea_C1713059.html,"Resistor 2.1kΩ 0.1% 400mW 1206 High Stability Thin Film Flat Chip Resistors (TNPW e3), Vishay TNPW12062K10BEEA (Flight, LCSC Extended)",resistor 2.1kΩ 1206 vishay vishay tnpw flight general purpose,500,0.8996
R 2.2k 1206 0.1% Vishay TNPW,2.2kΩ,C2089352,Extended,TNPW12062K20BEEA,Vishay,Vishay TNPW,1206,0.1%,400mW,200V,,,,,±25ppm/°C,E24,Flight,General Purpose,Device:R,Resistor_SMD:R_1206_3216Metric,https://wmsc.lcsc.com/wmsc/upload/file/pdf/v2/lcsc/2304140030_Vishay-Intertech-TNPW12062K20BEEA_C2089352.pdf,https://www.lcsc.com/product-detail/chip-resistor-surface-mount_vishay-intertech-tnpw12062k20beea_C2089352.html,"Resistor 2.2kΩ 0.1% 400mW 1206 High Stability Thin Film Flat Chip Resistors (TNPW e3), Vishay TNPW12062K20BEEA (Flight, LCSC Extended)",resistor 2.2kΩ 1206 vishay vishay tnpw flight general purpose,20,0.5987
R 2.49k 1206 0.1% Vishay TNPW,2.49kΩ,C2089316,Extended,TNPW12062K49BEEA,Vishay,Vishay TNPW,1206,0.1%,400mW,200V,,,,,±25ppm/°C,E96,Flight,General Purpose,Device:R,Resistor_SMD:R_1206_3216Metric,https://wmsc.lcsc.com/wmsc/upload/file/pdf/v2/lcsc/2304140030_Vishay-Intertech-TNPW12062K49BEEA_C2089316.pdf,https://www.lcsc.com/product-detail/chip-resistor-surface-mount_vishay-intertech-tnpw12062k49beea_C2089316.html,"Resistor 2.49kΩ 0.1% 400mW 1206 High Stability Thin Film Flat Chip Resistors (TNPW e3), Vishay TNPW12062K49BEEA (Flight, LCSC Extended)",resistor 2.49kΩ 1206 vishay vishay tnpw flight general purpose,2705,0.4702
R 2.8k 1206 0.1% Vishay TNPW,2.8kΩ,C2093276,Extended,TNPW12062K80BEEA,Vishay,Vishay TNPW,1206,0.1%,400mW,200V,,,,,±25ppm/°C,E96,Flight,General Purpose,Device:R,Resistor_SMD:R_1206_3216Metric,https://wmsc.lcsc.com/wmsc/upload/file/pdf/v2/lcsc/2304140030_Vishay-Intertech-TNPW12062K80BEEA_C2093276.pdf,https://www.lcsc.com/product-detail/chip-resistor-surface-mount_vishay-intertech-tnpw12062k80beea_C2093276.html,"Resistor 2.8kΩ 0.1% 400mW 1206 High Stability Thin Film Flat Chip Resistors (TNPW e3), Vishay TNPW12062K80BEEA (Flight, LCSC Extended)",resistor 2.8kΩ 1206 vishay vishay tnpw flight general purpose,162,1.059
R 3k 1206 0.1% Vishay TNPW,3kΩ,C2090272,Extended,TNPW12063K00BEEA,Vishay,Vishay TNPW,1206,0.1%,400mW,200V,,,,,±25ppm/°C,E24,Flight,General Purpose,Device:R,Resistor_SMD:R_1206_3216Metric,https://wmsc.lcsc.com/wmsc/upload/file/pdf/v2/lcsc/2304140030_Vishay-Intertech-TNPW12063K00BEEA_C2090272.pdf,https://www.lcsc.com/product-detail/chip-resistor-surface-mount_vishay-intertech-tnpw12063k00beea_C2090272.html,"Resistor 3kΩ 0.1% 400mW 1206 High Stability Thin Film Flat Chip Resistors (TNPW e3), Vishay TNPW12063K00BEEA (Flight, LCSC Extended)",resistor 3kΩ 1206 vishay vishay tnpw flight general purpose,29,0.4555
R 3.24k 1206 0.1% Vishay TNPW,3.24kΩ,C1724606,Extended,TNPW12063K24BEEN,Vishay,Vishay TNPW,1206,0.1%,400mW,200V,,,,,±25ppm/°C,E96,Flight,General Purpose,Device:R,Resistor_SMD:R_1206_3216Metric,https://wmsc.lcsc.com/wmsc/upload/file/pdf/v2/lcsc/2304140030_Vishay-Intertech-TNPW12063K24BEEN_C1724606.pdf,https://www.lcsc.com/product-detail/chip-resistor-surface-mount_vishay-intertech-tnpw12063k24been_C1724606.html,"Resistor 3.24kΩ 0.1% 400mW 1206 High Stability Thin Film Flat Chip Resistors (TNPW e3), Vishay TNPW12063K24BEEN (Flight, LCSC Extended)",resistor 3.24kΩ 1206 vishay vishay tnpw flight general purpose,1000,0.5938
R 4.02k 1206 0.1% Vishay TNPW,4.02kΩ,C2075976,Extended,TNPW12064K02BEEA,Vishay,Vishay TNPW,1206,0.1%,400mW,200V,,,,,±25ppm/°C,E96,Flight,General Purpose,Device:R,Resistor_SMD:R_1206_3216Metric,https://wmsc.lcsc.com/wmsc/upload/file/pdf/v2/lcsc/2304140030_Vishay-Intertech-TNPW12064K02BEEA_C2075976.pdf,https://www.lcsc.com/product-detail/chip-resistor-surface-mount_vishay-intertech-tnpw12064k02beea_C2075976.html,"Resistor 4.02kΩ 0.1% 400mW 1206 High Stability Thin Film Flat Chip Resistors (TNPW e3), Vishay TNPW12064K02BEEA (Flight, LCSC Extended)",resistor 4.02kΩ 1206 vishay vishay tnpw flight general purpose,8,0.4523
R 4.99k 1206 0.1% Vishay TNPW,4.99kΩ,C844071,Extended,TNPW12064K99BEEA,Vishay,Vishay TNPW,1206,0.1%,400mW,,,,,,±25ppm/°C,E96,Flight,General Purpose,Device:R,Resistor_SMD:R_1206_3216Metric,https://wmsc.lcsc.com/wmsc/upload/file/pdf/v2/lcsc/2210190530_Vishay-Intertech-TNPW12064K99BEEA_C844071.pdf,https://www.lcsc.com/product-detail/chip-resistor-surface-mount_vishay-intertech-tnpw12064k99beea_C844071.html,"Resistor 4.99kΩ 0.1% 400mW 1206 High Stability Thin Film Flat Chip Resistors (TNPW e3), Vishay TNPW12064K99BEEA (Flight, LCSC Extended)",resistor 4.99kΩ 1206 vishay vishay tnpw flight general purpose,7,1.0785
R 5.1k 1206 0.1% Vishay TNPW,5.1kΩ,C844072,Extended,TNPW12065K10BEEA,Vishay,Vishay TNPW,1206,0.1%,400mW,,,,,,±25ppm/°C,E24,Flight,General Purpose,Device:R,Resistor_SMD:R_1206_3216Metric,https://wmsc.lcsc.com/wmsc/upload/file/pdf/v2/lcsc/2210190530_Vishay-Intertech-TNPW12065K10BEEA_C844072.pdf,https://www.lcsc.com/product-detail/chip-resistor-surface-mount_vishay-intertech-tnpw12065k10beea_C844072.html,"Resistor 5.1kΩ 0.1% 400mW 1206 High Stability Thin Film Flat Chip Resistors (TNPW e3), Vishay TNPW12065K10BEEA (Flight, LCSC Extended)",resistor 5.1kΩ 1206 vishay vishay tnpw flight general purpose,166,0.667
R 5.62k 1206 0.1% Vishay TNPW,5.62kΩ,C1724699,Extended,TNPW12065K62BEEN,Vishay,Vishay TNPW,1206,0.1%,400mW,200V,,,,,±25ppm/°C,E96,Flight,General Purpose,Device:R,Resistor_SMD:R_1206_3216Metric,https://wmsc.lcsc.com/wmsc/upload/file/pdf/v2/lcsc/2304140030_Vishay-Intertech-TNPW12065K62BEEN_C1724699.pdf,https://www.lcsc.com/product-detail/chip-resistor-surface-mount_vishay-intertech-tnpw12065k62been_C1724699.html,"Resistor 5.62kΩ 0.1% 400mW 1206 High Stability Thin Film Flat Chip Resistors (TNPW e3), Vishay TNPW12065K62BEEN (Flight, LCSC Extended)",resistor 5.62kΩ 1206 vishay vishay tnpw flight general purpose,883,0.5743
R 6.81k 1206 0.1% Vishay TNPW,6.81kΩ,C4329622,Extended,TNPW12066K81BEEA,Vishay,Vishay TNPW,1206,0.1%,250mW,,,,,,±25ppm/°C,E96,Flight,General Purpose,Device:R,Resistor_SMD:R_1206_3216Metric,https://wmsc.lcsc.com/wmsc/upload/file/pdf/v2/lcsc/2312131155_Vishay-Intertech-TNPW12066K81BEEA_C4329622.pdf,https://www.lcsc.com/product-detail/chip-resistor-surface-mount_vishay-intertech-tnpw12066k81beea_C4329622.html,"Resistor 6.81kΩ 0.1% 250mW 1206 High Stability Thin Film Flat Chip Resistors (TNPW e3), Vishay TNPW12066K81BEEA (Flight, LCSC Extended)",resistor 6.81kΩ 1206 vishay vishay tnpw flight general purpose,30,0.5173
R 8.2k 1206 0.1% Vishay TNPW,8.2kΩ,C2090718,Extended,TNPW12068K20BEEA,Vishay,Vishay TNPW,1206,0.1%,400mW,200V,,,,,±25ppm/°C,E24,Flight,General Purpose,Device:R,Resistor_SMD:R_1206_3216Metric,https://wmsc.lcsc.com/wmsc/upload/file/pdf/v2/lcsc/2304140030_Vishay-Intertech-TNPW12068K20BEEA_C2090718.pdf,https://www.lcsc.com/product-detail/chip-resistor-surface-mount_vishay-intertech-tnpw12068k20beea_C2090718.html,"Resistor 8.2kΩ 0.1% 400mW 1206 High Stability Thin Film Flat Chip Resistors (TNPW e3), Vishay TNPW12068K20BEEA (Flight, LCSC Extended)",resistor 8.2kΩ 1206 vishay vishay tnpw flight general purpose,12,1.0997
R 9.1k 1206 0.1% Vishay TNPW,9.1kΩ,C4009263,Extended,TNPW12069K10BEEA,Vishay,Vishay TNPW,1206,0.1%,250mW,,,,,,±25ppm/°C,E24,Flight,General Purpose,Device:R,Resistor_SMD:R_1206_3216Metric,https://wmsc.lcsc.com/wmsc/upload/file/pdf/v2/lcsc/2312130917_Vishay-Intertech-TNPW12069K10BEEA_C4009263.pdf,https://www.lcsc.com/product-detail/chip-resistor-surface-mount_vishay-intertech-tnpw12069k10beea_C4009263.html,"Resistor 9.1kΩ 0.1% 250mW 1206 High Stability Thin Film Flat Chip Resistors (TNPW e3), Vishay TNPW12069K10BEEA (Flight, LCSC Extended)",resistor 9.1kΩ 1206 vishay vishay tnpw flight general purpose,95,0.641
R 10k 1206 0.1% Vishay TNPW,10kΩ,C844683,Extended,TNPW120610K0BEEA,Vishay,Vishay TNPW,1206,0.1%,400mW,,,,,,±25ppm/°C,E24,Flight,General Purpose,Device:R,Resistor_SMD:R_1206_3216Metric,https://wmsc.lcsc.com/wmsc/upload/file/pdf/v2/lcsc/2210190530_Vishay-Intertech-TNPW120610K0BEEA_C844683.pdf,https://www.lcsc.com/product-detail/chip-resistor-surface-mount_vishay-intertech-tnpw120610k0beea_C844683.html,"Resistor 10kΩ 0.1% 400mW 1206 High Stability Thin Film Flat Chip Resistors (TNPW e3), Vishay TNPW120610K0BEEA (Flight, LCSC Extended)",resistor 10kΩ 1206 vishay vishay tnpw flight general purpose,14243,0.4311
R 11.5k 1206 0.1% Vishay TNPW,11.5kΩ,C1724469,Extended,TNPW120611K5BEEN,Vishay,Vishay TNPW,1206,0.1%,400mW,200V,,,,,±25ppm/°C,E96,Flight,General Purpose,Device:R,Resistor_SMD:R_1206_3216Metric,https://wmsc.lcsc.com/wmsc/upload/file/pdf/v2/lcsc/2304140030_Vishay-Intertech-TNPW120611K5BEEN_C1724469.pdf,https://www.lcsc.com/product-detail/chip-resistor-surface-mount_vishay-intertech-tnpw120611k5been_C1724469.html,"Resistor 11.5kΩ 0.1% 400mW 1206 High Stability Thin Film Flat Chip Resistors (TNPW e3), Vishay TNPW120611K5BEEN (Flight, LCSC Extended)",resistor 11.5kΩ 1206 vishay vishay tnpw flight general purpose,65,0.8378
R 15k 1206 0.1% Vishay TNPW,15kΩ,C844069,Extended,TNPW120615K0BEEA,Vishay,Vishay TNPW,1206,0.1%,400mW,,,,,,±25ppm/°C,E24,Flight,General Purpose,Device:R,Resistor_SMD:R_1206_3216Metric,https://wmsc.lcsc.com/wmsc/upload/file/pdf/v2/lcsc/2210190530_Vishay-Intertech-TNPW120615K0BEEA_C844069.pdf,https://www.lcsc.com/product-detail/chip-resistor-surface-mount_vishay-intertech-tnpw120615k0beea_C844069.html,"Resistor 15kΩ 0.1% 400mW 1206 High Stability Thin Film Flat Chip Resistors (TNPW e3), Vishay TNPW120615K0BEEA (Flight, LCSC Extended)",resistor 15kΩ 1206 vishay vishay tnpw flight general purpose,3553,0.5531
R 16.9k 1206 0.1% Vishay TNPW,16.9kΩ,C1724890,Extended,TNPW120616K9BEEN,Vishay,Vishay TNPW,1206,0.1%,400mW,200V,,,,,±25ppm/°C,E96,Flight,General Purpose,Device:R,Resistor_SMD:R_1206_3216Metric,https://wmsc.lcsc.com/wmsc/upload/file/pdf/v2/lcsc/2304140030_Vishay-Intertech-TNPW120616K9BEEN_C1724890.pdf,https://www.lcsc.com/product-detail/chip-resistor-surface-mount_vishay-intertech-tnpw120616k9been_C1724890.html,"Resistor 16.9kΩ 0.1% 400mW 1206 High Stability Thin Film Flat Chip Resistors (TNPW e3), Vishay TNPW120616K9BEEN (Flight, LCSC Extended)",resistor 16.9kΩ 1206 vishay vishay tnpw flight general purpose,500,1.2461
R 20k 1206 0.1% Vishay TNPW,20kΩ,C844472,Extended,TNPW120620K0BEEA,Vishay,Vishay TNPW,1206,0.1%,400mW,,,,,,±25ppm/°C,E24,Flight,General Purpose,Device:R,Resistor_SMD:R_1206_3216Metric,https://wmsc.lcsc.com/wmsc/upload/file/pdf/v2/lcsc/2210190530_Vishay-Intertech-TNPW120620K0BEEA_C844472.pdf,https://www.lcsc.com/product-detail/chip-resistor-surface-mount_vishay-intertech-tnpw120620k0beea_C844472.html,"Resistor 20kΩ 0.1% 400mW 1206 High Stability Thin Film Flat Chip Resistors (TNPW e3), Vishay TNPW120620K0BEEA (Flight, LCSC Extended)",resistor 20kΩ 1206 vishay vishay tnpw flight general purpose,13,0.776
R 33k 1206 0.1% Vishay TNPW,33kΩ,C2083342,Extended,TNPW120633K0BEEA,Vishay,Vishay TNPW,1206,0.1%,400mW,200V,,,,,±25ppm/°C,E24,Flight,General Purpose,Device:R,Resistor_SMD:R_1206_3216Metric,https://wmsc.lcsc.com/wmsc/upload/file/pdf/v2/lcsc/2304140030_Vishay-Intertech-TNPW120633K0BEEA_C2083342.pdf,https://www.lcsc.com/product-detail/chip-resistor-surface-mount_vishay-intertech-tnpw120633k0beea_C2083342.html,"Resistor 33kΩ 0.1% 400mW 1206 High Stability Thin Film Flat Chip Resistors (TNPW e3), Vishay TNPW120633K0BEEA (Flight, LCSC Extended)",resistor 33kΩ 1206 vishay vishay tnpw flight general purpose,92,0.4572
R 40.2k 1206 0.1% Vishay TNPW,40.2kΩ,C2075965,Extended,TNPW120640K2BEEA,Vishay,Vishay TNPW,1206,0.1%,400mW,200V,,,,,±25ppm/°C,E96,Flight,General Purpose,Device:R,Resistor_SMD:R_1206_3216Metric,https://wmsc.lcsc.com/wmsc/upload/file/pdf/v2/lcsc/2304140030_Vishay-Intertech-TNPW120640K2BEEA_C2075965.pdf,https://www.lcsc.com/product-detail/chip-resistor-surface-mount_vishay-intertech-tnpw120640k2beea_C2075965.html,"Resistor 40.2kΩ 0.1% 400mW 1206 High Stability Thin Film Flat Chip Resistors (TNPW e3), Vishay TNPW120640K2BEEA (Flight, LCSC Extended)",resistor 40.2kΩ 1206 vishay vishay tnpw flight general purpose,166,1.0346
R 47k 1206 0.1% Vishay TNPW,47kΩ,C2090339,Extended,TNPW120647K0BEEA,Vishay,Vishay TNPW,1206,0.1%,400mW,200V,,,,,±25ppm/°C,E24,Flight,General Purpose,Device:R,Resistor_SMD:R_1206_3216Metric,https://wmsc.lcsc.com/wmsc/upload/file/pdf/v2/lcsc/2304140030_Vishay-Intertech-TNPW120647K0BEEA_C2090339.pdf,https://www.lcsc.com/product-detail/chip-resistor-surface-mount_vishay-intertech-tnpw120647k0beea_C2090339.html,"Resistor 47kΩ 0.1% 400mW 1206 High Stability Thin Film Flat Chip Resistors (TNPW e3), Vishay TNPW120647K0BEEA (Flight, LCSC Extended)",resistor 47kΩ 1206 vishay vishay tnpw flight general purpose,5000,0.4572
R 100k 1206 0.1% Vishay TNPW,100kΩ,C844469,Extended,TNPW1206100KBEEA,Vishay,Vishay TNPW,1206,0.1%,400mW,,,,,,±25ppm/°C,E24,Flight,General Purpose,Device:R,Resistor_SMD:R_1206_3216Metric,https://wmsc.lcsc.com/wmsc/upload/file/pdf/v2/lcsc/2210190530_Vishay-Intertech-TNPW1206100KBEEA_C844469.pdf,https://www.lcsc.com/product-detail/chip-resistor-surface-mount_vishay-intertech-tnpw1206100kbeea_C844469.html,"Resistor 100kΩ 0.1% 400mW 1206 High Stability Thin Film Flat Chip Resistors (TNPW e3), Vishay TNPW1206100KBEEA (Flight, LCSC Extended)",resistor 100kΩ 1206 vishay vishay tnpw flight general purpose,11025,0.2738
R 130k 1206 0.1% Vishay TNPW,130kΩ,C2083820,Extended,TNPW1206130KBEEA,Vishay,Vishay TNPW,1206,0.1%,400mW,200V,,,,,±25ppm/°C,E24,Flight,General Purpose,Device:R,Resistor_SMD:R_1206_3216Metric,https://wmsc.lcsc.com/wmsc/upload/file/pdf/v2/lcsc/2304140030_Vishay-Intertech-TNPW1206130KBEEA_C2083820.pdf,https://www.lcsc.com/product-detail/chip-resistor-surface-mount_vishay-intertech-tnpw1206130kbeea_C2083820.html,"Resistor 130kΩ 0.1% 400mW 1206 High Stability Thin Film Flat Chip Resistors (TNPW e3), Vishay TNPW1206130KBEEA (Flight, LCSC Extended)",resistor 130kΩ 1206 vishay vishay tnpw flight general purpose,2,1.7829
R 150k 1206 0.1% Vishay TNPW,150kΩ,C2075934,Extended,TNPW1206150KBEEA,Vishay,Vishay TNPW,1206,0.1%,400mW,200V,,,,,±25ppm/°C,E24,Flight,General Purpose,Device:R,Resistor_SMD:R_1206_3216Metric,https://wmsc.lcsc.com/wmsc/upload/file/pdf/v2/lcsc/2304140030_Vishay-Intertech-TNPW1206150KBEEA_C2075934.pdf,https://www.lcsc.com/product-detail/chip-resistor-surface-mount_vishay-intertech-tnpw1206150kbeea_C2075934.html,"Resistor 150kΩ 0.1% 400mW 1206 High Stability Thin Film Flat Chip Resistors (TNPW e3), Vishay TNPW1206150KBEEA (Flight, LCSC Extended)",resistor 150kΩ 1206 vishay vishay tnpw flight general purpose,3253,0.2945
R 200k 1206 0.1% Vishay TNPW,200kΩ,C3925928,Extended,TNPW1206200KBEEA,Vishay,Vishay TNPW,1206,0.1%,250mW,,,,,,±25ppm/°C,E24,Flight,General Purpose,Device:R,Resistor_SMD:R_1206_3216Metric,https://wmsc.lcsc.com/wmsc/upload/file/pdf/v2/lcsc/2312121708_Vishay-Intertech-TNPW1206200KBEEA_C3925928.pdf,https://www.lcsc.com/product-detail/chip-resistor-surface-mount_vishay-intertech-tnpw1206200kbeea_C3925928.html,"Resistor 200kΩ 0.1% 250mW 1206 High Stability Thin Film Flat Chip Resistors (TNPW e3), Vishay TNPW1206200KBEEA (Flight, LCSC Extended)",resistor 200kΩ 1206 vishay vishay tnpw flight general purpose,8563,0.2309
R 220k 1206 0.1% Vishay TNPW,220kΩ,C4095092,Extended,TNPW1206220KBEEA,Vishay,Vishay TNPW,1206,0.1%,250mW,,,,,,±25ppm/°C,E24,Flight,General Purpose,Device:R,Resistor_SMD:R_1206_3216Metric,https://wmsc.lcsc.com/wmsc/upload/file/pdf/v2/lcsc/2312131003_Vishay-Intertech-TNPW1206220KBEEA_C4095092.pdf,https://www.lcsc.com/product-detail/chip-resistor-surface-mount_vishay-intertech-tnpw1206220kbeea_C4095092.html,"Resistor 220kΩ 0.1% 250mW 1206 High Stability Thin Film Flat Chip Resistors (TNPW e3), Vishay TNPW1206220KBEEA (Flight, LCSC Extended)",resistor 220kΩ 1206 vishay vishay tnpw flight general purpose,199,0.4913
R 221k 1206 0.1% Vishay TNPW,221kΩ,C1854587,Extended,TNPW1206221KBEEN,Vishay,Vishay TNPW,1206,0.1%,400mW,200V,,,,,±25ppm/°C,E96,Flight,General Purpose,Device:R,Resistor_SMD:R_1206_3216Metric,https://wmsc.lcsc.com/wmsc/upload/file/pdf/v2/lcsc/2304140030_Vishay-Intertech-TNPW1206221KBEEN_C1854587.pdf,https://www.lcsc.com/product-detail/chip-resistor-surface-mount_vishay-intertech-tnpw1206221kbeen_C1854587.html,"Resistor 221kΩ 0.1% 400mW 1206 High Stability Thin Film Flat Chip Resistors (TNPW e3), Vishay TNPW1206221KBEEN (Flight, LCSC Extended)",resistor 221kΩ 1206 vishay vishay tnpw flight general purpose,322,1.059
R 249k 1206 0.1% Vishay TNPW,249kΩ,C2073456,Extended,TNPW1206249KBEEA,Vishay,Vishay TNPW,1206,0.1%,400mW,200V,,,,,±25ppm/°C,E96,Flight,General Purpose,Device:R,Resistor_SMD:R_1206_3216Metric,https://wmsc.lcsc.com/wmsc/upload/file/pdf/v2/lcsc/2304140030_Vishay-Intertech-TNPW1206249KBEEA_C2073456.pdf,https://www.lcsc.com/product-detail/chip-resistor-surface-mount_vishay-intertech-tnpw1206249kbeea_C2073456.html,"Resistor 249kΩ 0.1% 400mW 1206 High Stability Thin Film Flat Chip Resistors (TNPW e3), Vishay TNPW1206249KBEEA (Flight, LCSC Extended)",resistor 249kΩ 1206 vishay vishay tnpw flight general purpose,4014,0.7841
R 499k 1206 0.1% Vishay TNPW,499kΩ,C2073405,Extended,TNPW1206499KBEEA,Vishay,Vishay TNPW,1206,0.1%,400mW,200V,,,,,±25ppm/°C,E96,Flight,General Purpose,Device:R,Resistor_SMD:R_1206_3216Metric,https://wmsc.lcsc.com/wmsc/upload/file/pdf/v2/lcsc/2304140030_Vishay-Intertech-TNPW1206499KBEEA_C2073405.pdf,https://www.lcsc.com/product-detail/chip-resistor-surface-mount_vishay-intertech-tnpw1206499kbeea_C2073405.html,"Resistor 499kΩ 0.1% 400mW 1206 High Stability Thin Film Flat Chip Resistors (TNPW e3), Vishay TNPW1206499KBEEA (Flight, LCSC Extended)",resistor 499kΩ 1206 vishay vishay tnpw flight general purpose,2253,0.4881
R 1M 1206 0.1% Vishay TNPW,1MΩ,C511360,Extended,TNPW12061M00BEEA,Vishay,Vishay TNPW,1206,0.1%,400mW,,,,,,±25ppm/°C,E24,Flight,General Purpose,Device:R,Resistor_SMD:R_1206_3216Metric,https://wmsc.lcsc.com/wmsc/upload/file/pdf/v2/lcsc/2210192300_Vishay-Intertech-TNPW12061M00BEEA_C511360.pdf,https://www.lcsc.com/product-detail/chip-resistor-surface-mount_vishay-intertech-tnpw12061m00beea_C511360.html,"Resistor 1MΩ 0.1% 400mW 1206 High Stability Thin Film Flat Chip Resistors (TNPW e3), Vishay TNPW12061M00BEEA (Flight, LCSC Extended)",resistor 1MΩ 1206 vishay vishay tnpw flight general purpose,35807,0.2662
R 1.2M 1206 0.1% Vishay TNPW,1.2MΩ,C3944718,Extended,TNPW12061M20BEEA,Vishay,Vishay TNPW,1206,0.1%,250mW,,,,,,±25ppm/°C,E24,Flight,General Purpose,Device:R,Resistor_SMD:R_1206_3216Metric,https://wmsc.lcsc.com/wmsc/upload/file/pdf/v2/lcsc/2312160124_Vishay-Intertech-TNPW12061M20BEEA_C3944718.pdf,https://www.lcsc.com/product-detail/chip-resistor-surface-mount_vishay-intertech-tnpw12061m20beea_C3944718.html,"Resistor 1.2MΩ 0.1% 250mW 1206 High Stability Thin Film Flat Chip Resistors (TNPW e3), Vishay TNPW12061M20BEEA (Flight, LCSC Extended)",resistor 1.2MΩ 1206 vishay vishay tnpw flight general purpose,5095,0.4669
R 2M 1206 0.1% Vishay TNPW,2MΩ,C1854583,Extended,TNPW12062M00BEEA,Vishay,Vishay TNPW,1206,0.1%,400mW,200V,,,,,±25ppm/°C,E24,Flight,General Purpose,Device:R,Resistor_SMD:R_1206_3216Metric,https://wmsc.lcsc.com/wmsc/upload/file/pdf/v2/lcsc/2304140030_Vishay-Intertech-TNPW12062M00BEEA_C1854583.pdf,https://www.lcsc.com/product-detail/chip-resistor-surface-mount_vishay-intertech-tnpw12062m00beea_C1854583.html,"Resistor 2MΩ 0.1% 400mW 1206 High Stability Thin Film Flat Chip Resistors (TNPW e3), Vishay TNPW12062M00BEEA (Flight, LCSC Extended)",resistor 2MΩ 1206 vishay vishay tnpw flight general purpose,20201,0.153
